CODIGO_RENACYT,author_id,author_name,orcid,topic_principal,subfield_principal,institucion_principal,tipo_institucion,confianza_match,INVESTIGADOR,sexo,rango_edad,nivel,nivel_orden,condicion,REGLAMENTO,anio_calificacion,region,macrozona,pais,n_obras_ia,citas_ia,primer_anio_ia,ultimo_anio_ia,institucion,sector,especialidad
P0000083,https://openalex.org/A5081909500,José Segovia-Juárez,https://orcid.org/0000-0002-3332-5886,Evolutionary Algorithms and Applications,Artificial Intelligence,Universidad Tecnológica de Los Andes,education,alta,"SEGOVIA JUAREZ,JOSE LUIS",Masculino,60 a 69,V,5.0,Activo,Reglamento_2021,2023.0,APURIMAC,Sur andino (Altiplano),PERÚ,1,0,2023,2023,Universidad Tecnológica de Los Andes,Privada,Optimización y metaheurísticas
P0000098,https://openalex.org/A5084039227,Mirko Zimic,https://orcid.org/0000-0002-7203-8847,Digital Imaging for Blood Diseases,Computer Vision and Pattern Recognition,Universidad Peruana Cayetano Heredia,education,media,"ZIMIC PERALTA,MIRKO JUAN",Masculino,50 a 59,Distinguido,0.0,Activo,Reglamento_2021,2023.0,LIMA,Lima y Callao,PERÚ,1,33,2017,2017,Universidad Peruana Cayetano Heredia,Privada,IA en salud
P0000099,https://openalex.org/A5029985123,Néstor Mamani-Macedo,https://orcid.org/0000-0001-8406-0235,Multi-Agent Systems and Negotiation,Artificial Intelligence,Peruvian University of Applied Sciences|National University of San Marcos,education|education,alta,"MAMANI MACEDO,NESTOR ADOLFO",Masculino,60 a 69,VII,7.0,Activo,Reglamento_2021,2024.0,CALLAO,Lima y Callao,PERÚ,1,1,2020,2020,Peruvian University of Applied Sciences|National University of San Marcos,Otro / no clasificado,IA aplicada (otros dominios)
P0000176,https://openalex.org/A5074450364,Luis Vilcahuamán,https://orcid.org/0000-0002-7291-101X,Context-Aware Activity Recognition Systems,Computer Vision and Pattern Recognition,Pontificia Universidad Católica del Perú,education,media,"VILCAHUAMAN CAJACURI,LUIS ALBERTO",Masculino,60 a 69,V,5.0,Activo,Reglamento_2021,2023.0,LIMA,Lima y Callao,PERÚ,1,4,2017,2017,Pontificia Universidad Católica del Perú,Privada,Visión computacional
P0000187,https://openalex.org/A5023001651,Bertha Ulloa Rubio,https://orcid.org/0000-0002-3438-9371,"Logic, Reasoning, and Knowledge|Cognitive Science and Mapping",Artificial Intelligence,Universidad César Vallejo,education,exacta,"ULLOA RUBIO,BERTHA",Femenino,60 a 69,VI,6.0,Activo,Reglamento_2021,2022.0,LA LIBERTAD,Otras regiones,PERÚ,2,0,2019,2019,Universidad César Vallejo,Privada,IA aplicada (otros dominios)
P0000189,https://openalex.org/A5049053102,Hernando Tavera,https://orcid.org/0000-0002-0893-3222,Seismology and Earthquake Studies,Artificial Intelligence,Instituto Geofísico del Perú,government,media,"TAVERA HUARACHE,HERNANDO JHONNY",Masculino,60 a 69,I,1.0,VIGENCIA VENCIDA,Reglamento_2018,2019.0,LIMA,Lima y Callao,PERÚ,8,44,2020,2025,Instituto Geofísico del Perú,Pública,IA aplicada (otros dominios)
P0000198,https://openalex.org/A5036007985,William Ipanaqué,https://orcid.org/0000-0003-4039-4422,Machine Learning and ELM,Artificial Intelligence,University of Piura,education,media,"IPANAQUE ALAMA,WILLIAM",Masculino,60 a 69,III,3.0,Activo,Reglamento_2021,2024.0,PIURA,Otras regiones,PERÚ,1,2,2022,2022,University of Piura,Otro / no clasificado,Aprendizaje automático (general)
P0000213,https://openalex.org/A5082013023,Eladio Ocaña,https://orcid.org/0000-0001-5960-7366,Advanced Vision and Imaging,Computer Vision and Pattern Recognition,National University of Engineering,education,media,"OCAÑA ANAYA,ELADIO TEOFILO",Masculino,50 a 59,III,3.0,Activo,Reglamento_2021,2023.0,LIMA,Lima y Callao,PERÚ,1,0,2019,2019,Universidad Nacional de Ingeniería,Pública,Visión computacional
P0000274,https://openalex.org/A5027699159,Rubén Acosta,https://orcid.org/0000-0003-3470-7277,Context-Aware Activity Recognition Systems,Computer Vision and Pattern Recognition,National University of Engineering,education,media,"ACOSTA JACINTO,RUBEN EUSEBIO",Masculino,50 a 59,VII,7.0,Activo,Reglamento_2021,2023.0,LIMA,Lima y Callao,PERÚ,1,3,2021,2021,Universidad Nacional de Ingeniería,Pública,Visión computacional
P0000275,https://openalex.org/A5042370952,Ricardo Yauri,https://orcid.org/0000-0001-9884-9317,AI in Service Interactions|Context-Aware Activity Recognition Systems|Advanced Neural Network Applications,Computer Vision and Pattern Recognition,National University of San Marcos,education,media,"YAURI RODRIGUEZ,RICARDO",Masculino,40 a 49,IV,4.0,Activo,Reglamento_2021,2024.0,LIMA,Lima y Callao,PERÚ,5,16,2021,2026,Universidad Nacional Mayor de San Marcos,Pública,IA aplicada (otros dominios)
P0000280,https://openalex.org/A5038100415,Milton Ríos Julcapoma,https://orcid.org/0000-0003-1725-7235,Context-Aware Activity Recognition Systems,Computer Vision and Pattern Recognition,National University of Engineering,education,exacta,"RIOS JULCAPOMA,MILTON",Masculino,60 a 69,VII,7.0,Activo,Reglamento_2021,2023.0,LIMA,Lima y Callao,PERÚ,1,3,2021,2021,Universidad Nacional de Ingeniería,Pública,Visión computacional
P0000286,https://openalex.org/A5085151277,Joel Telles,https://orcid.org/0000-0002-1685-2289,Anomaly Detection Techniques and Applications|Video Surveillance and Tracking Methods|Advanced Data Compression Techniques,Computer Vision and Pattern Recognition,National University of Engineering,education,media,"TELLES CASTILLO,JOEL ENYELBER",Masculino,40 a 49,VII,7.0,VIGENCIA VENCIDA,Reglamento_2018,2020.0,LIMA,Lima y Callao,PERÚ,3,33,2019,2020,Universidad Nacional de Ingeniería,Pública,Aprendizaje automático (general)
P0000300,https://openalex.org/A5101270377,Mariano Chuchón Núñez,,Seismology and Earthquake Studies|Advanced Data Compression Techniques,Artificial Intelligence,National University of Engineering,education,exacta,"CHUCHON NUÑEZ,MARIANO",Masculino,40 a 49,V,5.0,VIGENCIA VENCIDA,Reglamento_2018,2019.0,LIMA,Lima y Callao,PERÚ,2,0,2023,2023,Universidad Nacional de Ingeniería,Pública,IA aplicada (otros dominios)
P0000306,https://openalex.org/A5031591043,Guillermo Kemper,https://orcid.org/0000-0002-7800-7769,AI in cancer detection|Currency Recognition and Detection|Advanced Steganography and Watermarking Techniques,Computer Vision and Pattern Recognition,Peruvian University of Applied Sciences,education,media,"KEMPER VASQUEZ,GUILLERMO LEOPOLDO",Masculino,50 a 59,II,2.0,Activo,Reglamento_2021,2024.0,LIMA,Lima y Callao,PERÚ,10,27,2016,2024,Universidad Peruana de Ciencias Aplicadas,Privada,IA en salud
P0000409,https://openalex.org/A5022507103,Nora Bertha La Serna Palomino,https://orcid.org/0000-0002-4292-344X,Face and Expression Recognition|Sentiment Analysis and Opinion Mining|Advanced Software Engineering Methodologies,Computer Vision and Pattern Recognition,National University of San Marcos,education,exacta,"LA SERNA PALOMINO,NORA BERTHA",Femenino,60 a 69,VI,6.0,Activo,Reglamento_2021,2024.0,LIMA,Lima y Callao,PERÚ,6,53,2015,2020,Universidad Nacional Mayor de San Marcos,Pública,Visión computacional
P0000431,https://openalex.org/A5002079263,Joel Rojas Acuña,https://orcid.org/0000-0001-9722-7890,Solar Radiation and Photovoltaics,Artificial Intelligence,National University of San Marcos,education,exacta,"ROJAS ACUÑA,JOEL",Masculino,60 a 69,V,5.0,VIGENCIA VENCIDA,Reglamento_2018,2019.0,LIMA,Lima y Callao,PERÚ,1,0,2021,2021,Universidad Nacional Mayor de San Marcos,Pública,IA aplicada (otros dominios)
P0000466,https://openalex.org/A5021874194,Grimaldo Quispe,https://orcid.org/0000-0001-6168-8935,Video Surveillance and Tracking Methods,Computer Vision and Pattern Recognition,,,media,"QUISPE SANTIVAÑEZ,GRIMALDO WILFREDO",Masculino,50 a 59,IV,4.0,Activo,Reglamento_2021,2024.0,LIMA,Lima y Callao,PERÚ,1,0,2021,2021,Sin afiliación registrada,Sin dato,Visión computacional
P0000566,https://openalex.org/A5101469312,Antonio Morán,https://orcid.org/0000-0001-9059-1446,Reinforcement Learning in Robotics|Robotic Path Planning Algorithms|Neural Networks and Applications,Artificial Intelligence,Pontificia Universidad Católica del Perú,education,media,"MORAN CARDENAS,ANTONIO MANUEL",Masculino,60 a 69,IV,4.0,Activo,Reglamento_2021,2023.0,LIMA,Lima y Callao,PERÚ,7,56,2017,2021,Pontificia Universidad Católica del Perú,Privada,Robótica y control
P0000572,https://openalex.org/A5013581323,Christian del Carpio,https://orcid.org/0000-0002-2137-0786,AI in cancer detection|Digital Imaging for Blood Diseases|Optical measurement and interference techniques,Computer Vision and Pattern Recognition,Peruvian University of Applied Sciences,education,media,"DEL CARPIO DAMIAN,CHRISTIAN CARLOS",Masculino,40 a 49,V,5.0,No registra,Reglamento_2018,2021.0,LIMA,Lima y Callao,PERÚ,4,7,2018,2019,Universidad Peruana de Ciencias Aplicadas,Privada,IA en salud
P0000585,https://openalex.org/A5058494345,Luis Alberto Benites Gutiérrez,https://orcid.org/0000-0002-3263-7837,Organizational and Employee Performance,Artificial Intelligence,National University of Trujillo,education,exacta,"BENITES GUTIERREZ,LUIS ALBERTO",Masculino,60 a 69,V,5.0,Activo,Reglamento_2021,2022.0,LA LIBERTAD,Otras regiones,PERÚ,2,0,2023,2025,Universidad Nacional de Trujillo,Pública,IA aplicada (otros dominios)
P0000688,https://openalex.org/A5048493467,Milton Milcíades Cortez Gutiérrez,https://orcid.org/0000-0003-4939-7734,AI in cancer detection|Intelligent Tutoring Systems and Adaptive Learning,Artificial Intelligence,Universidad Nacional del Callao,education,exacta,"CORTEZ GUTIERREZ,MILTON MILCIADES",Masculino,60 a 69,V,5.0,Activo,Reglamento_2021,2023.0,LA LIBERTAD,Otras regiones,PERÚ,2,0,2024,2024,Universidad Nacional del Callao,Pública,IA en salud
P0000802,https://openalex.org/A5083632668,Joe Alexis González Vásquez,https://orcid.org/0000-0001-7816-0977,Geochemistry and Geologic Mapping,Artificial Intelligence,National University of Trujillo,education,exacta,"GONZALEZ VASQUEZ,JOE ALEXIS",Masculino,50 a 59,VI,6.0,Activo,Reglamento_2021,2024.0,LA LIBERTAD,Otras regiones,PERÚ,4,4,2025,2025,Universidad Nacional de Trujillo,Pública,IA aplicada (otros dominios)
P0001474,https://openalex.org/A5090733268,José Luís Soto,https://orcid.org/0000-0003-0234-9188,Anomaly Detection Techniques and Applications,Artificial Intelligence,National University of San Marcos,education,alta,"SOTO GONZALES,JOSE LUIS",Masculino,40 a 49,V,5.0,Activo,Reglamento_2021,2022.0,CUSCO,Sur andino (Altiplano),PERÚ,1,0,2025,2025,Universidad Nacional Mayor de San Marcos,Pública,Aprendizaje automático (general)
P0001482,https://openalex.org/A5067501097,Isaac Ocampo Yahuarcani,https://orcid.org/0000-0002-5235-9387,Anomaly Detection Techniques and Applications,Artificial Intelligence,Universidad Nacional de la Amazonía Peruana,education,exacta,"OCAMPO YAHUARCANI,ISAAC",Masculino,40 a 49,V,5.0,VIGENCIA VENCIDA,Reglamento_2018,2019.0,LORETO,Otras regiones,PERÚ,1,4,2019,2019,Universidad Nacional de la Amazonía Peruana,Pública,Aprendizaje automático (general)
P0001509,https://openalex.org/A5073722380,Odón R. Sánchez-Ccoyllo,https://orcid.org/0000-0002-1202-8516,Solar Radiation and Photovoltaics,Artificial Intelligence,Universidad Nacional Tecnológica de Lima Sur,education,alta,"SANCHEZ CCOYLLO,ODON ROMAN",Masculino,50 a 59,II,2.0,Activo,Reglamento_2021,2022.0,LIMA,Lima y Callao,PERÚ,1,0,2026,2026,Universidad Nacional Tecnológica de Lima Sur,Pública,IA aplicada (otros dominios)
P0001601,https://openalex.org/A5050716060,Celina Luízar Obregón,https://orcid.org/0000-0001-9340-9478,Currency Recognition and Detection,Computer Vision and Pattern Recognition,National University of Saint Anthony the Abbot in Cuzco|Ministry of Culture,education|government,exacta,"LUIZAR OBREGON,CELINA",Femenino,50 a 59,V,5.0,Activo,Reglamento_2021,2023.0,CUSCO,Sur andino (Altiplano),PERÚ,1,11,2018,2018,National University of Saint Anthony the Abbot in Cuzco|Ministry of Culture,Otro / no clasificado,Visión computacional
P0001725,https://openalex.org/A5103800763,Sixto G. Prado,,Robotic Path Planning Algorithms,Computer Vision and Pattern Recognition,Antenor Orrego Private University,education,media,"PRADO GARDINI,SIXTO RICARDO",Masculino,50 a 59,VI,6.0,Activo,Reglamento_2021,2023.0,LA LIBERTAD,Otras regiones,PERÚ,1,6,2017,2017,Antenor Orrego Private University,Otro / no clasificado,Robótica y control
P0001739,https://openalex.org/A5026005839,Edilberto Vásquez,https://orcid.org/0000-0003-0413-1625,Target Tracking and Data Fusion in Sensor Networks,Artificial Intelligence,University of Piura,education,media,"VASQUEZ DIAZ,EDILBERTO HORACIO",Masculino,50 a 59,V,5.0,Activo,Reglamento_2021,2023.0,PIURA,Otras regiones,PERÚ,1,0,2015,2015,University of Piura,Otro / no clasificado,IA aplicada (otros dominios)
P0001864,https://openalex.org/A5052420815,Luis Miguel Romero Echevarría,https://orcid.org/0000-0002-1693-2115,Digital Imaging for Blood Diseases,Computer Vision and Pattern Recognition,Universidad Nacional Tecnológica de Lima Sur,education,exacta,"ROMERO ECHEVARRIA,LUIS MIGUEL",Masculino,60 a 69,VI,6.0,Activo,Reglamento_2021,2023.0,LIMA,Lima y Callao,PERÚ,1,0,2025,2025,Universidad Nacional Tecnológica de Lima Sur,Pública,IA en salud
P0001929,https://openalex.org/A5089222801,Cesar Delgado,https://orcid.org/0000-0003-3048-6841,Image Enhancement Techniques,Computer Vision and Pattern Recognition,Universidad de Ingeniería y Tecnología,education,media,"DELGADO VASQUEZ,CESAR AUGUSTO",Masculino,50 a 59,V,5.0,Activo,Reglamento_2021,2023.0,LORETO,Otras regiones,PERÚ,1,0,2022,2022,Universidad de Ingeniería y Tecnología,Privada,Visión computacional
P0002025,https://openalex.org/A5072410858,Patricia Sheen,https://orcid.org/0000-0002-7118-9301,Digital Imaging for Blood Diseases,Computer Vision and Pattern Recognition,Universidad Peruana Cayetano Heredia,education,media,"SHEEN CORTAVARRIA,PATRICIA",Femenino,50 a 59,I,1.0,VIGENCIA VENCIDA,Reglamento_2018,2019.0,LIMA,Lima y Callao,PERÚ,1,33,2017,2017,Universidad Peruana Cayetano Heredia,Privada,IA en salud
P0002187,https://openalex.org/A5052605971,Guillermo Baldwin-Olguin,https://orcid.org/0000-0003-4098-668X,Optical measurement and interference techniques,Computer Vision and Pattern Recognition,Pontificia Universidad Católica del Perú,education,alta,"BALDWIN OLGUIN,GUILLERMO EDMUNDO",Masculino,70 a 79,V,5.0,VIGENCIA VENCIDA,Reglamento_2018,2019.0,LIMA,Lima y Callao,PERÚ,1,0,2016,2016,Pontificia Universidad Católica del Perú,Privada,IA aplicada (otros dominios)
P0002204,https://openalex.org/A5002002590,Carlos Silva-Cárdenas,https://orcid.org/0000-0003-4653-0915,Cryptographic Implementations and Security,Artificial Intelligence,Pontificia Universidad Católica del Perú,education,alta,"SILVA CARDENAS,CARLOS BERNARDINO",Masculino,60 a 69,III,3.0,VIGENCIA VENCIDA,Reglamento_2018,2019.0,LIMA,Lima y Callao,PERÚ,4,27,2018,2021,Pontificia Universidad Católica del Perú,Privada,IA aplicada (otros dominios)
P0002286,https://openalex.org/A5069765158,David Mauricio,https://orcid.org/0000-0001-9262-626X,AI in Service Interactions|Imbalanced Data Classification Techniques|Bayesian Modeling and Causal Inference,Artificial Intelligence,National University of San Marcos,education,media,"MAURICIO SANCHEZ,DAVID SANTOS",Masculino,50 a 59,I,1.0,Activo,Reglamento_2021,2023.0,LIMA,Lima y Callao,PERÚ,16,169,2017,2026,Universidad Nacional Mayor de San Marcos,Pública,IA aplicada (otros dominios)
P0002326,https://openalex.org/A5016657499,Miguel Quiliano,https://orcid.org/0000-0002-6777-2529,Digital Imaging for Blood Diseases,Computer Vision and Pattern Recognition,Universidad Peruana Cayetano Heredia,education,media,"QUILIANO MEZA,MIGUEL ANGEL",Masculino,40 a 49,II,2.0,Activo,Reglamento_2021,2023.0,LIMA,Lima y Callao,PERÚ,1,33,2017,2017,Universidad Peruana Cayetano Heredia,Privada,IA en salud
P0002354,https://openalex.org/A5057003269,Augusto E. Bernuy,https://orcid.org/0000-0003-4117-3728,AI in cancer detection,Artificial Intelligence,National University of San Marcos,education,media,"BERNUY ALVA,AUGUSTO ERNESTO",Masculino,60 a 69,VI,6.0,Activo,Reglamento_2021,2022.0,LIMA,Lima y Callao,PERÚ,1,0,2024,2024,Universidad Nacional Mayor de San Marcos,Pública,IA en salud
P0002415,https://openalex.org/A5055289440,Javier Tejada-Cárcamo,https://orcid.org/0000-0003-2204-7371,Topic Modeling|Semantic Web and Ontologies,Artificial Intelligence,Universidad Católica San Pablo,education,alta,"TEJADA CARCAMO,JAVIER LEANDRO",Masculino,40 a 49,V,5.0,VIGENCIA VENCIDA,Reglamento_2018,2019.0,AREQUIPA,Otras regiones,PERÚ,2,8,2015,2018,Universidad Católica San Pablo,Privada,PLN (NLP)
P0002451,https://openalex.org/A5103103773,Marco A. Zamalloa Jara,https://orcid.org/0000-0002-7216-4659,Solar Radiation and Photovoltaics|Currency Recognition and Detection,Artificial Intelligence,National University of Saint Anthony the Abbot in Cuzco|Pontificia Universidad Católica del Perú,education|education,alta,"ZAMALLOA JARA,MARCO ANTONIO",Masculino,50 a 59,VI,6.0,Activo,Reglamento_2021,2024.0,CUSCO,Sur andino (Altiplano),PERÚ,3,22,2018,2024,National University of Saint Anthony the Abbot in Cuzco|Pontificia Universidad Católica del Perú,Privada,IA aplicada (otros dominios)
P0002511,https://openalex.org/A5084645209,Manuel J. Ibarra,https://orcid.org/0000-0001-6711-4916,AI-based Problem Solving and Planning|Augmented Reality Applications|Data Visualization and Analytics,Computer Vision and Pattern Recognition,Universidad Nacional Micaela Bastidas de Apurimac,education,media,"IBARRA CABRERA,MANUEL JESUS",Masculino,50 a 59,IV,4.0,Activo,Reglamento_2021,2023.0,APURIMAC,Sur andino (Altiplano),PERÚ,4,9,2016,2021,Universidad Nacional Micaela Bastidas de Apurimac,Pública,IA aplicada (otros dominios)
P0002614,https://openalex.org/A5063397272,Edward Carpio,https://orcid.org/0000-0002-8024-4333,Geochemistry and Geologic Mapping,Artificial Intelligence,National University of Engineering,education,media,"CARPIO DEZA,EDWARD ARSENIO",Masculino,50 a 59,VI,6.0,VIGENCIA VENCIDA,Reglamento_2018,2019.0,LIMA,Lima y Callao,PERÚ,1,0,2019,2019,Universidad Nacional de Ingeniería,Pública,IA aplicada (otros dominios)
P0002869,https://openalex.org/A5055666707,Celso De La Cruz,https://orcid.org/0000-0002-0762-4612,Evolutionary Algorithms and Applications,Artificial Intelligence,Pontificia Universidad Católica del Perú,education,media,"DE LA CRUZ CASAÑO,CELSO",Masculino,50 a 59,IV,4.0,Activo,Reglamento_2021,2023.0,LIMA,Lima y Callao,PERÚ,1,0,2024,2024,Pontificia Universidad Católica del Perú,Privada,Optimización y metaheurísticas
P0003026,https://openalex.org/A5019368709,Juan José Milón Guzmán,https://orcid.org/0000-0001-7271-0931,Solar Radiation and Photovoltaics,Artificial Intelligence,Universidad Tecnológica del Perú,education,exacta,"MILON GUZMAN,JUAN JOSE",Masculino,50 a 59,IV,4.0,Activo,Reglamento_2021,2023.0,AREQUIPA,Otras regiones,PERÚ,1,2,2025,2025,Universidad Tecnológica del Perú,Privada,IA aplicada (otros dominios)
P0003107,https://openalex.org/A5066609564,Yamina Silva,https://orcid.org/0000-0003-0653-0224,Solar Radiation and Photovoltaics,Artificial Intelligence,Instituto Geofísico del Perú,government,media,"SILVA VIDAL DE MILLONES,FEY YAMINA",Femenino,50 a 59,II,2.0,No registra,Reglamento_2018,2021.0,LIMA,Lima y Callao,PERÚ,1,0,2024,2024,Instituto Geofísico del Perú,Pública,IA aplicada (otros dominios)
P0003128,https://openalex.org/A5035850877,Pablo Raul Yanyachi,https://orcid.org/0000-0001-5398-1461,Geochemistry and Geologic Mapping|Advanced Image and Video Retrieval Techniques,Artificial Intelligence,Universidad Nacional de San Agustin de Arequipa,education,alta,"YANYACHI ACO CARDENAS,PABLO RAUL",Masculino,60 a 69,III,3.0,Activo,Reglamento_2021,2023.0,AREQUIPA,Otras regiones,PERÚ,2,1,2019,2024,Universidad Nacional de San Agustín de Arequipa,Pública,IA aplicada (otros dominios)
P0003177,https://openalex.org/A5007336559,Santiago Pastor-Soplin,https://orcid.org/0000-0001-7109-417X,Geochemistry and Geologic Mapping,Artificial Intelligence,National University of San Marcos,education,alta,"PASTOR SOPLIN,SANTIAGO HILARION",Masculino,60 a 69,V,5.0,VIGENCIA VENCIDA,Reglamento_2018,2020.0,LIMA,Lima y Callao,PERÚ,1,0,2017,2017,Universidad Nacional Mayor de San Marcos,Pública,IA aplicada (otros dominios)
P0003191,https://openalex.org/A5072958662,Lía Ramos-Fernández,https://orcid.org/0000-0003-3946-7188,Geochemistry and Geologic Mapping,Artificial Intelligence,Universidad Nacional Agraria La Molina,education,exacta,"RAMOS FERNANDEZ,LIA",Femenino,50 a 59,II,2.0,Activo,Reglamento_2021,2024.0,LIMA,Lima y Callao,PERÚ,1,4,2025,2025,Universidad Nacional Agraria La Molina,Pública,IA aplicada (otros dominios)
P0003204,https://openalex.org/A5047924581,Julio Tafur Sotelo,https://orcid.org/0000-0003-3415-1969,Fuzzy Logic and Control Systems,Artificial Intelligence,Pontificia Universidad Católica del Perú,education,alta,"TAFUR SOTELO,JULIO CESAR",Masculino,60 a 69,V,5.0,Activo,Reglamento_2021,2023.0,LIMA,Lima y Callao,PERÚ,5,0,2023,2026,Pontificia Universidad Católica del Perú,Privada,Robótica y control
P0003217,https://openalex.org/A5037917300,Henry Juárez,https://orcid.org/0000-0002-8535-7089,Semantic Web and Ontologies,Artificial Intelligence,International Potato Center,facility,media,"JUAREZ SOTO,HENRY SAUL",Masculino,50 a 59,IV,4.0,Activo,Reglamento_2021,2023.0,LIMA,Lima y Callao,PERÚ,1,9,2020,2020,International Potato Center,Otro / no clasificado,Web semántica y ontologías
P0003230,https://openalex.org/A5072277466,Anieval Cirilo Peña-Rojas,https://orcid.org/0000-0001-9853-7532,Solar Radiation and Photovoltaics,Artificial Intelligence,Universidad Continental,education,exacta,"PEÑA ROJAS,ANIEVAL CIRILO",Masculino,60 a 69,V,5.0,Activo,Reglamento_2021,2023.0,LIMA,Lima y Callao,PERÚ,2,7,2022,2024,Universidad Continental,Privada,IA aplicada (otros dominios)
P0003304,https://openalex.org/A5024080924,Bertha Silvana Vera Barrios,https://orcid.org/0000-0002-6411-8361,Geochemistry and Geologic Mapping,Artificial Intelligence,Universidad Nacional de Moquegua,education,exacta,"VERA BARRIOS,BERTHA SILVANA",Femenino,50 a 59,IV,4.0,Activo,Reglamento_2021,2024.0,RESIDE EN EXTRANJERO,Extranjero / no registra,MEXICO,1,4,2025,2025,Universidad Nacional de Moquegua,Pública,IA aplicada (otros dominios)
P0003346,https://openalex.org/A5010476838,Regina Ticona-Herrera,https://orcid.org/0000-0002-2605-5718,Semantic Web and Ontologies,Artificial Intelligence,Universidad Católica San Pablo,education,alta,"TICONA HERRERA,REGINA PAOLA",Femenino,40 a 49,V,5.0,Activo,Reglamento_2021,2024.0,AREQUIPA,Otras regiones,PERÚ,4,40,2015,2022,Universidad Católica San Pablo,Privada,Web semántica y ontologías
P0003347,https://openalex.org/A5057302156,Alberto M. Coronado,https://orcid.org/0000-0002-2529-8478,Anomaly Detection Techniques and Applications|Topic Modeling,Artificial Intelligence,Universidad Nacional Tecnológica de Lima Sur,education,media,"CORONADO MATUTTI,ALBERTO",Masculino,50 a 59,III,3.0,Activo,Reglamento_2021,2024.0,LIMA,Lima y Callao,PERÚ,2,18,2018,2021,Universidad Nacional Tecnológica de Lima Sur,Pública,Aprendizaje automático (general)
P0003361,https://openalex.org/A5147401387,Felipe de Mendiburu,,Data Analysis with R,Artificial Intelligence,Universidad Nacional Agraria La Molina,education,media,"DE MENDIBURU DELGADO,FELIPE",Masculino,70 a 79,IV,4.0,Activo,Reglamento_2021,2022.0,LIMA,Lima y Callao,PERÚ,1,0,2026,2026,Universidad Nacional Agraria La Molina,Pública,IA aplicada (otros dominios)
P0003365,https://openalex.org/A5001594287,Dionicia Gamboa,https://orcid.org/0000-0002-1420-7729,Digital Imaging for Blood Diseases,Computer Vision and Pattern Recognition,Universidad Peruana Cayetano Heredia,education,media,"GAMBOA VILELA,DIONICIA BAZILIZA",Femenino,50 a 59,Distinguido,0.0,Activo,Reglamento_2021,2023.0,LIMA,Lima y Callao,PERÚ,2,171,2018,2021,Universidad Peruana Cayetano Heredia,Privada,IA en salud
P0003546,https://openalex.org/A5063641799,Abraham Dávila,https://orcid.org/0000-0003-2455-9768,Solar Radiation and Photovoltaics,Artificial Intelligence,Pontificia Universidad Católica del Perú,education,media,"DÁVILA RAMÓN,ABRAHAM ELISEO",Masculino,50 a 59,III,3.0,Activo,Reglamento_2021,2023.0,LIMA,Lima y Callao,PERÚ,1,0,2023,2023,Pontificia Universidad Católica del Perú,Privada,IA aplicada (otros dominios)
P0003715,https://openalex.org/A5079925082,Orlando Macedo,https://orcid.org/0000-0002-9944-7990,Seismology and Earthquake Studies,Artificial Intelligence,Universidad Nacional de San Agustin de Arequipa|Instituto Geofísico del Perú,education|government,media,"MACEDO SANCHEZ,ORLANDO",Masculino,60 a 69,II,2.0,Activo,Reglamento_2021,2022.0,AREQUIPA,Otras regiones,PERÚ,3,243,2017,2018,Universidad Nacional de San Agustin de Arequipa|Instituto Geofísico del Perú,Pública,IA aplicada (otros dominios)
P0003731,https://openalex.org/A5027275332,Richard Dyer,https://orcid.org/0000-0002-7881-4747,AI in cancer detection,Artificial Intelligence,EsSALUD,other,media,"DYER VELARDE ALVAREZ,RICHARD RODRIGO",Masculino,60 a 69,VII,7.0,VIGENCIA VENCIDA,Reglamento_2018,2019.0,LIMA,Lima y Callao,PERÚ,1,15,2016,2016,EsSALUD,Otro / no clasificado,IA en salud
P0003803,https://openalex.org/A5077982001,Efraín Mayhua-López,https://orcid.org/0000-0003-2072-3209,Seismology and Earthquake Studies,Artificial Intelligence,Universidad Católica San Pablo,education,alta,"MAYHUA LOPEZ,EFRAIN TITO",Masculino,40 a 49,V,5.0,Activo,Reglamento_2021,2022.0,AREQUIPA,Otras regiones,PERÚ,1,3,2024,2024,Universidad Católica San Pablo,Privada,IA aplicada (otros dominios)
P0003896,https://openalex.org/A5017304167,Pedro Freddy Huamaní Navarrete,https://orcid.org/0000-0002-3753-9777,Fuzzy Logic and Control Systems|Robotic Path Planning Algorithms,Artificial Intelligence,Universidad Ricardo Palma,education,exacta,"HUAMANI NAVARRETE,PEDRO FREDDY",Masculino,50 a 59,VI,6.0,Activo,Reglamento_2021,2022.0,LIMA,Lima y Callao,PERÚ,2,5,2017,2017,Universidad Ricardo Palma,Privada,Robótica y control
P0003909,https://openalex.org/A5028781249,Martin M. Soto-Cordova,https://orcid.org/0000-0002-9620-0562,Augmented Reality Applications|Image and Video Quality Assessment,Computer Vision and Pattern Recognition,Universidad de Ciencias y Humanidades,education,alta,"SOTO CORDOVA,MARTIN MOISES",Masculino,60 a 69,VI,6.0,Activo,Reglamento_2021,2022.0,LIMA,Lima y Callao,PERÚ,2,17,2019,2021,Universidad de Ciencias y Humanidades,Privada,Visión computacional
P0004091,https://openalex.org/A5025491879,Jimmy Aurelio Rosales-Huamaní,https://orcid.org/0000-0002-3737-8694,Semantic Web and Ontologies|Neural Networks and Applications|Seismology and Earthquake Studies,Artificial Intelligence,National University of Engineering,education,exacta,"ROSALES HUAMANI,JIMMY AURELIO",Masculino,60 a 69,III,3.0,Activo,Reglamento_2021,2024.0,LIMA,Lima y Callao,PERÚ,11,23,2015,2026,Universidad Nacional de Ingeniería,Pública,Web semántica y ontologías
P0004116,https://openalex.org/A5076855100,Lilia Lucy Campos Cornejo,https://orcid.org/0000-0003-0423-4704,Privacy-Preserving Technologies in Data,Artificial Intelligence,Universidad Nacional Hermilio Valdizán,education,exacta,"CAMPOS CORNEJO,LILIA LUCY",Femenino,60 a 69,VI,6.0,Activo,Reglamento_2021,2024.0,HUANUCO,Otras regiones,PERÚ,1,31,2023,2023,Universidad Nacional Hermilio Valdizán,Pública,IA aplicada (otros dominios)
P0004139,https://openalex.org/A5022663438,Alexi Delgado,https://orcid.org/0000-0003-0470-8535,Cognitive Science and Mapping|Solar Radiation and Photovoltaics|Geochemistry and Geologic Mapping,Artificial Intelligence,Pontificia Universidad Católica del Perú,education,media,"DELGADO VILLANUEVA,KIKO ALEXI",Masculino,50 a 59,Distinguido,0.0,Activo,Reglamento_2021,2023.0,LIMA,Lima y Callao,PERÚ,3,16,2016,2022,Pontificia Universidad Católica del Perú,Privada,IA aplicada (otros dominios)
P0004269,https://openalex.org/A5060924673,Jorge Rubén Hilario-Cárdenas,,Sentiment Analysis and Opinion Mining,Artificial Intelligence,Universidad Nacional Hermilio Valdizán,education,exacta,"HILARIO CARDENAS,JORGE RUBEN",Masculino,60 a 69,III,3.0,VIGENCIA VENCIDA,Reglamento_2018,2021.0,HUANUCO,Otras regiones,PERÚ,1,3,2021,2021,Universidad Nacional Hermilio Valdizán,Pública,PLN (NLP)
P0004277,https://openalex.org/A5039708638,Olger Gutiérrez-Aguilar,https://orcid.org/0000-0002-6657-7529,AI in Service Interactions,Artificial Intelligence,Universidad Nacional de San Agustin de Arequipa,education,alta,"GUTIERREZ AGUILAR,OLGER ALBINO",Masculino,60 a 69,IV,4.0,Activo,Reglamento_2021,2023.0,AREQUIPA,Otras regiones,PERÚ,1,0,2026,2026,Universidad Nacional de San Agustín de Arequipa,Pública,IA aplicada (otros dominios)
P0004347,https://openalex.org/A5088283310,Alberto Carlos Mendoza de los Santos,https://orcid.org/0000-0002-0469-915X,"Security and Verification in Computing|Law, AI, and Intellectual Property|Privacy-Preserving Technologies in Data",Artificial Intelligence,National University of Trujillo,education,exacta,"MENDOZA DE LOS SANTOS,ALBERTO CARLOS",Masculino,50 a 59,VI,6.0,Activo,Reglamento_2021,2023.0,LA LIBERTAD,Otras regiones,PERÚ,8,1,2023,2026,Universidad Nacional de Trujillo,Pública,IA aplicada (otros dominios)
P0004409,https://openalex.org/A5041617152,Yván Jesús Túpac Valdivia,https://orcid.org/0000-0002-7279-3105,Fuzzy Logic and Control Systems|Evolutionary Algorithms and Applications|Metaheuristic Optimization Algorithms Research,Artificial Intelligence,Universidad Católica San Pablo,education,exacta,"TUPAC VALDIVIA,YVAN JESUS",Masculino,50 a 59,V,5.0,Activo,Reglamento_2021,2023.0,AREQUIPA,Otras regiones,PERÚ,3,16,2016,2016,Universidad Católica San Pablo,Privada,Robótica y control
P0004410,https://openalex.org/A5012163643,Julio Santisteban,https://orcid.org/0000-0002-7018-1973,Chaos-based Image/Signal Encryption|Topic Modeling|Natural Language Processing Techniques,Artificial Intelligence,Universidad Católica San Pablo,education,media,"SANTISTEBAN PABLO,JULIO OMAR",Masculino,50 a 59,VI,6.0,Activo,Reglamento_2021,2022.0,AREQUIPA,Otras regiones,PERÚ,4,11,2015,2026,Universidad Católica San Pablo,Privada,Visión computacional
P0004624,https://openalex.org/A5084293431,Nemecio NUÑEZ-ROJAS,,AI in Service Interactions,Artificial Intelligence,Universidad San Ignacio de Loyola,education,exacta,"NUÑEZ ROJAS,NEMECIO",Masculino,50 a 59,V,5.0,Activo,Reglamento_2021,2023.0,LIMA,Lima y Callao,PERÚ,1,0,2026,2026,Universidad San Ignacio de Loyola,Privada,IA aplicada (otros dominios)
P0004722,https://openalex.org/A5099734026,Javier Jesús Cardenas Tenorio,,Intelligent Tutoring Systems and Adaptive Learning,Artificial Intelligence,Universidad Nacional del Callao,education,exacta,"CARDENAS TENORIO,JAVIER JESUS",Masculino,50 a 59,VII,7.0,Activo,Reglamento_2021,2022.0,LIMA,Lima y Callao,PERÚ,1,0,2024,2024,Universidad Nacional del Callao,Pública,IA en educación
P0004757,https://openalex.org/A5080019016,Hugo D. Calderon-Vilca,https://orcid.org/0000-0002-1177-4947,Anomaly Detection Techniques and Applications|Seismology and Earthquake Studies|Augmented Reality Applications,Artificial Intelligence,National University of San Marcos,education,alta,"CALDERON VILCA,HUGO DAVID",Masculino,50 a 59,IV,4.0,Activo,Reglamento_2021,2023.0,LIMA,Lima y Callao,PERÚ,4,6,2019,2026,Universidad Nacional Mayor de San Marcos,Pública,Aprendizaje automático (general)
P0004834,https://openalex.org/A5037101545,Bartolomé Saénz,https://orcid.org/0000-0002-8664-8574,Solar Radiation and Photovoltaics,Artificial Intelligence,Los Andes Peruvian University|Universidad Nacional del Centro del Perú,education|education,media,"SAENZ LOAYZA,BARTOLOME",Masculino,60 a 69,VI,6.0,Activo,Reglamento_2021,2024.0,JUNIN,Otras regiones,PERÚ,2,3,2023,2023,Los Andes Peruvian University|Universidad Nacional del Centro del Perú,Pública,IA aplicada (otros dominios)
P0004865,https://openalex.org/A5026209865,Flor C. Cárdenas-Mariño,https://orcid.org/0000-0002-1154-6266,Augmented Reality Applications,Computer Vision and Pattern Recognition,Peruvian University of Applied Sciences,education,alta,"CARDENAS MARIÑO,FLOR CAGNIY",Femenino,30 a 39,VII,7.0,Activo,Reglamento_2021,2022.0,LIMA,Lima y Callao,PERÚ,1,3,2019,2019,Universidad Peruana de Ciencias Aplicadas,Privada,Visión computacional
P0004885,https://openalex.org/A5066929247,Ecler Mamani Vilca,https://orcid.org/0000-0002-5205-3660,Anomaly Detection Techniques and Applications|Augmented Reality Applications,Artificial Intelligence,Universidad Nacional Micaela Bastidas de Apurimac,education,exacta,"MAMANI VILCA,ECLER",Masculino,40 a 49,VII,7.0,Activo,Reglamento_2021,2024.0,APURIMAC,Sur andino (Altiplano),PERÚ,2,0,2020,2024,Universidad Nacional Micaela Bastidas de Apurimac,Pública,Aprendizaje automático (general)
P0004886,https://openalex.org/A5112506737,Edwin F. Calderon-Vilca,https://orcid.org/0000-0002-5118-0430,Augmented Reality Applications,Computer Vision and Pattern Recognition,Universidad Nacional del Altiplano,education,alta,"CALDERON VILCA,EDWIN FREDY",Masculino,40 a 49,VI,6.0,VIGENCIA VENCIDA,Reglamento_2018,2021.0,PUNO,Sur andino (Altiplano),PERÚ,1,3,2019,2019,Universidad Nacional del Altiplano (Puno),Pública,Visión computacional
P0004967,https://openalex.org/A5064089367,Oliver Amadeo Vilca Huayta,https://orcid.org/0000-0002-5703-790X,Solar Radiation and Photovoltaics,Artificial Intelligence,Universidad Nacional del Altiplano,education,exacta,"VILCA HUAYTA,OLIVER AMADEO",Masculino,40 a 49,V,5.0,Activo,Reglamento_2021,2023.0,PUNO,Sur andino (Altiplano),PERÚ,1,4,2020,2020,Universidad Nacional del Altiplano (Puno),Pública,IA aplicada (otros dominios)
P0005044,https://openalex.org/A5106530702,Elias Sanabria-Pérez,,Solar Radiation and Photovoltaics,Artificial Intelligence,Universidad Nacional del Centro del Perú,education,alta,"SANABRIA PEREZ,ELIAS ADRIAN",Masculino,40 a 49,VI,6.0,Activo,Reglamento_2021,2023.0,JUNIN,Otras regiones,PERÚ,1,0,2024,2024,Universidad Nacional del Centro del Perú,Pública,IA aplicada (otros dominios)
P0005166,https://openalex.org/A5089757639,Ricardo Soto,https://orcid.org/0000-0002-5755-6929,Metaheuristic Optimization Algorithms Research|Robotic Path Planning Algorithms,Artificial Intelligence,Universidad Científica del Sur,education,media,"SOTO TARAZONA,ALONSO RICARDO",Masculino,50 a 59,Distinguido,0.0,Activo,Reglamento_2021,2022.0,LIMA,Lima y Callao,PERÚ,9,54,2015,2016,Universidad Científica del Sur,Privada,Optimización y metaheurísticas
P0005177,https://openalex.org/A5012780241,Fermin Rafael Cabezas Soldevilla,https://orcid.org/0000-0002-3235-3922,Solar Radiation and Photovoltaics,Artificial Intelligence,National University of Engineering,education,exacta,"CABEZAS SOLDEVILLA,FERMIN RAFAEL",Masculino,70 a 79,VII,7.0,VIGENCIA VENCIDA,Reglamento_2018,2021.0,LIMA,Lima y Callao,PERÚ,1,0,2019,2019,Universidad Nacional de Ingeniería,Pública,IA aplicada (otros dominios)
P0005495,https://openalex.org/A5119152112,Jorge Carlos Valverde-Rebaza,,Privacy-Preserving Technologies in Data,Artificial Intelligence,Universidad San Pedro,education,exacta,"VALVERDE REBAZA,JORGE CARLOS",Masculino,30 a 39,III,3.0,VIGENCIA VENCIDA,Reglamento_2018,2019.0,LIMA,Lima y Callao,PERÚ,1,1,2025,2025,Universidad San Pedro,Privada,IA aplicada (otros dominios)
P0010064,https://openalex.org/A5050125716,Raquel E. Patiño-Escarcina,https://orcid.org/0000-0001-7068-3909,Advanced Clustering Algorithms Research|Robotic Path Planning Algorithms|Advanced Neural Network Applications,Computer Vision and Pattern Recognition,Universidad Católica San Pablo,education,alta,"PATIÑO ESCARCINA,RAQUEL ESPERANZA",Femenino,40 a 49,VI,6.0,Activo,Reglamento_2021,2023.0,AREQUIPA,Otras regiones,PERÚ,6,21,2015,2022,Universidad Católica San Pablo,Privada,Aprendizaje automático (general)
P0010065,https://openalex.org/A5085455064,Dennis Barrios-Aranibar,https://orcid.org/0000-0001-7482-3390,Robotic Path Planning Algorithms|Reinforcement Learning in Robotics|Semantic Web and Ontologies,Computer Vision and Pattern Recognition,Universidad Católica San Pablo,education,exacta,"BARRIOS ARANIBAR,DENNIS",Masculino,40 a 49,IV,4.0,Activo,Reglamento_2021,2022.0,AREQUIPA,Otras regiones,PERÚ,13,40,2015,2024,Universidad Católica San Pablo,Privada,Robótica y control
P0010125,https://openalex.org/A5037032939,Alejandro Saldarriaga,https://orcid.org/0000-0002-7454-7354,Evolutionary Algorithms and Applications,Artificial Intelligence,Pontificia Universidad Católica del Perú,education,media,"FIESTAS SALDARRIAGA,FABIAN ALEJANDRO",Masculino,40 a 49,II,2.0,Activo,Reglamento_2021,2023.0,LIMA,Lima y Callao,PERÚ,1,0,2024,2024,Pontificia Universidad Católica del Perú,Privada,Optimización y metaheurísticas
P0010133,https://openalex.org/A5055738637,Samuel G. Huamán Bustamante,https://orcid.org/0000-0001-5620-2515,Seismology and Earthquake Studies|Video Surveillance and Tracking Methods|Advanced Data Compression Techniques,Artificial Intelligence,National University of Engineering,education,alta,"HUAMAN BUSTAMANTE,SAMUEL GUSTAVO",Masculino,50 a 59,IV,4.0,Activo,Reglamento_2021,2022.0,LIMA,Lima y Callao,PERÚ,4,9,2019,2023,Universidad Nacional de Ingeniería,Pública,IA aplicada (otros dominios)
P0010268,https://openalex.org/A5025408452,María Sofía Cuba-Fuentes,https://orcid.org/0000-0001-7394-7092,AI in Service Interactions,Artificial Intelligence,Universidad Peruana Cayetano Heredia,education,exacta,"CUBA FUENTES,MARÍA SOFÍA",Femenino,40 a 49,IV,4.0,Activo,Reglamento_2021,2023.0,LIMA,Lima y Callao,PERÚ,1,5,2024,2024,Universidad Peruana Cayetano Heredia,Privada,IA aplicada (otros dominios)
P0010275,https://openalex.org/A5009014007,Juancarlos Cruz,https://orcid.org/0000-0003-1169-440X,Geochemistry and Geologic Mapping,Artificial Intelligence,Instituto Nacional de Innovación Agraria|Universidad Nacional Agraria La Molina,government|education,media,"CRUZ LUIS,JUANCARLOS ALEJANDRO",Masculino,40 a 49,VII,7.0,Activo,Reglamento_2021,2023.0,LIMA,Lima y Callao,PERÚ,2,6,2024,2024,Instituto Nacional de Innovación Agraria|Universidad Nacional Agraria La Molina,Pública,IA aplicada (otros dominios)
P0010338,https://openalex.org/A5038540622,Roberto Lavarello,https://orcid.org/0000-0001-8472-5161,Image and Signal Denoising Methods,Computer Vision and Pattern Recognition,Pontificia Universidad Católica del Perú,education,media,"LAVARELLO MONTERO,ROBERTO JANNIEL",Masculino,40 a 49,I,1.0,Activo,Reglamento_2021,2023.0,LIMA,Lima y Callao,PERÚ,3,3,2023,2024,Pontificia Universidad Católica del Perú,Privada,Visión computacional
P0010407,https://openalex.org/A5059294154,Ramzy Kahhat,https://orcid.org/0000-0001-7321-2256,Geochemistry and Geologic Mapping,Artificial Intelligence,Pontificia Universidad Católica del Perú,education,media,"KAHHAT ABEDRABBO,RAMZY FRANCIS",Masculino,40 a 49,Distinguido,0.0,Activo,Reglamento_2021,2022.0,LIMA,Lima y Callao,PERÚ,1,0,2022,2022,Pontificia Universidad Católica del Perú,Privada,IA aplicada (otros dominios)
P0010458,https://openalex.org/A5045910342,Miguel Asmad,https://orcid.org/0000-0001-9007-1694,Optical measurement and interference techniques,Computer Vision and Pattern Recognition,Pontificia Universidad Católica del Perú,education,media,"ASMAD VERGARA,MIGUEL AUGUSTO",Masculino,60 a 69,V,5.0,VIGENCIA VENCIDA,Reglamento_2018,2019.0,LIMA,Lima y Callao,PERÚ,9,63,2015,2026,Pontificia Universidad Católica del Perú,Privada,IA aplicada (otros dominios)
P0010600,https://openalex.org/A5032375704,Gerardo Valencia,https://orcid.org/0000-0002-8453-2922,Computational Physics and Python Applications,Artificial Intelligence,Universidad de Ingeniería y Tecnología,education,media,"DAMONTE VALENCIA,GERARDO HECTOR",Masculino,50 a 59,II,2.0,Activo,Reglamento_2021,2024.0,LIMA,Lima y Callao,PERÚ,1,0,2020,2020,Universidad de Ingeniería y Tecnología,Privada,IA aplicada (otros dominios)
P0010688,https://openalex.org/A5080219051,Gerardo Lamas,https://orcid.org/0000-0002-3664-6730,Digital Imaging for Blood Diseases,Computer Vision and Pattern Recognition,National University of San Marcos,education,media,"LAMAS MÜLLER,GERARDO AMADEO GUILLERMO",Masculino,70 a 79,Distinguido,0.0,Activo,Reglamento_2021,2023.0,LIMA,Lima y Callao,PERÚ,5,3,2021,2021,Universidad Nacional Mayor de San Marcos,Pública,IA en salud
P0010752,https://openalex.org/A5027761031,Francisco Cuellar Cordova,https://orcid.org/0000-0002-6661-5118,Robotic Path Planning Algorithms,Computer Vision and Pattern Recognition,Pontificia Universidad Católica del Perú,education,alta,"CUELLAR CORDOVA,FRANCISCO FABIAN",Masculino,40 a 49,IV,4.0,Activo,Reglamento_2021,2022.0,LIMA,Lima y Callao,PERÚ,2,2,2019,2024,Pontificia Universidad Católica del Perú,Privada,Robótica y control
P0010767,https://openalex.org/A5005849138,Cristian L. Bayes,https://orcid.org/0000-0003-0474-7921,Bayesian Methods and Mixture Models,Artificial Intelligence,Pontificia Universidad Católica del Perú,education,media,"BAYES RODRIGUEZ,CRISTIAN LUIS",Masculino,40 a 49,V,5.0,VIGENCIA VENCIDA,Reglamento_2018,2019.0,LIMA,Lima y Callao,PERÚ,1,12,2018,2018,Pontificia Universidad Católica del Perú,Privada,IA aplicada (otros dominios)
P0010998,https://openalex.org/A5086407032,Guillermo E. Calderón-Ruiz,https://orcid.org/0000-0002-0981-7653,Video Analysis and Summarization,Computer Vision and Pattern Recognition,Catholic University of Santa María,education,alta,"CALDERON RUIZ,GUILLERMO ENRIQUE",Masculino,50 a 59,VII,7.0,Activo,Reglamento_2021,2022.0,AREQUIPA,Otras regiones,PERÚ,1,5,2015,2015,Catholic University of Santa María,Otro / no clasificado,Visión computacional
P0011018,https://openalex.org/A5016051066,Eveling Castro-Gutiérrez,https://orcid.org/0000-0002-0203-041X,Advanced Neural Network Applications|Augmented Reality Applications|Currency Recognition and Detection,Computer Vision and Pattern Recognition,Universidad Nacional de San Agustin de Arequipa,education,alta,"CASTRO GUTIERREZ,EVELING GLORIA",Femenino,50 a 59,III,3.0,Activo,Reglamento_2021,2023.0,AREQUIPA,Otras regiones,PERÚ,9,40,2019,2024,Universidad Nacional de San Agustín de Arequipa,Pública,Redes neuronales / Deep Learning
P0011069,https://openalex.org/A5022681777,Alvaro Mamani-Aliaga,https://orcid.org/0000-0003-3321-8930,Topic Modeling,Artificial Intelligence,Universidad Nacional de San Agustin de Arequipa,education,alta,"MAMANI ALIAGA,ALVARO HENRY",Masculino,40 a 49,IV,4.0,VIGENCIA VENCIDA,Reglamento_2018,2021.0,AREQUIPA,Otras regiones,PERÚ,1,0,2025,2025,Universidad Nacional de San Agustín de Arequipa,Pública,PLN (NLP)
P0011141,https://openalex.org/A5023209130,José Ochoa-Luna,https://orcid.org/0000-0002-8979-3785,Sentiment Analysis and Opinion Mining|Topic Modeling|Hate Speech and Cyberbullying Detection,Artificial Intelligence,Universidad Católica San Pablo,education,alta,"OCHOA LUNA,JOSE EDUARDO",Masculino,40 a 49,V,5.0,Activo,Reglamento_2021,2022.0,AREQUIPA,Otras regiones,PERÚ,14,29,2016,2026,Universidad Católica San Pablo,Privada,PLN (NLP)
P0011196,https://openalex.org/A5101686791,Ricardo Raúl Rodríguez Bustinza,https://orcid.org/0000-0002-6411-7123,Face recognition and analysis,Computer Vision and Pattern Recognition,National University of Engineering,education,exacta,"RODRIGUEZ BUSTINZA,RICARDO RAUL",Masculino,50 a 59,VI,6.0,Activo,Reglamento_2021,2023.0,LIMA,Lima y Callao,PERÚ,1,0,2025,2025,Universidad Nacional de Ingeniería,Pública,Visión computacional
P0011358,https://openalex.org/A5053810049,Alex J. Cuadros-Vargas,https://orcid.org/0000-0001-7358-9002,Advanced Neural Network Applications,Computer Vision and Pattern Recognition,Universidad Católica San Pablo,education,alta,"CUADROS VARGAS,ALEX JESUS",Masculino,40 a 49,VI,6.0,Activo,Reglamento_2021,2023.0,AREQUIPA,Otras regiones,PERÚ,1,0,2019,2019,Universidad Católica San Pablo,Privada,Redes neuronales / Deep Learning
P0011437,https://openalex.org/A5022634404,Juan Guillermo Lazo Lazo,https://orcid.org/0000-0001-7782-118X,Metaheuristic Optimization Algorithms Research,Artificial Intelligence,University of the Pacific,education,exacta,"LAZO LAZO,JUAN GUILLERMO",Masculino,50 a 59,III,3.0,Activo,Reglamento_2021,2023.0,LIMA,Lima y Callao,PERÚ,1,0,2024,2024,University of the Pacific,Otro / no clasificado,Optimización y metaheurísticas
P0011453,https://openalex.org/A5021365054,Jesús Victoria Flores Salazar,https://orcid.org/0000-0002-0036-140X,Computational Physics and Python Applications,Artificial Intelligence,Pontificia Universidad Católica del Perú,education,exacta,"FLORES SALAZAR,JESUS VICTORIA",Femenino,50 a 59,VI,6.0,Activo,Reglamento_2021,2024.0,LIMA,Lima y Callao,PERÚ,1,0,2024,2024,Pontificia Universidad Católica del Perú,Privada,IA aplicada (otros dominios)
P0011470,https://openalex.org/A5021969898,Fernando Sotomayor,,Evolutionary Algorithms and Applications,Artificial Intelligence,National University of Engineering,education,media,"VERGARA SOTOMAYOR,ABEL FERNANDO",Masculino,60 a 69,VII,7.0,VIGENCIA VENCIDA,Reglamento_2018,2021.0,LIMA,Lima y Callao,PERÚ,1,2,2022,2022,Universidad Nacional de Ingeniería,Pública,Optimización y metaheurísticas
P0011554,https://openalex.org/A5061336065,Edgar Ortiz,https://orcid.org/0000-0001-5486-2982,Currency Recognition and Detection,Computer Vision and Pattern Recognition,Universidad Nacional de San Martín,education,media,"ORTIZ TAVARA,JHONNY EDGAR",Masculino,50 a 59,III,3.0,VIGENCIA VENCIDA,Reglamento_2018,2019.0,LA LIBERTAD,Otras regiones,PERÚ,1,0,2022,2022,Universidad Nacional de San Martín,Pública,Visión computacional
P0011580,https://openalex.org/A5039981941,César Chinguel Arrese,https://orcid.org/0000-0002-3118-6675,Advanced Neural Network Applications,Computer Vision and Pattern Recognition,University of Piura,education,alta,"CHINGUEL ARRESE,CESAR ALBERTO",Masculino,60 a 69,VII,7.0,Activo,Reglamento_2021,2023.0,PIURA,Otras regiones,PERÚ,1,0,2024,2024,University of Piura,Otro / no clasificado,Redes neuronales / Deep Learning
P0011716,https://openalex.org/A5041323681,Graciela Meza-Lovon,https://orcid.org/0000-0002-9773-7265,Advanced Neural Network Applications|Handwritten Text Recognition Techniques,Computer Vision and Pattern Recognition,Universidad Católica San Pablo,education,alta,"MEZA LOVON,GRACIELA LECIRETH",Femenino,40 a 49,VII,7.0,Activo,Reglamento_2021,2023.0,AREQUIPA,Otras regiones,PERÚ,3,11,2018,2021,Universidad Católica San Pablo,Privada,Redes neuronales / Deep Learning
P0011766,https://openalex.org/A5043662826,Miguel Núñez-del-Prado,https://orcid.org/0000-0001-7997-1739,Privacy-Preserving Technologies in Data|Anomaly Detection Techniques and Applications|Imbalanced Data Classification Techniques,Artificial Intelligence,University of the Pacific,education,alta,"NUÑEZ DEL PRADO CORTEZ,MIGUEL",Masculino,30 a 39,III,3.0,Activo,Reglamento_2021,2024.0,LIMA,Lima y Callao,PERÚ,13,43,2017,2022,University of the Pacific,Otro / no clasificado,IA aplicada (otros dominios)
P0011794,https://openalex.org/A5053740246,Luis Beltrán Palma Ttito,https://orcid.org/0000-0002-0950-5369,Evolutionary Algorithms and Applications,Artificial Intelligence,National University of Saint Anthony the Abbot in Cuzco,education,exacta,"PALMA TTITO,LUIS BELTRAN",Masculino,50 a 59,VII,7.0,Activo,Reglamento_2021,2024.0,CUSCO,Sur andino (Altiplano),PERÚ,1,2,2021,2021,Universidad Nacional de San Antonio Abad del Cusco,Pública,Optimización y metaheurísticas
P0011830,https://openalex.org/A5068731082,Huerta Carlos,,Solar Radiation and Photovoltaics,Artificial Intelligence,Peruvian University of Applied Sciences,education,media,"LIZARDO HUERTA,JUAN CARLOS",Masculino,40 a 49,IV,4.0,Activo,Reglamento_2021,2022.0,RESIDE EN EXTRANJERO,Extranjero / no registra,FRANCIA,1,1,2019,2019,Universidad Peruana de Ciencias Aplicadas,Privada,IA aplicada (otros dominios)
P0011866,https://openalex.org/A5060590989,Carla Cangalaya,https://orcid.org/0000-0002-3525-8445,Digital Imaging for Blood Diseases,Computer Vision and Pattern Recognition,National University of San Marcos|Universidad Peruana Cayetano Heredia,education|education,media,"CANGALAYA LIRA,CARLA MARCIA",Femenino,30 a 39,III,3.0,Activo,Reglamento_2021,2024.0,RESIDE EN EXTRANJERO,Extranjero / no registra,ALEMANIA,1,33,2017,2017,National University of San Marcos|Universidad Peruana Cayetano Heredia,Privada,IA en salud
P0011929,https://openalex.org/A5013699020,Erik Alex Papa Quiroz,https://orcid.org/0000-0002-8678-6918,Face and Expression Recognition,Computer Vision and Pattern Recognition,National University of San Marcos|Private University of the North,education|education,exacta,"PAPA QUIROZ,ERIK ALEX",Masculino,40 a 49,II,2.0,Activo,Reglamento_2021,2023.0,LIMA,Lima y Callao,PERÚ,2,44,2020,2021,National University of San Marcos|Private University of the North,Otro / no clasificado,Visión computacional
P0011975,https://openalex.org/A5066336669,Héctor Bedón,https://orcid.org/0000-0001-7231-4795,Advanced Neural Network Applications,Computer Vision and Pattern Recognition,Universidad de Lima,education,media,"BEDON MONZON,HECTOR MANUEL",Masculino,50 a 59,V,5.0,VIGENCIA VENCIDA,Reglamento_2018,2019.0,LIMA,Lima y Callao,PERÚ,1,1,2021,2021,Universidad de Lima,Privada,Redes neuronales / Deep Learning
P0012021,https://openalex.org/A5091596813,Dimitri Gutiérrez,https://orcid.org/0000-0001-5443-6924,Advanced Computational Techniques and Applications|Geochemistry and Geologic Mapping,Artificial Intelligence,Instituto del Mar del Peru,government,media,"GUTIERREZ AGUILAR,DIMITRI ALEXEY",Masculino,50 a 59,Distinguido,0.0,Activo,Reglamento_2021,2023.0,LIMA,Lima y Callao,PERÚ,2,1,2021,2025,Instituto del Mar del Peru,Pública,IA aplicada (otros dominios)
P0012128,https://openalex.org/A5081983219,Oscar Quispe,https://orcid.org/0000-0003-1834-703X,Text and Document Classification Technologies|Advanced Image and Video Retrieval Techniques,Artificial Intelligence,Universidad Nacional de San Agustin de Arequipa,education,media,"GOMEZ QUISPE,OSCAR ELISBAN",Masculino,50 a 59,IV,4.0,Activo,Reglamento_2021,2022.0,APURIMAC,Sur andino (Altiplano),PERÚ,2,10,2017,2017,Universidad Nacional de San Agustín de Arequipa,Pública,Aprendizaje automático (general)
P0012157,https://openalex.org/A5043966017,Darwin Auccapuri Quispetupa,https://orcid.org/0000-0002-4760-9185,Augmented Reality Applications,Computer Vision and Pattern Recognition,Pontificia Universidad Católica del Perú,education,exacta,"AUCCAPURI QUISPETUPA,DARWIN",Masculino,30 a 39,VII,7.0,Activo,Reglamento_2021,2023.0,CALLAO,Lima y Callao,PERÚ,1,1,2024,2024,Pontificia Universidad Católica del Perú,Privada,Visión computacional
P0012159,https://openalex.org/A5112603752,Gustavo Yamada,,Anomaly Detection Techniques and Applications,Artificial Intelligence,University of the Pacific,education,media,"YAMADA FUKUSAKI,GUSTAVO ADOLFO",Masculino,60 a 69,III,3.0,Activo,Reglamento_2021,2023.0,LIMA,Lima y Callao,PERÚ,1,1,2020,2020,University of the Pacific,Otro / no clasificado,Aprendizaje automático (general)
P0012318,https://openalex.org/A5075245213,Daniel Florencio Lovera Dávila,https://orcid.org/0000-0003-2815-0716,Geochemistry and Geologic Mapping,Artificial Intelligence,National University of San Marcos,education,exacta,"LOVERA DAVILA,DANIEL FLORENCIO",Masculino,60 a 69,V,5.0,VIGENCIA VENCIDA,Reglamento_2018,2019.0,LIMA,Lima y Callao,PERÚ,1,1,2022,2022,Universidad Nacional Mayor de San Marcos,Pública,IA aplicada (otros dominios)
P0012355,https://openalex.org/A5055403028,Víctor Murray,https://orcid.org/0000-0002-6000-3380,Advanced Vision and Imaging|Medical Image Segmentation Techniques|Image Enhancement Techniques,Computer Vision and Pattern Recognition,Universidad de Ingeniería y Tecnología,education,media,"MURRAY HERRERA,VICTOR MANUEL",Masculino,40 a 49,II,2.0,VIGENCIA VENCIDA,Reglamento_2018,2020.0,LIMA,Lima y Callao,PERÚ,5,25,2015,2022,Universidad de Ingeniería y Tecnología,Privada,Visión computacional
P0012394,https://openalex.org/A5013243360,Jose Flores Rojas,https://orcid.org/0000-0002-7205-322X,Solar Radiation and Photovoltaics,Artificial Intelligence,Instituto Geofísico del Perú,government,alta,"FLORES ROJAS,JOSE LUIS",Masculino,40 a 49,II,2.0,Activo,Reglamento_2021,2023.0,JUNIN,Otras regiones,PERÚ,1,0,2024,2024,Instituto Geofísico del Perú,Pública,IA aplicada (otros dominios)
P0012403,https://openalex.org/A5057080235,Alicia Alva-Mantari,https://orcid.org/0000-0001-6706-5966,AI in Service Interactions|Digital Imaging for Blood Diseases,Artificial Intelligence,Universidad de Ciencias y Humanidades,education,alta,"ALVA MANTARI,ALICIA KATHERINE",Femenino,40 a 49,II,2.0,Activo,Reglamento_2021,2023.0,CALLAO,Lima y Callao,PERÚ,2,34,2017,2025,Universidad de Ciencias y Humanidades,Privada,IA aplicada (otros dominios)
P0012445,https://openalex.org/A5012037936,Antoni Mauricio,https://orcid.org/0000-0003-3279-7563,Generative Adversarial Networks and Image Synthesis|Sentiment Analysis and Opinion Mining|Advanced Image Processing Techniques,Computer Vision and Pattern Recognition,Universidad Católica San Pablo,education,media,"MAURICIO CONDORI,MANASSES ANTONI",Masculino,30 a 39,VII,7.0,Activo,Reglamento_2021,2022.0,LIMA,Lima y Callao,PERÚ,5,21,2017,2019,Universidad Católica San Pablo,Privada,Visión computacional
P0012489,https://openalex.org/A5048014093,Charles Ignacio Mendoza-Mollocondo,https://orcid.org/0000-0002-4766-2701,Semantic Web and Ontologies|Imbalanced Data Classification Techniques,Artificial Intelligence,Universidad Nacional del Altiplano,education,exacta,"MENDOZA MOLLOCONDO,CHARLES IGNACIO",Masculino,50 a 59,IV,4.0,Activo,Reglamento_2021,2024.0,PUNO,Sur andino (Altiplano),PERÚ,3,0,2023,2025,Universidad Nacional del Altiplano (Puno),Pública,Web semántica y ontologías
P0012490,https://openalex.org/A5101879190,José Luis Herrera Salazar,https://orcid.org/0000-0002-8869-3854,Augmented Reality Applications,Computer Vision and Pattern Recognition,National University of Engineering,education,exacta,"HERRERA SALAZAR,JOSE LUIS",Masculino,40 a 49,IV,4.0,Activo,Reglamento_2021,2023.0,LIMA,Lima y Callao,PERÚ,4,22,2020,2020,Universidad Nacional de Ingeniería,Pública,Visión computacional
P0012496,https://openalex.org/A5067449452,Félix Armando Fermín Pérez,https://orcid.org/0000-0001-5606-7309,AI and Multimedia in Education|Multi-Agent Systems and Negotiation,Artificial Intelligence,National University of San Marcos,education,exacta,"FERMIN PEREZ,FELIX ARMANDO",Masculino,60 a 69,VII,7.0,Activo,Reglamento_2021,2022.0,LIMA,Lima y Callao,PERÚ,2,6,2015,2017,Universidad Nacional Mayor de San Marcos,Pública,IA en educación
P0012543,https://openalex.org/A5075217874,Jesus Lazo,,Advanced Neural Network Applications,Computer Vision and Pattern Recognition,Universidad Nacional de San Agustin de Arequipa,education,media,"BUENO LAZO,ANTONIO RAMIRO JESUS",Masculino,60 a 69,VI,6.0,Activo,Reglamento_2021,2023.0,CUSCO,Sur andino (Altiplano),PERÚ,1,12,2021,2021,Universidad Nacional de San Agustín de Arequipa,Pública,Redes neuronales / Deep Learning
P0012594,https://openalex.org/A5038579302,Silvia García,https://orcid.org/0000-0002-6351-5445,Authorship Attribution and Profiling,Artificial Intelligence,Peruvian University of Applied Sciences,education,media,"GARCIA TORRES,SILVIA MELISSA",Femenino,40 a 49,VII,7.0,Activo,Reglamento_2021,2023.0,LIMA,Lima y Callao,PERÚ,1,5,2020,2020,Universidad Peruana de Ciencias Aplicadas,Privada,IA aplicada (otros dominios)
P0012633,https://openalex.org/A5005429405,Julio César Huanca Marín,https://orcid.org/0000-0002-3642-1822,Robotic Path Planning Algorithms,Computer Vision and Pattern Recognition,Universidad Andina Néstor Cáceres Velásquez,education,exacta,"HUANCA MARIN,JULIO CESAR",Masculino,40 a 49,V,5.0,Activo,Reglamento_2021,2023.0,PUNO,Sur andino (Altiplano),PERÚ,2,3,2020,2025,Universidad Andina Néstor Cáceres Velásquez,Privada,Robótica y control
P0012746,https://openalex.org/A5105024222,Braulio M. Valencia,https://orcid.org/0000-0001-6741-3908,Optical measurement and interference techniques,Computer Vision and Pattern Recognition,Universidad Peruana Cayetano Heredia|Instituto de Medicina Tropical Alexander von Humboldt,education|facility,media,"VALENCIA ARROYO,BRAULIO MARK",Masculino,40 a 49,II,2.0,VIGENCIA VENCIDA,Reglamento_2018,2019.0,RESIDE EN EXTRANJERO,Extranjero / no registra,AUSTRALIA,2,12,2015,2018,Universidad Peruana Cayetano Heredia|Instituto de Medicina Tropical Alexander von Humboldt,Privada,IA aplicada (otros dominios)
P0012928,https://openalex.org/A5091050765,Eugenia Ariano Deho,https://orcid.org/0000-0003-3677-2726,Linguistic Studies and Language Acquisition,Artificial Intelligence,Pontificia Universidad Católica del Perú,education,alta,"ARIANO DEHO,EUGENIA SILVIA MARIA",Femenino,60 a 69,VI,6.0,VIGENCIA VENCIDA,Reglamento_2018,2021.0,LIMA,Lima y Callao,PERÚ,1,0,2016,2016,Pontificia Universidad Católica del Perú,Privada,IA aplicada (otros dominios)
P0012981,https://openalex.org/A5091271396,Eduardo Villanueva Mansilla,https://orcid.org/0000-0003-1312-4873,Cognitive Science and Mapping,Artificial Intelligence,Pontificia Universidad Católica del Perú,education,alta,"VILLANUEVA MANSILLA,EDUARDO ENRIQUE",Masculino,50 a 59,VII,7.0,Activo,Reglamento_2021,2022.0,LIMA,Lima y Callao,PERÚ,1,8,2025,2025,Pontificia Universidad Católica del Perú,Privada,IA aplicada (otros dominios)
P0013032,https://openalex.org/A5055282420,María Luisa Montero,https://orcid.org/0000-0002-8619-2319,AI in cancer detection,Artificial Intelligence,Pontificia Universidad Católica del Perú,education,alta,"MONTERO DIAZ,MARIA LUISA",Femenino,60 a 69,V,5.0,VIGENCIA VENCIDA,Reglamento_2018,2019.0,LIMA,Lima y Callao,PERÚ,1,8,2015,2015,Pontificia Universidad Católica del Perú,Privada,IA en salud
P0013136,https://openalex.org/A5056457154,Rony Cueva,https://orcid.org/0000-0003-4861-571X,Metaheuristic Optimization Algorithms Research,Artificial Intelligence,Pontificia Universidad Católica del Perú,education,media,"CUEVA MOSCOSO,RONY",Masculino,40 a 49,VI,6.0,Activo,Reglamento_2021,2024.0,LIMA,Lima y Callao,PERÚ,2,0,2021,2026,Pontificia Universidad Católica del Perú,Privada,Optimización y metaheurísticas
P0013156,https://openalex.org/A5058182438,Andrés Melgar,https://orcid.org/0000-0003-1110-123X,Semantic Web and Ontologies|Natural Language Processing Techniques|Text and Document Classification Technologies,Artificial Intelligence,Pontificia Universidad Católica del Perú,education,media,"MELGAR SASIETA,HECTOR ANDRES",Masculino,40 a 49,IV,4.0,Activo,Reglamento_2021,2024.0,LIMA,Lima y Callao,PERÚ,11,50,2015,2018,Pontificia Universidad Católica del Perú,Privada,Web semántica y ontologías
P0013176,https://openalex.org/A5046849477,Emigdio Antonio Alfaro Paredes,https://orcid.org/0000-0002-0309-9195,AI in Service Interactions,Artificial Intelligence,Universidad César Vallejo,education,exacta,"ALFARO PAREDES,EMIGDIO ANTONIO",Masculino,40 a 49,IV,4.0,Activo,Reglamento_2021,2023.0,LIMA,Lima y Callao,PERÚ,1,0,2026,2026,Universidad César Vallejo,Privada,IA aplicada (otros dominios)
P0013261,https://openalex.org/A5063706066,Roberto Zariquiey,https://orcid.org/0000-0002-1421-1314,Natural Language Processing Techniques,Artificial Intelligence,Pontificia Universidad Católica del Perú,education,media,"ZARIQUIEY BIONDI,ROBERTO DANIEL",Masculino,40 a 49,II,2.0,VIGENCIA VENCIDA,Reglamento_2018,2020.0,LIMA,Lima y Callao,PERÚ,5,46,2020,2024,Pontificia Universidad Católica del Perú,Privada,PLN (NLP)
P0013272,https://openalex.org/A5110541471,Víctor G. Sal y Rosas,,Bayesian Methods and Mixture Models,Artificial Intelligence,Pontificia Universidad Católica del Perú,education,alta,"SAL Y ROSAS CELI,VICTOR GIANCARLO",Masculino,40 a 49,IV,4.0,VIGENCIA VENCIDA,Reglamento_2018,2020.0,LIMA,Lima y Callao,PERÚ,1,2,2022,2022,Pontificia Universidad Católica del Perú,Privada,IA aplicada (otros dominios)
P0013284,https://openalex.org/A5055449829,Johan Baldeón,https://orcid.org/0000-0001-7975-2608,Artificial Intelligence in Games|Augmented Reality Applications,Artificial Intelligence,Pontificia Universidad Católica del Perú,education,media,"BALDEON MEDRANO,JOHAN PAUL",Masculino,40 a 49,VII,7.0,Activo,Reglamento_2021,2023.0,LIMA,Lima y Callao,PERÚ,2,1,2024,2024,Pontificia Universidad Católica del Perú,Privada,IA aplicada (otros dominios)
P0013330,https://openalex.org/A5089659432,Gustavo Pérez-Zúñiga,https://orcid.org/0000-0001-5946-1395,Target Tracking and Data Fusion in Sensor Networks|Robotic Path Planning Algorithms,Artificial Intelligence,Pontificia Universidad Católica del Perú,education,alta,"PEREZ ZUÑIGA,CARLOS GUSTAVO",Masculino,40 a 49,II,2.0,No registra,Reglamento_2018,2021.0,LIMA,Lima y Callao,PERÚ,3,24,2021,2026,Pontificia Universidad Católica del Perú,Privada,IA aplicada (otros dominios)
P0013360,https://openalex.org/A5078039217,Fernando Alva-Manchego,https://orcid.org/0000-0001-6218-8377,Text Readability and Simplification|Natural Language Processing Techniques|Semantic Web and Ontologies,Artificial Intelligence,Pontificia Universidad Católica del Perú,education,alta,"ALVA MANCHEGO,FERNANDO EMILIO",Masculino,30 a 39,V,5.0,VIGENCIA VENCIDA,Reglamento_2018,2019.0,RESIDE EN EXTRANJERO,Extranjero / no registra,REINO UNIDO,4,87,2016,2017,Pontificia Universidad Católica del Perú,Privada,IA aplicada (otros dominios)
P0013461,https://openalex.org/A5077650540,Mario Quinde,https://orcid.org/0000-0003-1053-1326,Context-Aware Activity Recognition Systems|Privacy-Preserving Technologies in Data|Multi-Agent Systems and Negotiation,Computer Vision and Pattern Recognition,University of Piura,education,media,"QUINDE LI SAY TAN,MARIO JOSE",Masculino,30 a 39,V,5.0,Activo,Reglamento_2021,2023.0,PIURA,Otras regiones,PERÚ,14,105,2018,2024,University of Piura,Otro / no clasificado,Visión computacional
P0013493,https://openalex.org/A5087878174,Pedro Pablo Chambi Condori,https://orcid.org/0000-0002-8628-6825,Imbalanced Data Classification Techniques|Augmented Reality Applications,Artificial Intelligence,Jorge Basadre Grohmann National University,education,exacta,"CHAMBI CONDORI,PEDRO PABLO",Masculino,60 a 69,VI,6.0,Activo,Reglamento_2021,2023.0,TACNA,Otras regiones,PERÚ,3,0,2025,2026,Jorge Basadre Grohmann National University,Otro / no clasificado,Aprendizaje automático (general)
P0013510,https://openalex.org/A5086635259,Jorge D. Abad,https://orcid.org/0000-0003-1571-9846,Computational Physics and Python Applications,Artificial Intelligence,Universidad de Ingeniería y Tecnología,education,media,"ABAD CUEVA,JORGE DARWIN",Masculino,50 a 59,I,1.0,Activo,Reglamento_2021,2022.0,LIMA,Lima y Callao,PERÚ,1,0,2020,2020,Universidad de Ingeniería y Tecnología,Privada,IA aplicada (otros dominios)
P0013533,https://openalex.org/A5055883890,Carlos Raymundo,https://orcid.org/0000-0001-9615-0991,Semantic Web and Ontologies|Sentiment Analysis and Opinion Mining|Video Surveillance and Tracking Methods,Artificial Intelligence,Peruvian University of Applied Sciences,education,media,"RAYMUNDO IBAÑEZ,CARLOS ARTURO",Masculino,50 a 59,II,2.0,Activo,Reglamento_2021,2024.0,LIMA,Lima y Callao,PERÚ,4,58,2016,2021,Universidad Peruana de Ciencias Aplicadas,Privada,Web semántica y ontologías
P0013542,https://openalex.org/A5080864177,Octavio Fashé-Raymundo,https://orcid.org/0000-0002-6743-7800,Solar Radiation and Photovoltaics,Artificial Intelligence,National University of San Marcos,education,exacta,"FASHE RAYMUNDO,OCTAVIO",Masculino,40 a 49,VI,6.0,Activo,Reglamento_2021,2022.0,LIMA,Lima y Callao,PERÚ,1,0,2024,2024,Universidad Nacional Mayor de San Marcos,Pública,IA aplicada (otros dominios)
P0013612,https://openalex.org/A5012304998,Cristian Lopez,https://orcid.org/0000-0002-2568-650X,Image Processing and 3D Reconstruction,Computer Vision and Pattern Recognition,Universidad de Ingeniería y Tecnología,education,media,"LOPEZ DEL ALAMO,CRISTIAN JOSE",Masculino,40 a 49,V,5.0,Activo,Reglamento_2021,2023.0,AREQUIPA,Otras regiones,PERÚ,2,6,2020,2023,Universidad de Ingeniería y Tecnología,Privada,Visión computacional
P0013629,https://openalex.org/A5062510251,Sussy Bayona-Oré,https://orcid.org/0000-0001-7133-9106,Semantic Web and Ontologies,Artificial Intelligence,National University of San Marcos,education,alta,"BAYONA ORE,LUZ SUSSY",Femenino,60 a 69,II,2.0,Activo,Reglamento_2021,2023.0,LIMA,Lima y Callao,PERÚ,1,0,2025,2025,Universidad Nacional Mayor de San Marcos,Pública,Web semántica y ontologías
P0013744,https://openalex.org/A5034539289,Carlos Zavala,https://orcid.org/0000-0001-9472-2036,Seismology and Earthquake Studies,Artificial Intelligence,National University of Engineering,education,media,"ZAVALA TOLEDO,CARLOS ALBERTO",Masculino,60 a 69,VII,7.0,Activo,Reglamento_2021,2023.0,LIMA,Lima y Callao,PERÚ,2,1,2025,2025,Universidad Nacional de Ingeniería,Pública,IA aplicada (otros dominios)
P0013799,https://openalex.org/A5036815863,Maryluz Cuentas Toledo,https://orcid.org/0000-0003-2001-2642,Intelligent Tutoring Systems and Adaptive Learning,Artificial Intelligence,Universidad Nacional Micaela Bastidas de Apurimac,education,exacta,"CUENTAS TOLEDO,MARYLUZ",Femenino,40 a 49,VII,7.0,Activo,Reglamento_2021,2024.0,PUNO,Sur andino (Altiplano),PERÚ,1,9,2019,2019,Universidad Nacional Micaela Bastidas de Apurimac,Pública,IA en educación
P0013866,https://openalex.org/A5006472613,Wilson Castro,https://orcid.org/0000-0001-7286-1262,Neural Networks and Applications,Artificial Intelligence,Private University of the North,education,media,"CASTRO SILUPU,WILSON MANUEL",Masculino,40 a 49,II,2.0,Activo,Reglamento_2021,2022.0,PIURA,Otras regiones,PERÚ,1,90,2017,2017,Universidad Privada del Norte,Privada,Redes neuronales / Deep Learning
P0013884,https://openalex.org/A5091546593,Ferdinand Pineda,https://orcid.org/0000-0002-5367-5904,Solar Radiation and Photovoltaics|Advanced Image Processing Techniques|Natural Language Processing Techniques,Artificial Intelligence,Universidad Nacional del Altiplano,education,media,"PINEDA ANCCO,FERDINAND EDGARDO",Masculino,40 a 49,VI,6.0,VIGENCIA VENCIDA,Reglamento_2018,2020.0,PUNO,Sur andino (Altiplano),PERÚ,7,39,2016,2025,Universidad Nacional del Altiplano (Puno),Pública,IA aplicada (otros dominios)
P0013893,https://openalex.org/A5072395207,Jose Emmanuel Cruz De la Cruz,,Advanced Neural Network Applications,Computer Vision and Pattern Recognition,Universidad Nacional del Altiplano,education,exacta,"CRUZ DE LA CRUZ,JOSE EMMANUEL",Masculino,50 a 59,VI,6.0,Activo,Reglamento_2021,2023.0,PUNO,Sur andino (Altiplano),PERÚ,1,10,2021,2021,Universidad Nacional del Altiplano (Puno),Pública,Redes neuronales / Deep Learning
P0013922,https://openalex.org/A5081745512,Stamber Álvaro Ramírez-Revilla,https://orcid.org/0000-0003-3133-3353,Solar Radiation and Photovoltaics,Artificial Intelligence,Universidad Tecnológica del Perú,education,exacta,"RAMIREZ REVILLA,STAMBER ALVARO",Masculino,40 a 49,V,5.0,Activo,Reglamento_2021,2023.0,AREQUIPA,Otras regiones,PERÚ,1,2,2025,2025,Universidad Tecnológica del Perú,Privada,IA aplicada (otros dominios)
P0013926,https://openalex.org/A5108162988,Fernando Jiménez Ugarte,,Solar Radiation and Photovoltaics,Artificial Intelligence,Pontificia Universidad Católica del Perú,education,alta,"JIMENEZ UGARTE,FERNANDO OCTAVIO",Masculino,60 a 69,V,5.0,VIGENCIA VENCIDA,Reglamento_2018,2019.0,LIMA,Lima y Callao,PERÚ,2,0,2024,2026,Pontificia Universidad Católica del Perú,Privada,IA aplicada (otros dominios)
P0013969,https://openalex.org/A5055724712,Carlos Ríos-Campos,https://orcid.org/0000-0001-8003-5577,Solar Radiation and Photovoltaics,Artificial Intelligence,Universidad César Vallejo,education,alta,"RIOS CAMPOS,CARLOS ALBERTO",Masculino,50 a 59,VI,6.0,Activo,Reglamento_2021,2024.0,LAMBAYEQUE,Otras regiones,PERÚ,1,3,2020,2020,Universidad César Vallejo,Privada,IA aplicada (otros dominios)
P0014051,https://openalex.org/A5028163477,Ivan Mejia Cabrera,,Image and Signal Denoising Methods,Computer Vision and Pattern Recognition,Universidad Señor de Sipán,education,alta,"MEJIA CABRERA,HEBER IVAN",Masculino,40 a 49,V,5.0,VIGENCIA VENCIDA,Reglamento_2018,2020.0,LAMBAYEQUE,Otras regiones,PERÚ,1,0,2015,2015,Universidad Señor de Sipán,Privada,Visión computacional
P0014065,https://openalex.org/A5068215418,Antero Castro Nieto,https://orcid.org/0000-0002-0406-5456,Seismology and Earthquake Studies,Artificial Intelligence,National University of Engineering,education,exacta,"CASTRO NIETO,ÁNTERO",Masculino,30 a 39,VI,6.0,Activo,Reglamento_2021,2024.0,LIMA,Lima y Callao,PERÚ,2,3,2023,2023,Universidad Nacional de Ingeniería,Pública,IA aplicada (otros dominios)
P0014102,https://openalex.org/A5115515466,Klinge O. Villalba-Condori,,Text and Document Classification Technologies,Artificial Intelligence,Catholic University of Santa María,education,alta,"VILLALBA CONDORI,KLINGE ORLANDO",Masculino,50 a 59,I,1.0,Activo,Reglamento_2021,2024.0,AREQUIPA,Otras regiones,PERÚ,2,0,2026,2026,Catholic University of Santa María,Otro / no clasificado,Aprendizaje automático (general)
P0014141,https://openalex.org/A5074175022,Yessenia Yari,https://orcid.org/0000-0002-3232-3811,Seismology and Earthquake Studies|Handwritten Text Recognition Techniques,Artificial Intelligence,Universidad Nacional de San Agustin de Arequipa,education,media,"YARI RAMOS,YESSENIA DEYSI",Femenino,30 a 39,VI,6.0,Activo,Reglamento_2021,2023.0,AREQUIPA,Otras regiones,PERÚ,2,2,2018,2025,Universidad Nacional de San Agustín de Arequipa,Pública,IA aplicada (otros dominios)
P0014153,https://openalex.org/A5026068254,Luz Cardenas Herrera,https://orcid.org/0000-0001-7128-3720,Solar Radiation and Photovoltaics,Artificial Intelligence,Universidad Nacional de San Agustin de Arequipa,education,exacta,"CARDENAS HERRERA,LUZ",Femenino,60 a 69,VI,6.0,No registra,Reglamento_2018,2021.0,AREQUIPA,Otras regiones,PERÚ,1,3,2019,2019,Universidad Nacional de San Agustín de Arequipa,Pública,IA aplicada (otros dominios)
P0014154,https://openalex.org/A5037856203,Norma León Lescano,https://orcid.org/0000-0002-4219-5390,Semantic Web and Ontologies|Augmented Reality Applications,Artificial Intelligence,Universidad de San Martín de Porres,education,alta,"LEON LESCANO,NORMA BIRGINIA",Femenino,50 a 59,VII,7.0,Activo,Reglamento_2021,2023.0,LIMA,Lima y Callao,PERÚ,2,3,2015,2016,Universidad de San Martín de Porres,Privada,Web semántica y ontologías
P0014193,https://openalex.org/A5086970175,Joseph A. Pinto,https://orcid.org/0000-0002-7744-1635,AI in cancer detection,Artificial Intelligence,EsSALUD,other,media,"PINTO OBLITAS,JOSEPH ARTURO",Masculino,40 a 49,Distinguido,0.0,Activo,Reglamento_2021,2022.0,LIMA,Lima y Callao,PERÚ,2,87,2015,2016,EsSALUD,Otro / no clasificado,IA en salud
P0014249,https://openalex.org/A5039511881,Juan Carlos Cáceres,https://orcid.org/0000-0001-6379-8695,Human Pose and Action Recognition|Anomaly Detection Techniques and Applications|Video Surveillance and Tracking Methods,Computer Vision and Pattern Recognition,Universidad Nacional de San Agustin de Arequipa,education,alta,"GUTIERREZ CACERES,JUAN CARLOS",Masculino,40 a 49,V,5.0,Activo,Reglamento_2021,2022.0,AREQUIPA,Otras regiones,PERÚ,14,78,2016,2024,Universidad Nacional de San Agustín de Arequipa,Pública,Visión computacional
P0014287,https://openalex.org/A5013720522,Bernardo Clímaco Hermitaño Atencio,https://orcid.org/0000-0002-1636-7435,Advanced Image Processing Techniques,Computer Vision and Pattern Recognition,National University of Education Enrique Guzmán y Valle,education,exacta,"HERMITAÑO ATENCIO,BERNARDO CLIMACO",Masculino,40 a 49,VII,7.0,Activo,Reglamento_2021,2024.0,LIMA,Lima y Callao,PERÚ,1,0,2023,2023,National University of Education Enrique Guzmán y Valle,Otro / no clasificado,Visión computacional
P0014306,https://openalex.org/A5044400512,Alvaro Talavera,https://orcid.org/0000-0002-2193-4270,Solar Radiation and Photovoltaics|Evolutionary Algorithms and Applications|Imbalanced Data Classification Techniques,Artificial Intelligence,University of the Pacific,education,media,"TALAVERA LOPEZ,ALVARO GUSTAVO",Masculino,40 a 49,VI,6.0,Activo,Reglamento_2021,2023.0,LIMA,Lima y Callao,PERÚ,4,14,2019,2021,University of the Pacific,Otro / no clasificado,IA aplicada (otros dominios)
P0014374,https://openalex.org/A5058533588,Renato Guzmán,,Semantic Web and Ontologies,Artificial Intelligence,Universidad Católica San Pablo,education,media,"GUZMAN RODRIGUEZ,RENATO SEREGEI",Masculino,30 a 39,VII,7.0,VIGENCIA VENCIDA,Reglamento_2018,2019.0,AREQUIPA,Otras regiones,PERÚ,2,19,2015,2020,Universidad Católica San Pablo,Privada,Web semántica y ontologías
P0014375,https://openalex.org/A5073133852,Irvin Dongo,https://orcid.org/0000-0003-4859-0428,Semantic Web and Ontologies|Sentiment Analysis and Opinion Mining|Privacy-Preserving Technologies in Data,Artificial Intelligence,Universidad Católica San Pablo,education,media,"DONGO ESCALANTE,IRVIN FRANCO BENITO",Masculino,30 a 39,IV,4.0,Activo,Reglamento_2021,2023.0,RESIDE EN EXTRANJERO,Extranjero / no registra,FRANCIA,13,123,2019,2026,Universidad Católica San Pablo,Privada,Web semántica y ontologías
P0014432,https://openalex.org/A5128004877,Miguel Ángel Barrena-Gurbillón,,Solar Radiation and Photovoltaics,Artificial Intelligence,National University Toribio Rodríguez de Mendoza,education,exacta,"BARRENA GURBILLON,MIGUEL ANGEL",Masculino,60 a 69,IV,4.0,Activo,Reglamento_2021,2022.0,AMAZONAS,Otras regiones,PERÚ,1,1,2026,2026,National University Toribio Rodríguez de Mendoza,Otro / no clasificado,IA aplicada (otros dominios)
P0014454,https://openalex.org/A5007442578,Jorge Rendulich,https://orcid.org/0000-0003-1302-547X,Context-Aware Activity Recognition Systems,Computer Vision and Pattern Recognition,Universidad Nacional de San Agustin de Arequipa,education,media,"RENDULICH TALAVERA,JORGE EUSEBIO",Masculino,60 a 69,V,5.0,Activo,Reglamento_2021,2023.0,AREQUIPA,Otras regiones,PERÚ,1,2,2021,2021,Universidad Nacional de San Agustín de Arequipa,Pública,Visión computacional
P0014551,https://openalex.org/A5059925553,Sidney Novoa,https://orcid.org/0000-0003-3467-2780,Geochemistry and Geologic Mapping,Artificial Intelligence,Asociación para la Conservación de la Cuenca Amazónica,nonprofit,media,"NOVOA SHEPPARD,SIDNEY",Masculino,40 a 49,VII,7.0,VIGENCIA VENCIDA,Reglamento_2018,2019.0,LIMA,Lima y Callao,PERÚ,1,1,2023,2023,Asociación para la Conservación de la Cuenca Amazónica,Otro / no clasificado,IA aplicada (otros dominios)
P0014571,https://openalex.org/A5062710773,Jorge Guerrero,https://orcid.org/0009-0006-1403-2670,AI in cancer detection,Artificial Intelligence,EsSALUD,other,media,"GUERRERO GIL,JORGE",Masculino,70 a 79,III,3.0,VIGENCIA VENCIDA,Reglamento_2018,2019.0,LIMA,Lima y Callao,PERÚ,1,72,2015,2015,EsSALUD,Otro / no clasificado,IA en salud
P0014604,https://openalex.org/A5059896008,Franklin Alfredo Cabezas Huerta,https://orcid.org/0000-0001-7106-1087,Solar Radiation and Photovoltaics,Artificial Intelligence,National University of Engineering,education,exacta,"CABEZAS HUERTA,FRANKLIN ALFREDO",Masculino,30 a 39,VII,7.0,VIGENCIA VENCIDA,Reglamento_2018,2021.0,LIMA,Lima y Callao,PERÚ,1,0,2019,2019,Universidad Nacional de Ingeniería,Pública,IA aplicada (otros dominios)
P0014699,https://openalex.org/A5017361477,Karla Mariel Fernández Fabián,https://orcid.org/0000-0001-6006-5197,Face recognition and analysis,Computer Vision and Pattern Recognition,Universidad Nacional de San Agustin de Arequipa,education,exacta,"FERNANDEZ FABIAN,KARLA MARIEL",Femenino,30 a 39,VI,6.0,No registra,Reglamento_2018,2021.0,AREQUIPA,Otras regiones,PERÚ,3,27,2016,2026,Universidad Nacional de San Agustín de Arequipa,Pública,Visión computacional
P0014744,https://openalex.org/A5048271764,Roberto Furukawa,https://orcid.org/0000-0003-0514-1817,Robotic Path Planning Algorithms|Augmented Reality Applications,Computer Vision and Pattern Recognition,Pontificia Universidad Católica del Perú,education,media,"FURUKAWA FUKUDA,ROBERTO SUMIYOSHI",Masculino,40 a 49,VI,6.0,Activo,Reglamento_2021,2023.0,LIMA,Lima y Callao,PERÚ,3,14,2016,2024,Pontificia Universidad Católica del Perú,Privada,Robótica y control
P0014818,https://openalex.org/A5102732832,Ana María Cuadros Valdivia,https://orcid.org/0000-0001-8124-2615,Data Visualization and Analytics,Computer Vision and Pattern Recognition,Universidad Nacional de San Agustin de Arequipa,education,exacta,"CUADROS VALDIVIA,ANA MARIA",Femenino,50 a 59,VII,7.0,Activo,Reglamento_2021,2022.0,AREQUIPA,Otras regiones,PERÚ,3,4,2022,2025,Universidad Nacional de San Agustín de Arequipa,Pública,IA aplicada (otros dominios)
P0014903,https://openalex.org/A5020332717,Mario G. Borja Borja,https://orcid.org/0000-0002-7861-7487,Advanced Vision and Imaging,Computer Vision and Pattern Recognition,National University of Engineering,education,alta,"BORJA BORJA,MARIO GASTON",Masculino,50 a 59,VII,7.0,Activo,Reglamento_2021,2022.0,CALLAO,Lima y Callao,PERÚ,1,1,2022,2022,Universidad Nacional de Ingeniería,Pública,Visión computacional
P0015055,https://openalex.org/A5128880260,David Gregorio Pacheco-Salazar,,Solar Radiation and Photovoltaics,Artificial Intelligence,Universidad Nacional de San Agustin de Arequipa|National University of Engineering,education|education,exacta,"PACHECO SALAZAR,DAVID GREGORIO",Masculino,60 a 69,II,2.0,Activo,Reglamento_2021,2022.0,AREQUIPA,Otras regiones,PERÚ,1,0,2026,2026,Universidad Nacional de San Agustin de Arequipa|National University of Engineering,Pública,IA aplicada (otros dominios)
P0015083,https://openalex.org/A5020972825,Carlos Lenin Benavente Escobar,,Seismology and Earthquake Studies,Artificial Intelligence,Instituto Geológico Minero y Metalúrgico,government,exacta,"BENAVENTE ESCOBAR,CARLOS LENIN",Masculino,40 a 49,II,2.0,Activo,Reglamento_2021,2023.0,LIMA,Lima y Callao,PERÚ,1,0,2018,2018,Instituto Geológico Minero y Metalúrgico,Pública,IA aplicada (otros dominios)
P0015111,https://openalex.org/A5089640815,Shyla Del-Aguila-Arcentales,https://orcid.org/0000-0002-9532-6462,AI in Service Interactions,Artificial Intelligence,Universidad San Ignacio de Loyola,education,alta,"DEL AGUILA ARCENTALES,SHYLA MARGOT",Femenino,40 a 49,Distinguido,0.0,Activo,Reglamento_2021,2023.0,LIMA,Lima y Callao,PERÚ,1,1,2026,2026,Universidad San Ignacio de Loyola,Privada,IA aplicada (otros dominios)
P0015135,https://openalex.org/A5024260771,Carlos Andrés Mugruza-Vassallo,https://orcid.org/0000-0002-9262-7198,Cognitive Science and Mapping|Advanced Neural Network Applications,Artificial Intelligence,Universidad de Lima|Universidad Privada San Juan Bautista,education|education,exacta,"MUGRUZA VASSALLO,CARLOS ANDRES",Masculino,40 a 49,IV,4.0,Activo,Reglamento_2021,2023.0,LIMA,Lima y Callao,PERÚ,2,3,2021,2022,Universidad de Lima|Universidad Privada San Juan Bautista,Privada,IA aplicada (otros dominios)
P0015153,https://openalex.org/A5034531910,Luis Rolando Alarcón Llontop,https://orcid.org/0000-0001-9912-1299,Video Analysis and Summarization,Computer Vision and Pattern Recognition,Private University of the North,education,exacta,"ALARCON LLONTOP,LUIS ROLANDO",Masculino,50 a 59,VI,6.0,Activo,Reglamento_2021,2023.0,LAMBAYEQUE,Otras regiones,PERÚ,1,0,2024,2024,Universidad Privada del Norte,Privada,Visión computacional
P0015304,https://openalex.org/A5019414002,Jinmi Lezama,https://orcid.org/0000-0003-2906-9741,Advanced Neural Network Applications,Computer Vision and Pattern Recognition,Universidad Nacional Tecnológica de Lima Sur,education,media,"LEZAMA CALVO,JINMI GREGORY",Masculino,40 a 49,IV,4.0,Activo,Reglamento_2021,2022.0,LIMA,Lima y Callao,PERÚ,1,4,2026,2026,Universidad Nacional Tecnológica de Lima Sur,Pública,Redes neuronales / Deep Learning
P0015363,https://openalex.org/A5053551349,Edwin Daniel Félix Benites,https://orcid.org/0000-0001-8690-354X,Metaheuristic Optimization Algorithms Research,Artificial Intelligence,Universidad Nacional José María Arguedas,education,exacta,"FELIX BENITES,EDWIN DANIEL",Masculino,50 a 59,VII,7.0,Activo,Reglamento_2021,2023.0,APURIMAC,Sur andino (Altiplano),PERÚ,1,1,2023,2023,Universidad Nacional José María Arguedas,Pública,Optimización y metaheurísticas
P0015364,https://openalex.org/A5134600434,Ronald Rodriguez,https://orcid.org/0009-0003-7586-046X,Seismology and Earthquake Studies,Artificial Intelligence,Universidad de Ingeniería y Tecnología,education,media,"RODRIGUEZ ESPINOZA,RONALD FERNANDO",Masculino,40 a 49,IV,4.0,Activo,Reglamento_2021,2024.0,LA LIBERTAD,Otras regiones,PERÚ,1,0,2026,2026,Universidad de Ingeniería y Tecnología,Privada,IA aplicada (otros dominios)
P0015399,https://openalex.org/A5080297021,Manuel Enrique Chenet Zuta,https://orcid.org/0000-0003-2088-2541,AI in Service Interactions,Artificial Intelligence,Universidad Nacional de Huancavelica,education,exacta,"CHENET ZUTA,MANUEL ENRIQUE",Masculino,40 a 49,III,3.0,Activo,Reglamento_2021,2023.0,LIMA,Lima y Callao,PERÚ,1,1,2025,2025,Universidad Nacional de Huancavelica,Pública,IA aplicada (otros dominios)
P0015428,https://openalex.org/A5122752043,Erwin Dianderas Caut,https://orcid.org/0000-0003-3568-2235,Digital Imaging for Blood Diseases,Computer Vision and Pattern Recognition,Universidad Particular de Iquitos|Universidad Norbert Wiener,education|education,alta,"DIANDERAS CAUT,ERWIN JUNGER",Masculino,30 a 39,VI,6.0,Activo,Reglamento_2021,2023.0,LIMA,Lima y Callao,PERÚ,3,2,2017,2026,Universidad Particular de Iquitos|Universidad Norbert Wiener,Privada,IA en salud
P0015445,https://openalex.org/A5030450328,Diego Veliz,,Image Processing and 3D Reconstruction,Computer Vision and Pattern Recognition,Universidad Nacional de San Agustin de Arequipa,education,media,"VELIZ OTANI,DIEGO MARTIN",Masculino,30 a 39,V,5.0,VIGENCIA VENCIDA,Reglamento_2018,2019.0,LIMA,Lima y Callao,PERÚ,1,4,2024,2024,Universidad Nacional de San Agustín de Arequipa,Pública,Visión computacional
P0015458,https://openalex.org/A5029133136,Hector Raúl Velarde-Bedregal,https://orcid.org/0000-0002-2971-3499,Anomaly Detection Techniques and Applications,Artificial Intelligence,Catholic University of Santa María,education,exacta,"VELARDE BEDREGAL,HECTOR RAUL",Masculino,60 a 69,V,5.0,VIGENCIA VENCIDA,Reglamento_2018,2019.0,AREQUIPA,Otras regiones,PERÚ,1,1,2020,2020,Catholic University of Santa María,Otro / no clasificado,Aprendizaje automático (general)
P0015501,https://openalex.org/A5057766829,Orlando Iparraguirre-Villanueva,https://orcid.org/0000-0001-8185-2034,AI in cancer detection|AI in Service Interactions|Sentiment Analysis and Opinion Mining,Artificial Intelligence,National University of Engineering,education,alta,"IPARRAGUIRRE VILLANUEVA,ORLANDO CLEMENTE",Masculino,40 a 49,II,2.0,Activo,Reglamento_2021,2024.0,LIMA,Lima y Callao,PERÚ,8,37,2023,2026,Universidad Nacional de Ingeniería,Pública,IA en salud
P0015534,https://openalex.org/A5043584187,Ángel Canales-Gutiérrez,https://orcid.org/0000-0002-3096-1705,Solar Radiation and Photovoltaics,Artificial Intelligence,Universidad Nacional del Altiplano,education,exacta,"CANALES GUTIERREZ,ANGEL",Masculino,60 a 69,IV,4.0,Activo,Reglamento_2021,2023.0,PUNO,Sur andino (Altiplano),PERÚ,1,16,2022,2022,Universidad Nacional del Altiplano (Puno),Pública,IA aplicada (otros dominios)
P0015612,https://openalex.org/A5037716164,Adolfo Inza,https://orcid.org/0000-0001-5381-9042,Seismology and Earthquake Studies,Artificial Intelligence,Instituto Geofísico del Perú,government,media,"INZA CALLUPE,LAMBERTO ADOLFO",Masculino,50 a 59,IV,4.0,Activo,Reglamento_2021,2023.0,LIMA,Lima y Callao,PERÚ,14,318,2017,2026,Instituto Geofísico del Perú,Pública,IA aplicada (otros dominios)
P0015634,https://openalex.org/A5071584334,Lucas Abelardo Palacios Liberato,https://orcid.org/0000-0002-2430-686X,Data Visualization and Analytics,Computer Vision and Pattern Recognition,Universidad Peruana Cayetano Heredia,education,exacta,"PALACIOS LIBERATO,LUCAS ABELARDO",Masculino,,IV,4.0,VIGENCIA VENCIDA,Reglamento_2018,2020.0,NO REGISTRA,Extranjero / no registra,NO REGISTRA,1,0,2023,2023,Universidad Peruana Cayetano Heredia,Privada,IA aplicada (otros dominios)
P0016112,https://openalex.org/A5030592376,Juan Antonio Vega González,https://orcid.org/0000-0001-8413-8792,Geochemistry and Geologic Mapping,Artificial Intelligence,National University of Trujillo,education,exacta,"VEGA GONZALEZ,JUAN ANTONIO",Masculino,40 a 49,V,5.0,Activo,Reglamento_2021,2024.0,LA LIBERTAD,Otras regiones,PERÚ,2,0,2025,2025,Universidad Nacional de Trujillo,Pública,IA aplicada (otros dominios)
P0016313,https://openalex.org/A5139376282,Luis A. Bedriñana,,Robotic Path Planning Algorithms,Computer Vision and Pattern Recognition,Universidad de Ingeniería y Tecnología,education,media,"BEDRIÑANA MERA,LUIS ALBERTO",Masculino,30 a 39,V,5.0,Activo,Reglamento_2021,2024.0,LIMA,Lima y Callao,PERÚ,1,0,2026,2026,Universidad de Ingeniería y Tecnología,Privada,Robótica y control
P0016315,https://openalex.org/A5136007273,César Corrales,https://orcid.org/0000-0002-1508-8100,AI in Service Interactions,Artificial Intelligence,Pontificia Universidad Católica del Perú,education,media,"CORRALES RIVEROS,CÉSAR AUGUSTO",Masculino,60 a 69,V,5.0,VIGENCIA VENCIDA,Reglamento_2018,2021.0,LIMA,Lima y Callao,PERÚ,1,0,2026,2026,Pontificia Universidad Católica del Perú,Privada,IA aplicada (otros dominios)
P0016375,https://openalex.org/A5035881616,Pedro Castañeda,https://orcid.org/0000-0003-1865-1293,AI in Service Interactions|Augmented Reality Applications,Artificial Intelligence,Peruvian University of Applied Sciences,education,media,"CASTAÑEDA VARGAS,PEDRO SEGUNDO",Masculino,40 a 49,VI,6.0,Activo,Reglamento_2021,2023.0,LIMA,Lima y Callao,PERÚ,3,9,2021,2026,Universidad Peruana de Ciencias Aplicadas,Privada,IA aplicada (otros dominios)
P0016449,https://openalex.org/A5034895483,Kalun Lau,https://orcid.org/0000-0002-2289-0492,Context-Aware Activity Recognition Systems,Computer Vision and Pattern Recognition,Peruvian University of Applied Sciences,education,media,"LAU GAN,KALUN JOSE",Masculino,40 a 49,VII,7.0,Activo,Reglamento_2021,2023.0,LA LIBERTAD,Otras regiones,PERÚ,1,0,2019,2019,Universidad Peruana de Ciencias Aplicadas,Privada,Visión computacional
P0016626,https://openalex.org/A5000885820,Oscar E. Ramos,https://orcid.org/0000-0001-5185-9745,Robotic Path Planning Algorithms|Reinforcement Learning in Robotics,Computer Vision and Pattern Recognition,Universidad de Ingeniería y Tecnología,education,media,"RAMOS PONCE,OSCAR EFRAIN",Masculino,30 a 39,V,5.0,Activo,Reglamento_2021,2023.0,LIMA,Lima y Callao,PERÚ,4,12,2018,2021,Universidad de Ingeniería y Tecnología,Privada,Robótica y control
P0016666,https://openalex.org/A5089431318,Jaris Veneros,https://orcid.org/0000-0001-6981-4078,Solar Radiation and Photovoltaics,Artificial Intelligence,National University Toribio Rodríguez de Mendoza,education,media,"VENEROS GUEVARA,JARIS EMMANUEL",Masculino,30 a 39,IV,4.0,Activo,Reglamento_2021,2023.0,LIMA,Lima y Callao,PERÚ,1,1,2026,2026,National University Toribio Rodríguez de Mendoza,Otro / no clasificado,IA aplicada (otros dominios)
P0016673,https://openalex.org/A5080642443,José L. Granados,,Cognitive Science and Mapping,Artificial Intelligence,Universidad de Lima|Universidad Privada San Carlos,education|education,media,"GUEVARA GRANADOS,JOSE MARIA MIGUEL",Masculino,50 a 59,VI,6.0,Activo,Reglamento_2021,2024.0,LIMA,Lima y Callao,PERÚ,1,0,2022,2022,Universidad de Lima|Universidad Privada San Carlos,Privada,IA aplicada (otros dominios)
P0016766,https://openalex.org/A5035143195,Sérgio Domínguez-Lara,https://orcid.org/0000-0002-2083-4278,Advanced Graph Neural Networks,Artificial Intelligence,Universidad de San Martín de Porres,education,alta,"DOMINGUEZ LARA,SERGIO ALEXIS",Masculino,30 a 39,Distinguido,0.0,Activo,Reglamento_2021,2022.0,LIMA,Lima y Callao,PERÚ,1,2,2017,2017,Universidad de San Martín de Porres,Privada,Redes neuronales / Deep Learning
P0016945,https://openalex.org/A5070839866,Cristhian Aldana,https://orcid.org/0000-0002-6890-5370,Solar Radiation and Photovoltaics,Artificial Intelligence,Universidad Nacional de Piura,education,media,"ALDANA YARLEQUE,CRISTHIAN NICOLAS",Masculino,40 a 49,VII,7.0,Activo,Reglamento_2021,2023.0,PIURA,Otras regiones,PERÚ,1,0,2025,2025,Universidad Nacional de Piura,Pública,IA aplicada (otros dominios)
P0016958,https://openalex.org/A5050091002,Alex Pereda,https://orcid.org/0000-0003-4381-2095,Advanced Neural Network Applications,Computer Vision and Pattern Recognition,San Cristóbal of Huamanga University,education,media,"PEREDA MEDINA,ALEX MIGUEL",Masculino,50 a 59,VII,7.0,Activo,Reglamento_2021,2023.0,AYACUCHO,Sur andino (Altiplano),PERÚ,1,0,2026,2026,San Cristóbal of Huamanga University,Otro / no clasificado,Redes neuronales / Deep Learning
P0017033,https://openalex.org/A5029317616,Jorge Poco,https://orcid.org/0000-0001-9096-6287,Explainable Artificial Intelligence (XAI)|Image Retrieval and Classification Techniques|Data Visualization and Analytics,Computer Vision and Pattern Recognition,Universidad Católica San Pablo,education,media,"POCO MEDINA,JORGE LUIS",Masculino,30 a 39,II,2.0,Activo,Reglamento_2021,2023.0,AREQUIPA,Otras regiones,PERÚ,3,94,2017,2022,Universidad Católica San Pablo,Privada,Redes neuronales / Deep Learning
P0017037,https://openalex.org/A5031297011,Angel Javier Quispe Carita,,AI in cancer detection,Artificial Intelligence,Universidad Nacional del Altiplano,education,exacta,"QUISPE CARITA,ANGEL JAVIER",Masculino,40 a 49,VI,6.0,Activo,Reglamento_2021,2024.0,PUNO,Sur andino (Altiplano),PERÚ,1,0,2024,2024,Universidad Nacional del Altiplano (Puno),Pública,IA en salud
P0017071,https://openalex.org/A5086042857,Johny Pretell Cruzado,https://orcid.org/0000-0003-2012-4628,Augmented Reality Applications,Computer Vision and Pattern Recognition,National University of Engineering,education,alta,"PRETELL CRUZADO,RAMON JOHNY",Masculino,50 a 59,VII,7.0,Activo,Reglamento_2021,2022.0,LIMA,Lima y Callao,PERÚ,3,21,2020,2020,Universidad Nacional de Ingeniería,Pública,Visión computacional
P0017124,https://openalex.org/A5001021774,Wilmer Moncada,https://orcid.org/0000-0002-1648-2361,Solar Radiation and Photovoltaics|Advanced Neural Network Applications,Artificial Intelligence,Universidad Nacional de Piura|San Cristóbal of Huamanga University,education|education,media,"MONCADA SOSA,WILMER ENRIQUE",Masculino,40 a 49,VI,6.0,Activo,Reglamento_2021,2023.0,AYACUCHO,Sur andino (Altiplano),PERÚ,3,2,2025,2026,Universidad Nacional de Piura|San Cristóbal of Huamanga University,Pública,IA aplicada (otros dominios)
P0017228,https://openalex.org/A5084935983,Renzo Rivera,https://orcid.org/0000-0002-5897-9931,Topic Modeling,Artificial Intelligence,Catholic University of Santa María,education,media,"RIVERA CALCINA,CARLOS RENZO",Masculino,30 a 39,V,5.0,VIGENCIA VENCIDA,Reglamento_2018,2019.0,AREQUIPA,Otras regiones,PERÚ,1,4,2019,2019,Catholic University of Santa María,Otro / no clasificado,PLN (NLP)
P0017257,https://openalex.org/A5071433255,Edward Cayllahua,https://orcid.org/0000-0001-5422-0779,Video Surveillance and Tracking Methods,Computer Vision and Pattern Recognition,Universidad Católica San Pablo,education,media,"CAYLLAHUA  CAHUINA,EDWARD JORGE YURI",Masculino,40 a 49,VII,7.0,Activo,Reglamento_2021,2022.0,AREQUIPA,Otras regiones,PERÚ,2,0,2025,2026,Universidad Católica San Pablo,Privada,Visión computacional
P0017319,https://openalex.org/A5026498884,Carmen Graciela Arbulú Pérez Várgas,https://orcid.org/0000-0002-8463-6553,AI in Service Interactions,Artificial Intelligence,Universidad César Vallejo,education,exacta,"ARBULU PEREZ VARGAS,CARMEN GRACIELA",Femenino,50 a 59,VI,6.0,Activo,Reglamento_2021,2023.0,LAMBAYEQUE,Otras regiones,PERÚ,2,118,2024,2025,Universidad César Vallejo,Privada,IA aplicada (otros dominios)
P0017335,https://openalex.org/A5005385370,Rafael Pujada,,Quantum Computing Algorithms and Architecture,Artificial Intelligence,National University of Engineering,education,media,"PUJADA BERMUDEZ,BRAULIO RAFAEL",Masculino,50 a 59,III,3.0,Activo,Reglamento_2021,2022.0,LIMA,Lima y Callao,PERÚ,1,0,2022,2022,Universidad Nacional de Ingeniería,Pública,IA aplicada (otros dominios)
P0017359,https://openalex.org/A5072757248,Moisés Carlos Tanca Villanueva,https://orcid.org/0000-0003-0116-8158,Solar Radiation and Photovoltaics,Artificial Intelligence,Universidad Nacional de San Agustin de Arequipa,education,exacta,"TANCA VILLANUEVA,MOISES CARLOS",Masculino,50 a 59,IV,4.0,VIGENCIA VENCIDA,Reglamento_2018,2019.0,AREQUIPA,Otras regiones,PERÚ,1,0,2022,2022,Universidad Nacional de San Agustín de Arequipa,Pública,IA aplicada (otros dominios)
P0017360,https://openalex.org/A5079897524,Benjamín Maraza-Quispe,https://orcid.org/0000-0001-8845-4979,Currency Recognition and Detection|Intelligent Tutoring Systems and Adaptive Learning|Cryptographic Implementations and Security,Artificial Intelligence,Universidad Nacional de San Agustin de Arequipa,education,exacta,"MARAZA QUISPE,BENJAMIN",Masculino,50 a 59,III,3.0,Activo,Reglamento_2021,2024.0,AREQUIPA,Otras regiones,PERÚ,4,14,2019,2025,Universidad Nacional de San Agustín de Arequipa,Pública,Visión computacional
P0017384,https://openalex.org/A5078569591,Erick Gomez-Nieto,https://orcid.org/0000-0001-7481-1656,Image Retrieval and Classification Techniques|Data Visualization and Analytics,Computer Vision and Pattern Recognition,Universidad Católica San Pablo,education,alta,"GOMEZ NIETO,ERICK MAURICIO",Masculino,30 a 39,III,3.0,Activo,Reglamento_2021,2022.0,AREQUIPA,Otras regiones,PERÚ,5,17,2018,2025,Universidad Católica San Pablo,Privada,Visión computacional
P0017432,https://openalex.org/A5083046704,Rensso Mora-Colque,https://orcid.org/0000-0003-4734-8752,Video Surveillance and Tracking Methods|Advanced Neural Network Applications,Computer Vision and Pattern Recognition,Universidad Católica San Pablo,education,alta,"MORA COLQUE,RENSSO VICTOR HUGO",Masculino,30 a 39,VII,7.0,Activo,Reglamento_2021,2022.0,AREQUIPA,Otras regiones,PERÚ,8,8,2020,2026,Universidad Católica San Pablo,Privada,Visión computacional
P0017445,https://openalex.org/A5063432499,Carlo Corrales-Delgado,https://orcid.org/0000-0002-5782-8250,Augmented Reality Applications,Computer Vision and Pattern Recognition,Universidad Nacional de San Agustin de Arequipa,education,alta,"CORRALES DELGADO,CARLO JOSE LUIS",Masculino,50 a 59,VII,7.0,Activo,Reglamento_2021,2022.0,AREQUIPA,Otras regiones,PERÚ,4,16,2018,2021,Universidad Nacional de San Agustín de Arequipa,Pública,Visión computacional
P0017474,https://openalex.org/A5005182106,Ailín Cabrera-Matta,https://orcid.org/0000-0002-4493-7036,Face recognition and analysis,Computer Vision and Pattern Recognition,Universidad Peruana Cayetano Heredia,education,alta,"CABRERA MATTA,AILIN ROSARIO",Femenino,40 a 49,V,5.0,VIGENCIA VENCIDA,Reglamento_2018,2019.0,LIMA,Lima y Callao,PERÚ,1,0,2025,2025,Universidad Peruana Cayetano Heredia,Privada,Visión computacional
P0017493,https://openalex.org/A5079303744,César Castelo-Fernández,https://orcid.org/0000-0002-2900-8765,Video Analysis and Summarization,Computer Vision and Pattern Recognition,Catholic University of Santa María,education,alta,"CASTELO FERNANDEZ,CESAR CHRISTIAN",Masculino,30 a 39,V,5.0,VIGENCIA VENCIDA,Reglamento_2018,2019.0,AREQUIPA,Otras regiones,PERÚ,1,5,2015,2015,Catholic University of Santa María,Otro / no clasificado,Visión computacional
P0017559,https://openalex.org/A5018839069,Nelly Condorí-Fernández,https://orcid.org/0000-0002-1044-3871,Topic Modeling,Artificial Intelligence,Universidad Nacional de San Agustin de Arequipa,education,exacta,"CONDORI FERNANDEZ,NELLY",Femenino,40 a 49,III,3.0,VIGENCIA VENCIDA,Reglamento_2018,2019.0,RESIDE EN EXTRANJERO,Extranjero / no registra,ESPAÑA,1,3,2021,2021,Universidad Nacional de San Agustín de Arequipa,Pública,PLN (NLP)
P0017577,https://openalex.org/A5080895073,Pedro Shiguihara-Juárez,https://orcid.org/0000-0003-0137-3215,Anomaly Detection Techniques and Applications|Imbalanced Data Classification Techniques|Bayesian Modeling and Causal Inference,Artificial Intelligence,Peruvian University of Applied Sciences,education,alta,"SHIGUIHARA JUAREZ,PEDRO NELSON",Masculino,30 a 39,VII,7.0,Activo,Reglamento_2021,2022.0,LA LIBERTAD,Otras regiones,PERÚ,14,105,2017,2025,Universidad Peruana de Ciencias Aplicadas,Privada,Aprendizaje automático (general)
P0017602,https://openalex.org/A5037645533,Lizardo Pari,https://orcid.org/0000-0002-6580-2149,Robotic Path Planning Algorithms|Advanced Vision and Imaging,Computer Vision and Pattern Recognition,Universidad Nacional de San Agustin de Arequipa,education,media,"PARI PINTO,PABLO LIZARDO",Masculino,50 a 59,V,5.0,Activo,Reglamento_2021,2023.0,AREQUIPA,Otras regiones,PERÚ,2,7,2021,2025,Universidad Nacional de San Agustín de Arequipa,Pública,Robótica y control
P0017683,https://openalex.org/A5033977451,Rafael N. Liñán-Abanto,https://orcid.org/0000-0003-0879-7467,Solar Radiation and Photovoltaics,Artificial Intelligence,Jorge Basadre Grohmann National University,education,alta,"LIÑAN ABANTO,RAFAEL NERY",Masculino,50 a 59,VI,6.0,Activo,Reglamento_2021,2024.0,TACNA,Otras regiones,PERÚ,1,0,2025,2025,Jorge Basadre Grohmann National University,Otro / no clasificado,IA aplicada (otros dominios)
P0017765,https://openalex.org/A5078921516,Luis Baca,https://orcid.org/0000-0002-5751-9482,Sentiment Analysis and Opinion Mining|Solar Radiation and Photovoltaics,Artificial Intelligence,Universidad César Vallejo,education,media,"CAMPOS BACA,LUIS EXEQUIEL",Masculino,70 a 79,VI,6.0,Activo,Reglamento_2021,2022.0,LORETO,Otras regiones,PERÚ,2,3,2021,2023,Universidad César Vallejo,Privada,PLN (NLP)
P0017780,https://openalex.org/A5067348030,Erick Quispe,,Solar Radiation and Photovoltaics,Artificial Intelligence,Universidad Tecnológica del Perú,education,media,"MEZA QUISPE,ERICK GREGORIO",Masculino,40 a 49,III,3.0,Activo,Reglamento_2021,2022.0,MOQUEGUA,Otras regiones,PERÚ,1,4,2025,2025,Universidad Tecnológica del Perú,Privada,IA aplicada (otros dominios)
P0017807,https://openalex.org/A5069526662,José Sulla-Torres,https://orcid.org/0000-0001-5129-430X,Currency Recognition and Detection|Neural Networks and Applications|AI in Service Interactions,Computer Vision and Pattern Recognition,Catholic University of Santa María,education,alta,"SULLA TORRES,JOSE ALFREDO",Masculino,50 a 59,I,1.0,Activo,Reglamento_2021,2024.0,AREQUIPA,Otras regiones,PERÚ,7,7,2016,2026,Catholic University of Santa María,Otro / no clasificado,Visión computacional
P0017842,https://openalex.org/A5048555733,Wilver Auccahuasi,https://orcid.org/0000-0001-8820-4013,AI in cancer detection|Augmented Reality Applications|Seismology and Earthquake Studies,Artificial Intelligence,Private University of the North,education,media,"AUCCAHUASI AIQUIPA,WILVER",Masculino,40 a 49,VI,6.0,Activo,Reglamento_2021,2023.0,LIMA,Lima y Callao,PERÚ,12,19,2019,2026,Universidad Privada del Norte,Privada,IA en salud
P0017851,https://openalex.org/A5015097715,Jorge Luis Hilario Rivas,https://orcid.org/0000-0003-1283-5630,Sentiment Analysis and Opinion Mining|Chaos-based Image/Signal Encryption,Artificial Intelligence,Universidad Nacional de Ucayali,education,exacta,"HILARIO RIVAS,JORGE LUIS",Masculino,50 a 59,V,5.0,Activo,Reglamento_2021,2023.0,UCAYALI,Otras regiones,PERÚ,2,9,2021,2021,Universidad Nacional de Ucayali,Pública,PLN (NLP)
P0017939,https://openalex.org/A5076962962,Leslie Casas,https://orcid.org/0000-0002-0410-5649,Optical measurement and interference techniques,Computer Vision and Pattern Recognition,Pontificia Universidad Católica del Perú,education,media,"CASAS APAYCO,LESLIE CAROLL",Femenino,40 a 49,III,3.0,Activo,Reglamento_2021,2023.0,LIMA,Lima y Callao,PERÚ,1,6,2015,2015,Pontificia Universidad Católica del Perú,Privada,IA aplicada (otros dominios)
P0017993,https://openalex.org/A5119551381,José Rodriguez-Melquiades,,Medical Image Segmentation Techniques,Computer Vision and Pattern Recognition,National University of Trujillo,education,alta,"RODRIGUEZ MELQUIADES,JOSE ANTONIO",Masculino,60 a 69,VII,7.0,Activo,Reglamento_2021,2023.0,LA LIBERTAD,Otras regiones,PERÚ,1,0,2026,2026,Universidad Nacional de Trujillo,Pública,IA en salud
P0018029,https://openalex.org/A5059994238,Percy W. Lovon-Ramos,https://orcid.org/0000-0001-8823-2962,Advanced Neural Network Applications,Computer Vision and Pattern Recognition,Universidad Católica San Pablo,education,alta,"LOVON RAMOS,PERCY WILIANSON",Masculino,30 a 39,VII,7.0,VIGENCIA VENCIDA,Reglamento_2018,2019.0,ANCASH,Otras regiones,PERÚ,1,7,2016,2016,Universidad Católica San Pablo,Privada,Redes neuronales / Deep Learning
P0018057,https://openalex.org/A5015631450,Juan J. Salinas,https://orcid.org/0000-0003-0370-8365,Seismology and Earthquake Studies,Artificial Intelligence,National University of Engineering,education,media,"CELIS SALINAS,JUAN CARLOS",Masculino,40 a 49,VI,6.0,Activo,Reglamento_2021,2023.0,LORETO,Otras regiones,PERÚ,2,1,2025,2025,Universidad Nacional de Ingeniería,Pública,IA aplicada (otros dominios)
P0018069,https://openalex.org/A5068455777,Juan Gutiérrez-Cárdenas,https://orcid.org/0000-0003-2566-4690,Advanced Steganography and Watermarking Techniques|AI in cancer detection,Computer Vision and Pattern Recognition,Universidad de Lima,education,alta,"GUTIERREZ CARDENAS,JUAN MANUEL",Masculino,50 a 59,IV,4.0,Activo,Reglamento_2021,2023.0,LIMA,Lima y Callao,PERÚ,4,8,2017,2024,Universidad de Lima,Privada,IA aplicada (otros dominios)
P0018371,https://openalex.org/A5007073667,Oscar Vera,https://orcid.org/0000-0002-1996-8471,Solar Radiation and Photovoltaics,Artificial Intelligence,Universidad Nacional de Moquegua,education,media,"VERA RAMIREZ,OSCAR JOHN",Masculino,40 a 49,VII,7.0,Activo,Reglamento_2021,2022.0,AREQUIPA,Otras regiones,PERÚ,1,5,2023,2023,Universidad Nacional de Moquegua,Pública,IA aplicada (otros dominios)
P0018424,https://openalex.org/A5019505584,Fabricio Mansilla P.,,Semantic Web and Ontologies,Artificial Intelligence,National University of Engineering,education,media,"PUENTE MANSILLA,FABRICIO RENATO",Masculino,30 a 39,VII,7.0,VIGENCIA VENCIDA,Reglamento_2018,2019.0,LIMA,Lima y Callao,PERÚ,3,9,2015,2017,Universidad Nacional de Ingeniería,Pública,Web semántica y ontologías
P0018734,https://openalex.org/A5055495119,Martin Manuel Grados Vásquez,https://orcid.org/0000-0002-8620-7859,Organizational and Employee Performance,Artificial Intelligence,National University of Trujillo,education,exacta,"GRADOS VASQUEZ,MARTIN MANUEL",Masculino,60 a 69,V,5.0,Activo,Reglamento_2021,2024.0,LA LIBERTAD,Otras regiones,PERÚ,1,4,2023,2023,Universidad Nacional de Trujillo,Pública,IA aplicada (otros dominios)
P0018749,https://openalex.org/A5058510975,Sheda Méndez Ancca,https://orcid.org/0000-0002-3797-1316,Image and Signal Denoising Methods,Computer Vision and Pattern Recognition,Universidad Nacional de Moquegua,education,exacta,"MENDEZ ANCCA,SHEDA",Femenino,50 a 59,V,5.0,Activo,Reglamento_2021,2023.0,MOQUEGUA,Otras regiones,PERÚ,1,0,2025,2025,Universidad Nacional de Moquegua,Pública,Visión computacional
P0018932,https://openalex.org/A5112499417,Hugo Tito,,Gaussian Processes and Bayesian Inference|Solar Radiation and Photovoltaics|Bayesian Modeling and Causal Inference,Artificial Intelligence,Universidad Nacional de Moquegua,education,media,"TITO CHURA,HUGO EULER",Masculino,50 a 59,V,5.0,Activo,Reglamento_2021,2023.0,MOQUEGUA,Otras regiones,PERÚ,4,36,2019,2022,Universidad Nacional de Moquegua,Pública,IA aplicada (otros dominios)
P0019108,https://openalex.org/A5011202027,José Santisteban,https://orcid.org/0000-0003-4526-642X,Imbalanced Data Classification Techniques|Explainable Artificial Intelligence (XAI)|Data Analysis with R,Artificial Intelligence,Peruvian University of Applied Sciences,education,media,"SANTISTEBAN PAZOS,JOSE LUIS",Masculino,40 a 49,VI,6.0,Activo,Reglamento_2021,2023.0,LIMA,Lima y Callao,PERÚ,3,0,2025,2026,Universidad Peruana de Ciencias Aplicadas,Privada,Aprendizaje automático (general)
P0019183,https://openalex.org/A5051488086,Rubén Alexander More Valencia,https://orcid.org/0000-0002-7496-3702,AI-based Problem Solving and Planning,Artificial Intelligence,University of Piura,education,exacta,"MORE VALENCIA,RUBEN ALEXANDER",Masculino,40 a 49,V,5.0,Activo,Reglamento_2021,2023.0,PIURA,Otras regiones,PERÚ,1,0,2024,2024,University of Piura,Otro / no clasificado,IA aplicada (otros dominios)
P0019255,https://openalex.org/A5073304804,Roger Pedro Norabuena Figueroa,https://orcid.org/0000-0003-3731-9843,Context-Aware Activity Recognition Systems,Computer Vision and Pattern Recognition,Universidad Privada San Juan Bautista,education,exacta,"NORABUENA FIGUEROA,ROGER PEDRO",Masculino,40 a 49,V,5.0,Activo,Reglamento_2021,2022.0,ANCASH,Otras regiones,PERÚ,1,8,2023,2023,Universidad Privada San Juan Bautista,Privada,Visión computacional
P0019261,https://openalex.org/A5076193210,Marina Gabriela Sadith Pérez Paredes,https://orcid.org/0000-0002-6599-7564,Face and Expression Recognition,Computer Vision and Pattern Recognition,Universidad de Ingeniería y Tecnología,education,exacta,"PEREZ PAREDES,MARINA GABRIELA SADITH",Femenino,40 a 49,VII,7.0,Activo,Reglamento_2021,2022.0,LIMA,Lima y Callao,PERÚ,1,0,2022,2022,Universidad de Ingeniería y Tecnología,Privada,Visión computacional
P0019354,https://openalex.org/A5106561121,Arquimedes Vargas-Luque,,Geochemistry and Geologic Mapping,Artificial Intelligence,Universidad Nacional de Moquegua,education,alta,"VARGAS LUQUE,ARQUIMEDES LEON",Masculino,50 a 59,VII,7.0,Activo,Reglamento_2021,2024.0,MOQUEGUA,Otras regiones,PERÚ,1,7,2024,2024,Universidad Nacional de Moquegua,Pública,IA aplicada (otros dominios)
P0019390,https://openalex.org/A5013498932,José Luis Soncco-Álvarez,https://orcid.org/0000-0002-3544-5777,Metaheuristic Optimization Algorithms Research|Advanced Clustering Algorithms Research,Artificial Intelligence,National University of Saint Anthony the Abbot in Cuzco,education,exacta,"SONCCO ALVAREZ,JOSE LUIS",Masculino,30 a 39,V,5.0,VIGENCIA VENCIDA,Reglamento_2018,2019.0,CUSCO,Sur andino (Altiplano),PERÚ,3,14,2020,2023,Universidad Nacional de San Antonio Abad del Cusco,Pública,Optimización y metaheurísticas
P0019506,https://openalex.org/A5049819281,Richard Injante,https://orcid.org/0000-0002-2449-8937,AI in cancer detection|Machine Learning in Healthcare,Artificial Intelligence,Universidad Nacional de San Martín,education,media,"INJANTE ORE,RICHARD ENRIQUE",Masculino,40 a 49,VII,7.0,Activo,Reglamento_2021,2022.0,SAN MARTIN,Otras regiones,PERÚ,2,0,2026,2026,Universidad Nacional de San Martín,Pública,IA en salud
P0019569,https://openalex.org/A5106530701,Lucy Giráldez-Solano,,Solar Radiation and Photovoltaics,Artificial Intelligence,Instituto Geofísico del Perú,government,alta,"GIRALDEZ SOLANO,LUCY MARISOL",Femenino,40 a 49,VII,7.0,VIGENCIA VENCIDA,Reglamento_2018,2020.0,JUNIN,Otras regiones,PERÚ,1,0,2024,2024,Instituto Geofísico del Perú,Pública,IA aplicada (otros dominios)
P0019699,https://openalex.org/A5124882135,Igor Aguilar-Alonso,,Advanced Technologies in Various Fields,Artificial Intelligence,National University of San Marcos,education,alta,"AGUILAR ALONSO,IGOR JOVINO",Masculino,50 a 59,V,5.0,Activo,Reglamento_2021,2022.0,LIMA,Lima y Callao,PERÚ,1,0,2026,2026,Universidad Nacional Mayor de San Marcos,Pública,IA aplicada (otros dominios)
P0019718,https://openalex.org/A5010343739,Arturo Oncevay,,Natural Language Processing Techniques|Topic Modeling|Sentiment Analysis and Opinion Mining,Artificial Intelligence,Pontificia Universidad Católica del Perú,education,media,"ONCEVAY MARCOS,FELIX ARTURO",Masculino,30 a 39,V,5.0,VIGENCIA VENCIDA,Reglamento_2018,2019.0,LIMA,Lima y Callao,PERÚ,12,87,2017,2024,Pontificia Universidad Católica del Perú,Privada,PLN (NLP)
P0019748,https://openalex.org/A5002510104,Franco Romaní,https://orcid.org/0000-0002-6471-5684,Diverse Interdisciplinary Research Studies,Artificial Intelligence,University of Piura|Instituto Nacional de Salud,education|government,media,"ROMANI ROMANI,FRANCO RONALD",Masculino,40 a 49,III,3.0,Activo,Reglamento_2021,2022.0,LIMA,Lima y Callao,PERÚ,1,3,2019,2019,University of Piura|Instituto Nacional de Salud,Pública,IA aplicada (otros dominios)
P0019781,https://openalex.org/A5088765893,Angela Mayhua-Quispe,https://orcid.org/0000-0003-2095-7670,Image Retrieval and Classification Techniques|Data Stream Mining Techniques,Computer Vision and Pattern Recognition,Universidad Católica San Pablo,education,alta,"MAYHUA QUISPE,ANGELA GABRIELA",Femenino,30 a 39,VII,7.0,Activo,Reglamento_2021,2022.0,AREQUIPA,Otras regiones,PERÚ,3,88,2017,2020,Universidad Católica San Pablo,Privada,Visión computacional
P0019783,https://openalex.org/A5079805752,Rosario Medina-Rodríguez,https://orcid.org/0000-0001-9836-5339,Machine Learning and Data Classification|Face and Expression Recognition,Artificial Intelligence,Pontificia Universidad Católica del Perú,education,alta,"MEDINA RODRIGUEZ,ROSARIO ALEJANDRA",Femenino,30 a 39,VI,6.0,Activo,Reglamento_2021,2022.0,LIMA,Lima y Callao,PERÚ,2,1,2018,2021,Pontificia Universidad Católica del Perú,Privada,Aprendizaje automático (general)
P0019794,https://openalex.org/A5085534726,Ivan Choque,https://orcid.org/0000-0002-5376-8246,Optical measurement and interference techniques,Computer Vision and Pattern Recognition,Pontificia Universidad Católica del Perú,education,media,"CHOQUE AQUINO,JOVANETTY IVAN",Masculino,30 a 39,V,5.0,Activo,Reglamento_2021,2022.0,TACNA,Otras regiones,PERÚ,3,1,2015,2023,Pontificia Universidad Católica del Perú,Privada,IA aplicada (otros dominios)
P0019823,https://openalex.org/A5075804925,Edward Hinojosa-Cárdenas,https://orcid.org/0000-0003-0307-7567,Fuzzy Logic and Control Systems|Text and Document Classification Technologies|Evolutionary Algorithms and Applications,Artificial Intelligence,Universidad Nacional de San Agustin de Arequipa,education,exacta,"HINOJOSA CARDENAS,EDWARD",Masculino,30 a 39,VI,6.0,Activo,Reglamento_2021,2022.0,AREQUIPA,Otras regiones,PERÚ,6,24,2016,2025,Universidad Nacional de San Agustín de Arequipa,Pública,Robótica y control
P0019828,https://openalex.org/A5054163252,Javier Gamboa-Cruzado,https://orcid.org/0000-0002-0461-4152,AI in Service Interactions|Sentiment Analysis and Opinion Mining,Artificial Intelligence,National University of San Marcos,education,alta,"GAMBOA CRUZADO,JAVIER ARTURO",Masculino,50 a 59,II,2.0,Activo,Reglamento_2021,2023.0,LIMA,Lima y Callao,PERÚ,3,8,2022,2024,Universidad Nacional Mayor de San Marcos,Pública,IA aplicada (otros dominios)
P0019945,https://openalex.org/A5043462151,Jimy Oblitas,https://orcid.org/0000-0001-7652-6672,Sentiment Analysis and Opinion Mining|Neural Networks and Applications,Artificial Intelligence,Private University of the North,education,media,"OBLITAS CRUZ,JIMY FRANK",Masculino,40 a 49,III,3.0,Activo,Reglamento_2021,2022.0,CAJAMARCA,Otras regiones,PERÚ,3,102,2017,2021,Universidad Privada del Norte,Privada,PLN (NLP)
P0019962,https://openalex.org/A5055529071,Lenis Wong,https://orcid.org/0000-0002-5032-3233,AI in cancer detection|Advanced Software Engineering Methodologies|AI in Service Interactions,Artificial Intelligence,Peruvian University of Applied Sciences,education,media,"WONG PORTILLO,LENIS ROSSI",Femenino,40 a 49,V,5.0,Activo,Reglamento_2021,2022.0,LIMA,Lima y Callao,PERÚ,9,50,2022,2026,Universidad Peruana de Ciencias Aplicadas,Privada,IA en salud
P0020113,https://openalex.org/A5027557382,Soledad Espezua,https://orcid.org/0000-0002-9881-1367,Currency Recognition and Detection,Computer Vision and Pattern Recognition,Pontificia Universidad Católica del Perú,education,media,"ESPEZUA LLERENA,SOLEDAD",Femenino,50 a 59,VI,6.0,Activo,Reglamento_2021,2022.0,LIMA,Lima y Callao,PERÚ,1,0,2024,2024,Pontificia Universidad Católica del Perú,Privada,Visión computacional
P0020195,https://openalex.org/A5033618947,Elizabeth Vidal,https://orcid.org/0000-0002-8367-9439,AI in Service Interactions|Advanced Software Engineering Methodologies|Augmented Reality Applications,Artificial Intelligence,Universidad Nacional de San Agustin de Arequipa,education,media,"VIDAL DUARTE,ELIZABETH ENRIQUETA",Femenino,40 a 49,IV,4.0,Activo,Reglamento_2021,2023.0,AREQUIPA,Otras regiones,PERÚ,3,7,2021,2024,Universidad Nacional de San Agustín de Arequipa,Pública,IA aplicada (otros dominios)
P0020295,https://openalex.org/A5055443567,Leonardo Vinces,https://orcid.org/0000-0002-3518-591X,Robotic Path Planning Algorithms|Context-Aware Activity Recognition Systems|Advanced Neural Network Applications,Computer Vision and Pattern Recognition,Peruvian University of Applied Sciences,education,media,"VINCES RAMOS,LEONARDO NIKOLAI",Masculino,40 a 49,VII,7.0,Activo,Reglamento_2021,2022.0,LIMA,Lima y Callao,PERÚ,8,15,2022,2024,Universidad Peruana de Ciencias Aplicadas,Privada,Robótica y control
P0020301,https://openalex.org/A5079761829,Hugo Alatrista-Salas,https://orcid.org/0000-0001-5252-4728,Privacy-Preserving Technologies in Data|Anomaly Detection Techniques and Applications|Imbalanced Data Classification Techniques,Artificial Intelligence,University of the Pacific,education,exacta,"ALATRISTA SALAS,HUGO",Masculino,40 a 49,IV,4.0,Activo,Reglamento_2021,2023.0,LIMA,Lima y Callao,PERÚ,10,25,2018,2025,University of the Pacific,Otro / no clasificado,IA aplicada (otros dominios)
P0020465,https://openalex.org/A5026095134,Yasmina Riega-Virú,https://orcid.org/0000-0002-1725-9030,"Law, AI, and Intellectual Property",Artificial Intelligence,Private University of the North,education,alta,"RIEGA VIRU,YASMINA BEATRIZ",Femenino,50 a 59,VI,6.0,Activo,Reglamento_2021,2023.0,LIMA,Lima y Callao,PERÚ,2,5,2024,2025,Universidad Privada del Norte,Privada,IA aplicada (otros dominios)
P0020467,https://openalex.org/A5085792386,Francisco C. Villafuerte,https://orcid.org/0000-0003-0731-8911,Data Analysis with R,Artificial Intelligence,Universidad Peruana Cayetano Heredia,education,media,"VILLAFUERTE CASTRILLON,FRANCISCO CARLOS",Masculino,40 a 49,Distinguido,0.0,Activo,Reglamento_2021,2022.0,LIMA,Lima y Callao,PERÚ,1,0,2021,2021,Universidad Peruana Cayetano Heredia,Privada,IA aplicada (otros dominios)
P0020532,https://openalex.org/A5070651537,Heriberto Arévalo Ramírez,https://orcid.org/0000-0002-3252-6301,AI in cancer detection,Artificial Intelligence,Universidad Nacional de San Martín,education,exacta,"AREVALO RAMIREZ,HERIBERTO",Masculino,60 a 69,VI,6.0,Activo,Reglamento_2021,2022.0,SAN MARTIN,Otras regiones,PERÚ,1,0,2026,2026,Universidad Nacional de San Martín,Pública,IA en salud
P0020545,https://openalex.org/A5031243269,Álvaro Taype-Rondán,https://orcid.org/0000-0001-8758-0463,Hate Speech and Cyberbullying Detection,Artificial Intelligence,Universidad Peruana Cayetano Heredia,education,alta,"TAYPE RONDAN,ALVARO RENZO",Masculino,30 a 39,Distinguido,0.0,Activo,Reglamento_2021,2022.0,LIMA,Lima y Callao,PERÚ,1,0,2015,2015,Universidad Peruana Cayetano Heredia,Privada,PLN (NLP)
P0020676,https://openalex.org/A5033878355,Orlando Poma,https://orcid.org/0000-0003-0033-7765,Solar Radiation and Photovoltaics,Artificial Intelligence,Universidad Peruana Unión,education,media,"POMA PORRAS,ORLANDO ALAN",Masculino,60 a 69,V,5.0,Activo,Reglamento_2021,2023.0,LIMA,Lima y Callao,PERÚ,1,1,2022,2022,Universidad Peruana Unión,Privada,IA aplicada (otros dominios)
P0020710,https://openalex.org/A5053043877,Elizabeth Villota,https://orcid.org/0000-0002-6431-1479,Neural Networks and Applications|Human Pose and Action Recognition,Artificial Intelligence,Pontificia Universidad Católica del Perú,education,media,"VILLOTA CERNA,ELIZABETH ROXANA",Femenino,40 a 49,V,5.0,Activo,Reglamento_2021,2022.0,LIMA,Lima y Callao,PERÚ,3,9,2018,2022,Pontificia Universidad Católica del Perú,Privada,Redes neuronales / Deep Learning
P0020825,https://openalex.org/A5122832843,Hugo Rodriguez Ferrucci,,Digital Imaging for Blood Diseases,Computer Vision and Pattern Recognition,Universidad Nacional de la Amazonía Peruana,education,alta,"RODRIGUEZ FERRUCCI,HUGO MIGUEL",Masculino,60 a 69,I,1.0,Activo,Reglamento_2021,2023.0,LORETO,Otras regiones,PERÚ,2,0,2026,2026,Universidad Nacional de la Amazonía Peruana,Pública,IA en salud
P0020857,https://openalex.org/A5034455280,Gustavo Boza-Quispe,,Semantic Web and Ontologies,Artificial Intelligence,National University of Engineering,education,alta,"BOZA QUISPE,GUSTAVO ALONSO",Masculino,30 a 39,VII,7.0,VIGENCIA VENCIDA,Reglamento_2018,2019.0,LIMA,Lima y Callao,PERÚ,2,9,2015,2017,Universidad Nacional de Ingeniería,Pública,Web semántica y ontologías
P0021063,https://openalex.org/A5120907289,Rafael Pichardo-Rodriguez,,AI in cancer detection,Artificial Intelligence,Universidad César Vallejo,education,alta,"PICHARDO RODRIGUEZ,RAFAEL MARTIN DE JESUS",Masculino,30 a 39,V,5.0,Activo,Reglamento_2021,2023.0,LIMA,Lima y Callao,PERÚ,1,0,2025,2025,Universidad César Vallejo,Privada,IA en salud
P0021108,https://openalex.org/A5043724165,Marcela Cruz,https://orcid.org/0000-0002-8215-8471,"Logic, programming, and type systems",Artificial Intelligence,Universidad Católica San Pablo,education,media,"QUISPE CRUZ,MARCELA",Femenino,40 a 49,VII,7.0,Activo,Reglamento_2021,2022.0,AREQUIPA,Otras regiones,PERÚ,2,0,2016,2016,Universidad Católica San Pablo,Privada,IA aplicada (otros dominios)
P0021131,https://openalex.org/A5055983312,Ernesto Paiva-Peredo,https://orcid.org/0000-0002-9780-3218,AI in cancer detection|Neural Networks and Applications|Solar Radiation and Photovoltaics,Artificial Intelligence,Universidad Tecnológica del Perú,education,alta,"PAIVA PEREDO,ERNESTO ALONSO",Masculino,30 a 39,V,5.0,Activo,Reglamento_2021,2024.0,LAMBAYEQUE,Otras regiones,PERÚ,5,4,2022,2025,Universidad Tecnológica del Perú,Privada,IA en salud
P0021377,https://openalex.org/A5104212205,Carlos Fidel Ponce Sánchez,,Text Readability and Simplification,Artificial Intelligence,National University of Engineering,education,exacta,"PONCE SANCHEZ,CARLOS FIDEL",Masculino,50 a 59,VI,6.0,Activo,Reglamento_2021,2023.0,LIMA,Lima y Callao,PERÚ,1,0,2025,2025,Universidad Nacional de Ingeniería,Pública,IA aplicada (otros dominios)
P0021379,https://openalex.org/A5055991257,Ivan Sipiran,https://orcid.org/0000-0002-8766-3581,Image Processing and 3D Reconstruction|Data Visualization and Analytics,Computer Vision and Pattern Recognition,Pontificia Universidad Católica del Perú,education,media,"SIPIRAN MENDOZA,IVAN ANSELMO",Masculino,40 a 49,III,3.0,Activo,Reglamento_2021,2022.0,LIMA,Lima y Callao,PERÚ,10,182,2015,2020,Pontificia Universidad Católica del Perú,Privada,Visión computacional
P0021441,https://openalex.org/A5013365776,Hernán Nina Hanco,https://orcid.org/0000-0003-0230-5812,Augmented Reality Applications|Cryptography and Data Security|Image Processing and 3D Reconstruction,Computer Vision and Pattern Recognition,Universidad de Lima,education,exacta,"NINA HANCO,HERNAN",Masculino,40 a 49,VII,7.0,Activo,Reglamento_2021,2022.0,CUSCO,Sur andino (Altiplano),PERÚ,4,1,2023,2026,Universidad de Lima,Privada,Visión computacional
P0021536,https://openalex.org/A5025009977,Manuel E. Malpica-Rodríguez,https://orcid.org/0000-0002-5534-5116,Augmented Reality Applications,Computer Vision and Pattern Recognition,Private University of the North,education,alta,"MALPICA RODRIGUEZ,MANUEL ENRIQUE",Masculino,40 a 49,VI,6.0,Activo,Reglamento_2021,2023.0,CAJAMARCA,Otras regiones,PERÚ,2,0,2024,2025,Universidad Privada del Norte,Privada,Visión computacional
P0021585,https://openalex.org/A5046633072,Paul Mendoza del Carpio,https://orcid.org/0000-0002-4674-2195,Data Stream Mining Techniques,Artificial Intelligence,Universidad Alas Peruanas,education,alta,"MENDOZA DEL CARPIO,PAUL MAURICIO",Masculino,40 a 49,VII,7.0,Activo,Reglamento_2021,2022.0,AREQUIPA,Otras regiones,PERÚ,1,0,2015,2015,Universidad Alas Peruanas,Privada,IA aplicada (otros dominios)
P0021670,https://openalex.org/A5123449192,José Joel Cruz-Tarrillo,,AI in Service Interactions,Artificial Intelligence,Universidad Peruana Unión,education,exacta,"CRUZ TARRILLO,JOSE JOEL",Masculino,30 a 39,V,5.0,Activo,Reglamento_2021,2023.0,SAN MARTIN,Otras regiones,PERÚ,1,0,2026,2026,Universidad Peruana Unión,Privada,IA aplicada (otros dominios)
P0021805,https://openalex.org/A5081627424,Daniel Yanyachi,https://orcid.org/0000-0002-8964-5352,Robotic Path Planning Algorithms,Computer Vision and Pattern Recognition,Universidad Nacional de San Agustin de Arequipa,education,media,"YANYACHI ACO CARDENAS,DANIEL DOMINGO",Masculino,60 a 69,VII,7.0,Activo,Reglamento_2021,2022.0,AREQUIPA,Otras regiones,PERÚ,2,0,2025,2025,Universidad Nacional de San Agustín de Arequipa,Pública,Robótica y control
P0022003,https://openalex.org/A5083921755,Víctor Angel Ancajima-Miñán,https://orcid.org/0000-0002-3122-4512,Context-Aware Activity Recognition Systems,Computer Vision and Pattern Recognition,Catholic University Los Angeles of Chimbote,education,exacta,"ANCAJIMA MIÑAN,VICTOR ANGEL",Masculino,60 a 69,VI,6.0,Activo,Reglamento_2021,2023.0,PIURA,Otras regiones,PERÚ,1,0,2023,2023,Catholic University Los Angeles of Chimbote,Otro / no clasificado,Visión computacional
P0022159,https://openalex.org/A5003595978,Flaviano Armando Zenteno Ruíz,https://orcid.org/0000-0003-3348-9423,Intelligent Tutoring Systems and Adaptive Learning,Artificial Intelligence,Daniel Alcides Carrión National University,education,exacta,"ZENTENO RUIZ,FLAVIANO ARMANDO",Masculino,60 a 69,V,5.0,Activo,Reglamento_2021,2023.0,LIMA,Lima y Callao,PERÚ,1,0,2026,2026,Daniel Alcides Carrión National University,Otro / no clasificado,IA en educación
P0022212,https://openalex.org/A5088624759,Yonatan Mamani-Coaquira,https://orcid.org/0000-0002-5919-2145,Sentiment Analysis and Opinion Mining|Metaheuristic Optimization Algorithms Research|Advanced Neural Network Applications,Artificial Intelligence,Pontificia Universidad Católica del Perú,education,exacta,"MAMANI COAQUIRA,YONATAN",Masculino,30 a 39,VII,7.0,Activo,Reglamento_2021,2022.0,APURIMAC,Sur andino (Altiplano),PERÚ,3,15,2020,2024,Pontificia Universidad Católica del Perú,Privada,PLN (NLP)
P0022280,https://openalex.org/A5063834323,Mario Chauca,https://orcid.org/0000-0002-8347-6543,AI in Service Interactions,Artificial Intelligence,Universidad Ricardo Palma,education,media,"CHAUCA SAAVEDRA,MARIO BERNABE",Masculino,50 a 59,V,5.0,Activo,Reglamento_2021,2024.0,LIMA,Lima y Callao,PERÚ,2,5,2026,2026,Universidad Ricardo Palma,Privada,IA aplicada (otros dominios)
P0022452,https://openalex.org/A5083254622,Wilder Nina Choquehuayta,https://orcid.org/0000-0002-6027-4973,Advanced Neural Network Applications|Speech Recognition and Synthesis,Computer Vision and Pattern Recognition,Universidad Nacional de San Agustin de Arequipa,education,exacta,"NINA CHOQUEHUAYTA,WILDER",Masculino,30 a 39,VII,7.0,Activo,Reglamento_2021,2023.0,LIMA,Lima y Callao,PERÚ,3,28,2020,2024,Universidad Nacional de San Agustín de Arequipa,Pública,Redes neuronales / Deep Learning
P0022543,https://openalex.org/A5027418162,Christian Flores,https://orcid.org/0000-0001-8301-5598,Machine Learning and ELM,Artificial Intelligence,Universidad de Ingeniería y Tecnología,education,media,"FLORES VEGA,CHRISTIAN HUMBERTO",Masculino,40 a 49,VII,7.0,Activo,Reglamento_2021,2023.0,LIMA,Lima y Callao,PERÚ,1,3,2018,2018,Universidad de Ingeniería y Tecnología,Privada,Aprendizaje automático (general)
P0022551,https://openalex.org/A5052763218,Vicente Enrique Machaca Arceda,https://orcid.org/0000-0001-8990-5495,Video Surveillance and Tracking Methods|Human Pose and Action Recognition|Face recognition and analysis,Computer Vision and Pattern Recognition,Universidad Nacional de San Agustin de Arequipa,education,exacta,"MACHACA ARCEDA,VICENTE ENRIQUE",Masculino,30 a 39,VII,7.0,Activo,Reglamento_2021,2024.0,AREQUIPA,Otras regiones,PERÚ,5,85,2016,2020,Universidad Nacional de San Agustín de Arequipa,Pública,Visión computacional
P0022567,https://openalex.org/A5053009513,Rel Guzman,https://orcid.org/0000-0001-6444-125X,Metaheuristic Optimization Algorithms Research|Neural Networks and Applications,Artificial Intelligence,Universidad Nacional de San Agustin de Arequipa,education,media,"GUZMAN APAZA,REL",Masculino,30 a 39,V,5.0,VIGENCIA VENCIDA,Reglamento_2018,2019.0,AREQUIPA,Otras regiones,PERÚ,2,1,2016,2019,Universidad Nacional de San Agustín de Arequipa,Pública,Optimización y metaheurísticas
P0022576,https://openalex.org/A5008318590,Brenner Humberto Ojeda Rios,,Metaheuristic Optimization Algorithms Research,Artificial Intelligence,Universidad Nacional de San Agustin de Arequipa,education,exacta,"OJEDA RIOS,BRENNER HUMBERTO",Masculino,30 a 39,VII,7.0,Activo,Reglamento_2021,2024.0,LIMA,Lima y Callao,PERÚ,1,0,2022,2022,Universidad Nacional de San Agustín de Arequipa,Pública,Optimización y metaheurísticas
P0022625,https://openalex.org/A5111273256,Jhon E. Monroy Barrios,,Speech Recognition and Synthesis,Artificial Intelligence,Universidad de San Martín de Porres|Universidad Nacional de San Agustin de Arequipa,education|education,alta,"MONROY BARRIOS,JHON EDILBERTO",Masculino,30 a 39,VI,6.0,No registra,Reglamento_2018,2021.0,AREQUIPA,Otras regiones,PERÚ,1,1,2024,2024,Universidad de San Martín de Porres|Universidad Nacional de San Agustin de Arequipa,Pública,PLN (NLP)
P0022644,https://openalex.org/A5010904841,David Lira,https://orcid.org/0000-0002-6674-3478,"Psychiatry, Mental Health, Neuroscience",Artificial Intelligence,Institute of Peruvian Studies,facility,media,"LIRA MAMANI,DAVID",Masculino,50 a 59,III,3.0,Activo,Reglamento_2021,2022.0,LIMA,Lima y Callao,PERÚ,1,0,2015,2015,Institute of Peruvian Studies,Otro / no clasificado,IA en salud
P0022663,https://openalex.org/A5082409709,Julio Vera-Sancho,https://orcid.org/0000-0001-5526-5223,Topic Modeling|Augmented Reality Applications,Artificial Intelligence,Universidad Nacional de San Agustin de Arequipa,education,alta,"VERA SANCHO,JULIO AUGUSTO",Masculino,30 a 39,VI,6.0,No registra,Reglamento_2018,2021.0,AREQUIPA,Otras regiones,PERÚ,2,1,2019,2025,Universidad Nacional de San Agustín de Arequipa,Pública,PLN (NLP)
P0022723,https://openalex.org/A5008302019,Yessica Rosas-Cuevas,https://orcid.org/0000-0001-8178-0501,Advanced Neural Network Applications,Computer Vision and Pattern Recognition,Universidad Católica San Pablo,education,exacta,"ROSAS CUEVAS,YESSICA",Femenino,30 a 39,VI,6.0,VIGENCIA VENCIDA,Reglamento_2018,2019.0,AREQUIPA,Otras regiones,PERÚ,1,7,2016,2016,Universidad Católica San Pablo,Privada,Redes neuronales / Deep Learning
P0022924,https://openalex.org/A5075285803,Robert Ipanaqué-Chero,https://orcid.org/0000-0002-3873-6780,Data Visualization and Analytics|Augmented Reality Applications,Computer Vision and Pattern Recognition,Universidad Nacional de Piura,education,exacta,"IPANAQUE CHERO,ROBERT",Masculino,50 a 59,VII,7.0,Activo,Reglamento_2021,2022.0,PIURA,Otras regiones,PERÚ,2,2,2020,2022,Universidad Nacional de Piura,Pública,IA aplicada (otros dominios)
P0023071,https://openalex.org/A5036838586,Christian Fonseca,,Machine Learning and ELM,Artificial Intelligence,Universidad de Ingeniería y Tecnología,education,media,"FONSECA RODRIGUEZ,CHRISTIAN JEFREY",Masculino,30 a 39,V,5.0,VIGENCIA VENCIDA,Reglamento_2018,2019.0,LIMA,Lima y Callao,PERÚ,1,3,2018,2018,Universidad de Ingeniería y Tecnología,Privada,Aprendizaje automático (general)
P0023114,https://openalex.org/A5084498677,Alvaro Cuno Parari,,Context-Aware Activity Recognition Systems,Computer Vision and Pattern Recognition,Universidad Nacional de San Agustin de Arequipa,education,alta,"CUNO PARARI,ALVARO ERNESTO",Masculino,40 a 49,VI,6.0,Activo,Reglamento_2021,2023.0,AREQUIPA,Otras regiones,PERÚ,1,4,2022,2022,Universidad Nacional de San Agustín de Arequipa,Pública,Visión computacional
P0023205,https://openalex.org/A5051816747,Miguel Cataño,https://orcid.org/0000-0002-9167-8209,Digital Imaging for Blood Diseases,Computer Vision and Pattern Recognition,Pontificia Universidad Católica del Perú,education,media,"CATAÑO SANCHEZ,MIGUEL ANGEL",Masculino,50 a 59,VII,7.0,Activo,Reglamento_2021,2023.0,LIMA,Lima y Callao,PERÚ,1,3,2021,2021,Pontificia Universidad Católica del Perú,Privada,IA en salud
P0023251,https://openalex.org/A5034246335,Juan Sulca,https://orcid.org/0000-0003-4393-3161,Advanced Computational Techniques and Applications,Artificial Intelligence,Instituto Geofísico del Perú,government,media,"SULCA JOTA,JUAN CARLOS",Masculino,40 a 49,IV,4.0,Activo,Reglamento_2021,2023.0,LIMA,Lima y Callao,PERÚ,2,0,2020,2020,Instituto Geofísico del Perú,Pública,IA aplicada (otros dominios)
P0023336,https://openalex.org/A5041577841,José Yauri,https://orcid.org/0000-0001-6287-7797,Sentiment Analysis and Opinion Mining,Artificial Intelligence,San Cristóbal of Huamanga University,education,media,"YAURI VIDALON,JOSE ELIAS",Masculino,40 a 49,VI,6.0,Activo,Reglamento_2021,2023.0,AYACUCHO,Sur andino (Altiplano),PERÚ,1,1,2022,2022,San Cristóbal of Huamanga University,Otro / no clasificado,PLN (NLP)
P0023511,https://openalex.org/A5104133385,Norman Beltran,,Solar Radiation and Photovoltaics,Artificial Intelligence,Universidad Nacional del Altiplano,education,media,"BELTRAN CASTAÑON,NORMAN JESUS",Masculino,50 a 59,VI,6.0,Activo,Reglamento_2021,2022.0,PUNO,Sur andino (Altiplano),PERÚ,2,6,2023,2025,Universidad Nacional del Altiplano (Puno),Pública,IA aplicada (otros dominios)
P0023724,https://openalex.org/A5044412814,Elvis Supo,https://orcid.org/0000-0003-4749-8400,Robotic Path Planning Algorithms,Computer Vision and Pattern Recognition,Universidad Nacional de San Agustin de Arequipa,education,media,"SUPO COLQUEHUANCA,ELVIS DIEGO",Masculino,30 a 39,VII,7.0,Activo,Reglamento_2021,2022.0,AREQUIPA,Otras regiones,PERÚ,1,7,2021,2021,Universidad Nacional de San Agustín de Arequipa,Pública,Robótica y control
P0023736,https://openalex.org/A5088081419,Orlando Salazar-Campos,https://orcid.org/0000-0003-3081-7081,Augmented Reality Applications,Computer Vision and Pattern Recognition,Universidad San Ignacio de Loyola,education,alta,"SALAZAR CAMPOS,JUAN ORLANDO",Masculino,40 a 49,VII,7.0,Activo,Reglamento_2021,2024.0,LA LIBERTAD,Otras regiones,PERÚ,1,0,2024,2024,Universidad San Ignacio de Loyola,Privada,Visión computacional
P0023832,https://openalex.org/A5013357462,Irenio Luis Chagua Aduviri,https://orcid.org/0000-0002-5009-1268,Advanced Text Analysis Techniques,Artificial Intelligence,Universidad Nacional del Altiplano,education,exacta,"CHAGUA ADUVIRI,IRENIO LUIS",Masculino,40 a 49,V,5.0,VIGENCIA VENCIDA,Reglamento_2018,2019.0,PUNO,Sur andino (Altiplano),PERÚ,1,0,2022,2022,Universidad Nacional del Altiplano (Puno),Pública,IA aplicada (otros dominios)
P0023879,https://openalex.org/A5009499320,Álvaro Fernández Del Carpio,https://orcid.org/0000-0003-4810-1444,Advanced Software Engineering Methodologies,Artificial Intelligence,Catholic University of Santa María,education,alta,"FERNANDEZ DEL CARPIO,ALVARO RODOLFO",Masculino,50 a 59,V,5.0,Activo,Reglamento_2021,2022.0,AREQUIPA,Otras regiones,PERÚ,1,5,2019,2019,Catholic University of Santa María,Otro / no clasificado,IA aplicada (otros dominios)
P0024038,https://openalex.org/A5023732245,Anthony Paul Távara Ramos,https://orcid.org/0000-0002-4159-930X,AI in Service Interactions,Artificial Intelligence,Universidad César Vallejo,education,exacta,"TAVARA RAMOS,ANTHONY PAUL",Masculino,40 a 49,VII,7.0,Activo,Reglamento_2021,2024.0,PIURA,Otras regiones,PERÚ,2,8,2024,2026,Universidad César Vallejo,Privada,IA aplicada (otros dominios)
P0024119,https://openalex.org/A5037133519,Guido Raúl Larico-Uchamaco,https://orcid.org/0000-0002-2595-5992,Seismology and Earthquake Studies,Artificial Intelligence,National University of San Marcos,education,exacta,"LARICO UCHAMACO,GUIDO RAUL",Masculino,40 a 49,VI,6.0,Activo,Reglamento_2021,2023.0,LIMA,Lima y Callao,PERÚ,1,0,2021,2021,Universidad Nacional Mayor de San Marcos,Pública,IA aplicada (otros dominios)
P0024181,https://openalex.org/A5079529072,Alfredo Paz-Valderrama,https://orcid.org/0000-0002-4765-9086,Augmented Reality Applications|Topic Modeling,Computer Vision and Pattern Recognition,Universidad Nacional de San Agustin de Arequipa,education,exacta,"PAZ VALDERRAMA,ALFREDO",Masculino,50 a 59,VII,7.0,Activo,Reglamento_2021,2022.0,AREQUIPA,Otras regiones,PERÚ,3,13,2018,2019,Universidad Nacional de San Agustín de Arequipa,Pública,Visión computacional
P0024291,https://openalex.org/A5036120313,Nemías Saboya,https://orcid.org/0000-0002-7166-2197,Imbalanced Data Classification Techniques,Artificial Intelligence,Universidad Peruana Unión,education,media,"SABOYA RIOS,NEMIAS",Masculino,40 a 49,VI,6.0,Activo,Reglamento_2021,2022.0,LIMA,Lima y Callao,PERÚ,3,7,2024,2025,Universidad Peruana Unión,Privada,Aprendizaje automático (general)
P0024435,https://openalex.org/A5041036380,Abimael Adam Francisco Paredes,https://orcid.org/0000-0003-2176-7123,Advanced Data Compression Techniques,Computer Vision and Pattern Recognition,Universidad Nacional Hermilio Valdizán,education,exacta,"FRANCISCO PAREDES,ABIMAEL ADAM",Masculino,50 a 59,VI,6.0,Activo,Reglamento_2021,2024.0,HUANUCO,Otras regiones,PERÚ,1,0,2025,2025,Universidad Nacional Hermilio Valdizán,Pública,IA aplicada (otros dominios)
P0024502,https://openalex.org/A5033494331,Rodolfo Cárdenas Vigo,https://orcid.org/0000-0002-4409-6820,Digital Imaging for Blood Diseases|Anomaly Detection Techniques and Applications,Computer Vision and Pattern Recognition,Universidad Nacional de la Amazonía Peruana,education,exacta,"CARDENAS VIGO,RODOLFO",Masculino,30 a 39,VII,7.0,Activo,Reglamento_2021,2023.0,LORETO,Otras regiones,PERÚ,3,4,2019,2026,Universidad Nacional de la Amazonía Peruana,Pública,IA en salud
P0024674,https://openalex.org/A5009848744,Fernando Ledesma-Pérez,https://orcid.org/0000-0003-4572-1381,Advanced Text Analysis Techniques,Artificial Intelligence,Universidad César Vallejo,education,alta,"LEDESMA PEREZ,FERNANDO ELI",Masculino,60 a 69,V,5.0,Activo,Reglamento_2021,2024.0,LIMA,Lima y Callao,PERÚ,1,0,2020,2020,Universidad César Vallejo,Privada,IA aplicada (otros dominios)
P0024706,https://openalex.org/A5102989664,Rafael Espino,https://orcid.org/0000-0002-3042-0917,AI in Service Interactions|Context-Aware Activity Recognition Systems,Artificial Intelligence,Universidad Tecnológica del Perú,education,media,"ESPINO CAMPOS,RAFAEL",Masculino,30 a 39,VII,7.0,Activo,Reglamento_2021,2023.0,LIMA,Lima y Callao,PERÚ,3,9,2023,2025,Universidad Tecnológica del Perú,Privada,IA aplicada (otros dominios)
P0024750,https://openalex.org/A5039788114,Willy Carrera Soria,,Digital Imaging for Blood Diseases,Computer Vision and Pattern Recognition,Pontificia Universidad Católica del Perú,education,alta,"CARRERA SORIA,WILLY EDUARDO",Masculino,60 a 69,V,5.0,VIGENCIA VENCIDA,Reglamento_2018,2019.0,LIMA,Lima y Callao,PERÚ,1,3,2021,2021,Pontificia Universidad Católica del Perú,Privada,IA en salud
P0024778,https://openalex.org/A5100641659,Eliseo Zarate-Perez,https://orcid.org/0000-0002-3946-4924,Solar Radiation and Photovoltaics|Educational Technology and Pedagogy,Artificial Intelligence,Private University of the North,education,alta,"ZARATE PEREZ,ELISEO JUAN",Masculino,30 a 39,V,5.0,Activo,Reglamento_2021,2023.0,LIMA,Lima y Callao,PERÚ,2,0,2022,2022,Universidad Privada del Norte,Privada,IA aplicada (otros dominios)
P0024914,https://openalex.org/A5059887453,Alejandro Reátegui Pezo,https://orcid.org/0000-0003-3901-7240,Anomaly Detection Techniques and Applications|Digital Imaging for Blood Diseases|Linguistic Studies and Language Acquisition,Artificial Intelligence,Universidad Nacional de la Amazonía Peruana,education,exacta,"REATEGUI PEZO,ALEJANDRO",Masculino,60 a 69,V,5.0,Activo,Reglamento_2021,2023.0,LORETO,Otras regiones,PERÚ,5,12,2019,2026,Universidad Nacional de la Amazonía Peruana,Pública,Aprendizaje automático (general)
P0024929,https://openalex.org/A5010101377,Juan Carlos Cutipa Luque,https://orcid.org/0000-0003-1459-4201,Robotic Path Planning Algorithms,Computer Vision and Pattern Recognition,Universidad Nacional de San Agustin de Arequipa,education,exacta,"CUTIPA LUQUE,JUAN CARLOS",Masculino,40 a 49,IV,4.0,Activo,Reglamento_2021,2023.0,AREQUIPA,Otras regiones,PERÚ,2,0,2025,2025,Universidad Nacional de San Agustín de Arequipa,Pública,Robótica y control
P0024933,https://openalex.org/A5052485316,Itamar Salazar-Reque,https://orcid.org/0000-0003-4991-0446,Anomaly Detection Techniques and Applications,Artificial Intelligence,National University of Engineering,education,alta,"SALAZAR REQUE,ITAMAR FRANCO",Masculino,30 a 39,VII,7.0,VIGENCIA VENCIDA,Reglamento_2018,2019.0,LIMA,Lima y Callao,PERÚ,2,24,2019,2024,Universidad Nacional de Ingeniería,Pública,Aprendizaje automático (general)
P0024953,https://openalex.org/A5123193316,Katty Arista Flores,,Digital Imaging for Blood Diseases,Computer Vision and Pattern Recognition,Universidad Nacional de la Amazonía Peruana,education,alta,"ARISTA FLORES,KATTY MADELEINE",Femenino,30 a 39,VII,7.0,Activo,Reglamento_2021,2022.0,LORETO,Otras regiones,PERÚ,1,0,2026,2026,Universidad Nacional de la Amazonía Peruana,Pública,IA en salud
P0025023,https://openalex.org/A5011049319,Pedro Félix Novoa Castillo,https://orcid.org/0000-0003-2186-7458,Advanced Text Analysis Techniques,Artificial Intelligence,Universidad César Vallejo,education,exacta,"NOVOA CASTILLO,PEDRO FELIX",Masculino,40 a 49,III,3.0,VIGENCIA VENCIDA,Reglamento_2018,2020.0,LIMA,Lima y Callao,PERÚ,1,0,2020,2020,Universidad César Vallejo,Privada,IA aplicada (otros dominios)
P0026151,https://openalex.org/A5106771717,Catia Cilloniz,,Machine Learning in Healthcare,Artificial Intelligence,Universidad Continental,education,media,"CILLONIZ CAMPOS,CATIA",Femenino,40 a 49,Distinguido,0.0,Activo,Reglamento_2021,2022.0,RESIDE EN EXTRANJERO,Extranjero / no registra,ESPAÑA,1,1,2026,2026,Universidad Continental,Privada,IA en salud
P0026421,https://openalex.org/A5011996117,Iván Soria Solís,https://orcid.org/0000-0003-4202-9402,Natural Language Processing Techniques|Human Pose and Action Recognition|Data Visualization and Analytics,Computer Vision and Pattern Recognition,Universidad Nacional José María Arguedas,education,exacta,"SORIA SOLIS,IVAN",Masculino,40 a 49,VI,6.0,Activo,Reglamento_2021,2024.0,APURIMAC,Sur andino (Altiplano),PERÚ,4,9,2023,2026,Universidad Nacional José María Arguedas,Pública,PLN (NLP)
P0026426,https://openalex.org/A5066647569,Leonidas Asto Huamán,https://orcid.org/0000-0003-2003-1798,Augmented Reality Applications,Computer Vision and Pattern Recognition,National University of Engineering,education,exacta,"ASTO HUAMAN,LEONIDAS",Masculino,40 a 49,VII,7.0,Activo,Reglamento_2021,2022.0,LIMA,Lima y Callao,PERÚ,1,5,2019,2019,Universidad Nacional de Ingeniería,Pública,Visión computacional
P0026524,https://openalex.org/A5001760387,Andrés Epifanía-Huerta,https://orcid.org/0000-0002-6643-1829,AI in cancer detection|Sentiment Analysis and Opinion Mining|Augmented Reality Applications,Artificial Intelligence,Catholic University Los Angeles of Chimbote,education,alta,"EPIFANIA HUERTA,ANDRES DAVID",Masculino,40 a 49,VII,7.0,Activo,Reglamento_2021,2023.0,ANCASH,Otras regiones,PERÚ,4,34,2023,2026,Catholic University Los Angeles of Chimbote,Otro / no clasificado,IA en salud
P0026709,https://openalex.org/A5046590891,José Díaz-Amado,https://orcid.org/0000-0001-8447-784X,AI in Service Interactions|Sentiment Analysis and Opinion Mining|Multimodal Machine Learning Applications,Computer Vision and Pattern Recognition,Universidad Católica San Pablo,education,alta,"DIAZ AMADO,JOSÉ ALBERTO",Masculino,40 a 49,VII,7.0,Activo,Reglamento_2021,2022.0,RESIDE EN EXTRANJERO,Extranjero / no registra,BRASIL,7,107,2021,2026,Universidad Católica San Pablo,Privada,IA aplicada (otros dominios)
P0026860,https://openalex.org/A5058247537,Mario Balcazar,https://orcid.org/0000-0003-0385-1129,Robotic Path Planning Algorithms,Computer Vision and Pattern Recognition,Pontificia Universidad Católica del Perú,education,media,"BALCAZAR GUERRERO,MARIO",Masculino,30 a 39,VII,7.0,Activo,Reglamento_2021,2023.0,LIMA,Lima y Callao,PERÚ,1,1,2024,2024,Pontificia Universidad Católica del Perú,Privada,Robótica y control
P0027302,https://openalex.org/A5038684784,Reynaldo Alfonte Zapana,https://orcid.org/0000-0002-5602-201X,Data Visualization and Analytics|Seismology and Earthquake Studies,Computer Vision and Pattern Recognition,Universidad Nacional de San Agustin de Arequipa,education,exacta,"ALFONTE ZAPANA,REYNALDO",Masculino,30 a 39,VII,7.0,VIGENCIA VENCIDA,Reglamento_2018,2019.0,AREQUIPA,Otras regiones,PERÚ,3,0,2017,2025,Universidad Nacional de San Agustín de Arequipa,Pública,IA aplicada (otros dominios)
P0027368,https://openalex.org/A5137876674,Adolfo A. Jurado Rosas,,Explainable Artificial Intelligence (XAI),Artificial Intelligence,Universidad Nacional de Piura,education,alta,"JURADO ROSAS,ADOLFO ANTENOR",Masculino,40 a 49,V,5.0,Activo,Reglamento_2021,2024.0,PIURA,Otras regiones,PERÚ,1,0,2026,2026,Universidad Nacional de Piura,Pública,Redes neuronales / Deep Learning
P0027602,https://openalex.org/A5060212619,Ernesto Nayer Tumi-Figueroa,,Geochemistry and Geologic Mapping,Artificial Intelligence,Universidad Nacional del Altiplano,education,exacta,"TUMI FIGUEROA,ERNESTO NAYER",Masculino,50 a 59,IV,4.0,Activo,Reglamento_2021,2023.0,PUNO,Sur andino (Altiplano),PERÚ,2,5,2024,2024,Universidad Nacional del Altiplano (Puno),Pública,IA aplicada (otros dominios)
P0027739,https://openalex.org/A5128793600,Efrain E. Porras-Flores,,Advanced Neural Network Applications,Computer Vision and Pattern Recognition,San Cristóbal of Huamanga University,education,alta,"PORRAS FLORES,EFRAIN ELIAS",Masculino,60 a 69,V,5.0,Activo,Reglamento_2021,2023.0,AYACUCHO,Sur andino (Altiplano),PERÚ,1,2,2026,2026,San Cristóbal of Huamanga University,Otro / no clasificado,Redes neuronales / Deep Learning
P0027836,https://openalex.org/A5051957881,Marco Antonio Sánchez-Tito,https://orcid.org/0000-0001-5886-9372,Face recognition and analysis,Computer Vision and Pattern Recognition,Universidad Peruana Cayetano Heredia,education,exacta,"SANCHEZ TITO,MARCO ANTONIO",Masculino,40 a 49,III,3.0,Activo,Reglamento_2021,2023.0,TACNA,Otras regiones,PERÚ,1,0,2025,2025,Universidad Peruana Cayetano Heredia,Privada,Visión computacional
P0027851,https://openalex.org/A5077835270,Manuel Lagos,https://orcid.org/0000-0001-8078-755X,Sentiment Analysis and Opinion Mining,Artificial Intelligence,Universidad Nacional José María Arguedas,education,media,"LAGOS BARZOLA,MANUEL AVELINO",Masculino,40 a 49,IV,4.0,Activo,Reglamento_2021,2023.0,AYACUCHO,Sur andino (Altiplano),PERÚ,1,1,2022,2022,Universidad Nacional José María Arguedas,Pública,PLN (NLP)
P0027863,https://openalex.org/A5042677678,Vladimiro Ibáñez Quispe,https://orcid.org/0000-0002-0277-4945,Solar Radiation and Photovoltaics|Bayesian Methods and Mixture Models,Artificial Intelligence,Universidad Nacional del Altiplano,education,exacta,"IBAÑEZ QUISPE,VLADIMIRO",Masculino,60 a 69,III,3.0,Activo,Reglamento_2021,2024.0,PUNO,Sur andino (Altiplano),PERÚ,2,0,2023,2024,Universidad Nacional del Altiplano (Puno),Pública,IA aplicada (otros dominios)
P0027970,https://openalex.org/A5044375151,Víctor Yana-Mamani,https://orcid.org/0000-0003-0982-2353,Solar Radiation and Photovoltaics,Artificial Intelligence,Universidad Nacional de Moquegua,education,exacta,"YANA MAMANI,VICTOR",Masculino,40 a 49,VII,7.0,Activo,Reglamento_2021,2022.0,MOQUEGUA,Otras regiones,PERÚ,2,1,2024,2025,Universidad Nacional de Moquegua,Pública,IA aplicada (otros dominios)
P0028059,https://openalex.org/A5039824881,Félix Gil Caro Soto,https://orcid.org/0000-0002-0946-5395,Augmented Reality Applications,Computer Vision and Pattern Recognition,Universidad Nacional José Faustino Sánchez Carrión,education,exacta,"CARO SOTO,FELIX GIL",Masculino,50 a 59,VI,6.0,VIGENCIA VENCIDA,Reglamento_2018,2021.0,LIMA,Lima y Callao,PERÚ,2,18,2023,2024,Universidad Nacional José Faustino Sánchez Carrión,Pública,Visión computacional
P0028167,https://openalex.org/A5047351617,Yalmar Ponce Atencio,https://orcid.org/0000-0003-4379-4341,Augmented Reality Applications|Anomaly Detection Techniques and Applications|Robotic Path Planning Algorithms,Computer Vision and Pattern Recognition,Universidad Andina Néstor Cáceres Velásquez,education,alta,"PONCE ATENCIO,YALMAR TEMISTOCLES",Masculino,40 a 49,IV,4.0,Activo,Reglamento_2021,2023.0,PUNO,Sur andino (Altiplano),PERÚ,4,8,2019,2025,Universidad Andina Néstor Cáceres Velásquez,Privada,Visión computacional
P0028228,https://openalex.org/A5058382859,Gabriela del Pilar Palomino Alvarado,https://orcid.org/0000-0002-2126-2769,Solar Radiation and Photovoltaics,Artificial Intelligence,Universidad Nacional de San Martín,education,exacta,"PALOMINO ALVARADO,GABRIELA DEL PILAR",Femenino,50 a 59,VI,6.0,Activo,Reglamento_2021,2022.0,SAN MARTIN,Otras regiones,PERÚ,1,0,2025,2025,Universidad Nacional de San Martín,Pública,IA aplicada (otros dominios)
P0028495,https://openalex.org/A5029318849,Edgar Tito Susanibar Ramírez,https://orcid.org/0000-0003-4861-9091,Augmented Reality Applications,Computer Vision and Pattern Recognition,Universidad Nacional José Faustino Sánchez Carrión,education,exacta,"SUSANIBAR RAMIREZ,EDGAR TITO",Masculino,50 a 59,VI,6.0,Activo,Reglamento_2021,2024.0,LIMA,Lima y Callao,PERÚ,1,18,2023,2023,Universidad Nacional José Faustino Sánchez Carrión,Pública,Visión computacional
P0028505,https://openalex.org/A5061129593,Américo Arizaca Ávalos,https://orcid.org/0000-0002-0424-0138,Geochemistry and Geologic Mapping,Artificial Intelligence,Universidad Nacional del Altiplano,education,exacta,"ARIZACA AVALOS,AMERICO",Masculino,60 a 69,V,5.0,Activo,Reglamento_2021,2024.0,PUNO,Sur andino (Altiplano),PERÚ,1,1,2025,2025,Universidad Nacional del Altiplano (Puno),Pública,IA aplicada (otros dominios)
P0028507,https://openalex.org/A5024442426,Fidel Huisa,https://orcid.org/0000-0002-6362-9661,Geochemistry and Geologic Mapping,Artificial Intelligence,Universidad Nacional del Altiplano,education,media,"HUISA MAMANI,FIDEL",Masculino,60 a 69,V,5.0,Activo,Reglamento_2021,2024.0,PUNO,Sur andino (Altiplano),PERÚ,1,1,2025,2025,Universidad Nacional del Altiplano (Puno),Pública,IA aplicada (otros dominios)
P0028535,https://openalex.org/A5072800903,Erbert F. Osco Mamani,https://orcid.org/0000-0002-8492-5961,AI in cancer detection,Artificial Intelligence,Jorge Basadre Grohmann National University,education,alta,"OSCO MAMANI,ERBERT FRANCISCO",Masculino,60 a 69,V,5.0,Activo,Reglamento_2021,2023.0,TACNA,Otras regiones,PERÚ,1,0,2024,2024,Jorge Basadre Grohmann National University,Otro / no clasificado,IA en salud
P0028604,https://openalex.org/A5003643611,Nilton Custodio,https://orcid.org/0000-0002-8025-3272,"Psychiatry, Mental Health, Neuroscience",Artificial Intelligence,Institute of Peruvian Studies,facility,media,"CUSTODIO CAPUÑAY,NILTON SANTOS",Masculino,50 a 59,II,2.0,Activo,Reglamento_2021,2023.0,LIMA,Lima y Callao,PERÚ,1,0,2015,2015,Institute of Peruvian Studies,Otro / no clasificado,IA en salud
P0028765,https://openalex.org/A5036411433,Juan Manuel Tume Ruiz,https://orcid.org/0000-0002-6172-6951,AI-based Problem Solving and Planning,Artificial Intelligence,University of Piura,education,exacta,"TUME RUIZ,JUAN MANUEL",Masculino,50 a 59,V,5.0,Activo,Reglamento_2021,2023.0,PIURA,Otras regiones,PERÚ,1,0,2024,2024,University of Piura,Otro / no clasificado,IA aplicada (otros dominios)
P0028790,https://openalex.org/A5056773885,Guillermo Wenceslao Zarate Segura,https://orcid.org/0000-0001-9763-1885,Computational Physics and Python Applications|Fuzzy Logic and Control Systems,Artificial Intelligence,Universidad de Ciencias y Humanidades,education,exacta,"ZARATE SEGURA,GUILLERMO WENCESLAO",Masculino,30 a 39,VI,6.0,Activo,Reglamento_2021,2022.0,LIMA,Lima y Callao,PERÚ,2,7,2018,2024,Universidad de Ciencias y Humanidades,Privada,IA aplicada (otros dominios)
P0029144,https://openalex.org/A5074567745,Pablo Fonseca,https://orcid.org/0000-0002-0208-2842,Machine Learning and Data Classification|Anomaly Detection Techniques and Applications,Artificial Intelligence,Universidad Peruana Cayetano Heredia,education,media,"FONSECA ARROYO,PABLO ALEJANDRO",Masculino,30 a 39,V,5.0,VIGENCIA VENCIDA,Reglamento_2018,2019.0,LIMA,Lima y Callao,PERÚ,3,6,2021,2025,Universidad Peruana Cayetano Heredia,Privada,Aprendizaje automático (general)
P0029224,https://openalex.org/A5024136950,Jan Amaru Töfflinger,https://orcid.org/0000-0002-2076-4046,Solar Radiation and Photovoltaics,Artificial Intelligence,Pontificia Universidad Católica del Perú,education,alta,"PALOMINO TOFFLINGER,JAN AMARU",Masculino,40 a 49,I,1.0,Activo,Reglamento_2021,2023.0,LIMA,Lima y Callao,PERÚ,5,38,2021,2024,Pontificia Universidad Católica del Perú,Privada,IA aplicada (otros dominios)
P0029353,https://openalex.org/A5046918711,Miluska Castillo,https://orcid.org/0000-0002-0111-3176,AI in cancer detection,Artificial Intelligence,Instituto Nacional de Enfermedades Neoplásicas,healthcare,media,"CASTILLO GARCIA,MILUSKA",Femenino,30 a 39,II,2.0,Activo,Reglamento_2021,2022.0,LIMA,Lima y Callao,PERÚ,1,60,2017,2017,Instituto Nacional de Enfermedades Neoplásicas,Pública,IA en salud
P0029452,https://openalex.org/A5045609312,Daniel Vega,https://orcid.org/0000-0002-7206-0825,Geochemistry and Geologic Mapping,Artificial Intelligence,National University of Engineering,education,media,"VEGA MENDOZA,DANIEL EDGAR",Masculino,50 a 59,III,3.0,VIGENCIA VENCIDA,Reglamento_2018,2021.0,NO REGISTRA,Extranjero / no registra,PERÚ,1,0,2022,2022,Universidad Nacional de Ingeniería,Pública,IA aplicada (otros dominios)
P0029522,https://openalex.org/A5091543748,Alejandro Apaza-Tarqui,https://orcid.org/0000-0003-1622-8862,Anomaly Detection Techniques and Applications,Artificial Intelligence,Universidad Nacional del Altiplano,education,exacta,"APAZA TARQUI,ALEJANDRO",Masculino,50 a 59,V,5.0,Activo,Reglamento_2021,2024.0,PUNO,Sur andino (Altiplano),PERÚ,2,3,2021,2025,Universidad Nacional del Altiplano (Puno),Pública,Aprendizaje automático (general)
P0029547,https://openalex.org/A5085637536,Raúl Espinoza-Villar,https://orcid.org/0000-0002-1355-9060,Geochemistry and Geologic Mapping,Artificial Intelligence,Universidad Nacional Agraria La Molina,education,alta,"ESPINOZA VILLAR,RAUL ARNALDO",Masculino,40 a 49,II,2.0,Activo,Reglamento_2021,2022.0,LIMA,Lima y Callao,PERÚ,1,1,2020,2020,Universidad Nacional Agraria La Molina,Pública,IA aplicada (otros dominios)
P0029765,https://openalex.org/A5040560204,Marco Antonio Cotrina Teatino,https://orcid.org/0000-0003-3801-0370,Geochemistry and Geologic Mapping,Artificial Intelligence,National University of Trujillo,education,exacta,"COTRINA TEATINO,MARCO ANTONIO",Masculino,40 a 49,VI,6.0,Activo,Reglamento_2021,2023.0,LA LIBERTAD,Otras regiones,PERÚ,9,33,2023,2026,Universidad Nacional de Trujillo,Pública,IA aplicada (otros dominios)
P0029831,https://openalex.org/A5082630161,Juan Carlos Villegas Lanza,https://orcid.org/0000-0002-2772-1508,Seismology and Earthquake Studies,Artificial Intelligence,Instituto Geofísico del Perú,government,exacta,"VILLEGAS LANZA,JUAN CARLOS",Masculino,40 a 49,IV,4.0,Activo,Reglamento_2021,2023.0,LIMA,Lima y Callao,PERÚ,1,2,2015,2015,Instituto Geofísico del Perú,Pública,IA aplicada (otros dominios)
P0029875,https://openalex.org/A5086387737,Arturo Moquillaza,https://orcid.org/0000-0002-7521-8755,Advanced Software Engineering Methodologies|Speech and dialogue systems|Data Visualization and Analytics,Artificial Intelligence,Pontificia Universidad Católica del Perú,education,media,"MOQUILLAZA VIZARRETA,MIGUEL ARTURO",Masculino,40 a 49,VII,7.0,Activo,Reglamento_2021,2022.0,LIMA,Lima y Callao,PERÚ,4,26,2018,2026,Pontificia Universidad Católica del Perú,Privada,IA aplicada (otros dominios)
P0029887,https://openalex.org/A5090444152,Javier Mamani Paredes,,Advanced Software Engineering Methodologies,Artificial Intelligence,Universidad Nacional del Altiplano,education,exacta,"MAMANI PAREDES,JAVIER",Masculino,40 a 49,VII,7.0,Activo,Reglamento_2021,2024.0,PUNO,Sur andino (Altiplano),PERÚ,1,0,2024,2024,Universidad Nacional del Altiplano (Puno),Pública,IA aplicada (otros dominios)
P0029982,https://openalex.org/A5038768201,Victor Hugo Ayma Quirita,https://orcid.org/0000-0002-0284-2610,Video Analysis and Summarization,Computer Vision and Pattern Recognition,University of the Pacific,education,exacta,"AYMA QUIRITA,VICTOR HUGO",Masculino,30 a 39,VI,6.0,VIGENCIA VENCIDA,Reglamento_2018,2021.0,LIMA,Lima y Callao,PERÚ,2,0,2025,2026,University of the Pacific,Otro / no clasificado,Visión computacional
P0030286,https://openalex.org/A5101817100,Renato Garcia,https://orcid.org/0009-0008-9811-6058,AI in Service Interactions,Artificial Intelligence,Universidad San Pedro,education,media,"TORRES GARCIA,JORGE RENATO",Masculino,30 a 39,VII,7.0,VIGENCIA VENCIDA,Reglamento_2018,2019.0,LIMA,Lima y Callao,PERÚ,1,1,2025,2025,Universidad San Pedro,Privada,IA aplicada (otros dominios)
P0030449,https://openalex.org/A5067531946,Diego Barberena,https://orcid.org/0000-0002-6845-1807,Quantum Information and Cryptography,Artificial Intelligence,Pontificia Universidad Católica del Perú,education,media,"BARBERENA HELFER,DIEGO EDUARDO",Masculino,30 a 39,V,5.0,VIGENCIA VENCIDA,Reglamento_2018,2019.0,LIMA,Lima y Callao,PERÚ,2,15,2015,2017,Pontificia Universidad Católica del Perú,Privada,IA aplicada (otros dominios)
P0030451,https://openalex.org/A5039457362,Hugo Vega-Huerta,https://orcid.org/0000-0002-4268-5808,AI in cancer detection|Data Stream Mining Techniques|Face recognition and analysis,Artificial Intelligence,National University of San Marcos,education,alta,"VEGA HUERTA,HUGO FROILAN",Masculino,50 a 59,IV,4.0,Activo,Reglamento_2021,2023.0,LIMA,Lima y Callao,PERÚ,5,6,2024,2026,Universidad Nacional Mayor de San Marcos,Pública,IA en salud
P0030526,https://openalex.org/A5102892305,Giancarlo Gatti,https://orcid.org/0000-0002-5867-3537,Quantum Information and Cryptography,Artificial Intelligence,Pontificia Universidad Católica del Perú,education,media,"GATTI ALVAREZ,GIANCARLO",Masculino,30 a 39,VII,7.0,VIGENCIA VENCIDA,Reglamento_2018,2019.0,LIMA,Lima y Callao,PERÚ,2,15,2015,2017,Pontificia Universidad Católica del Perú,Privada,IA aplicada (otros dominios)
P0030621,https://openalex.org/A5082765593,Sandra Meza,https://orcid.org/0000-0002-4650-1340,Digital Imaging for Blood Diseases,Computer Vision and Pattern Recognition,Esan University,education,media,"MEZA BALVIN,SANDRA JEANNET",Femenino,40 a 49,VI,6.0,Activo,Reglamento_2021,2023.0,LIMA,Lima y Callao,PERÚ,2,0,2025,2026,Esan University,Otro / no clasificado,IA en salud
P0030783,https://openalex.org/A5067799431,Karen Gonzales,,Advanced Computational Techniques and Applications,Artificial Intelligence,National University of San Marcos,education,media,"GONZALES ROJAS,KAREN NONAQUINA",Femenino,30 a 39,III,3.0,Activo,Reglamento_2021,2024.0,LIMA,Lima y Callao,PERÚ,3,1,2022,2022,Universidad Nacional Mayor de San Marcos,Pública,IA aplicada (otros dominios)
P0030929,https://openalex.org/A5056816934,Jenny Copara,https://orcid.org/0000-0002-1510-3331,Topic Modeling,Artificial Intelligence,Universidad Católica San Pablo,education,media,"COPARA ZEA,JENNY LINET",Femenino,30 a 39,VII,7.0,VIGENCIA VENCIDA,Reglamento_2018,2019.0,AREQUIPA,Otras regiones,PERÚ,2,5,2016,2016,Universidad Católica San Pablo,Privada,PLN (NLP)
P0031125,https://openalex.org/A5057460222,José Edgar García Díaz,https://orcid.org/0000-0001-5936-1378,Anomaly Detection Techniques and Applications|Linguistic Studies and Language Acquisition|Video Surveillance and Tracking Methods,Artificial Intelligence,Universidad Nacional de la Amazonía Peruana,education,exacta,"GARCIA DIAZ,JOSE EDGAR",Masculino,40 a 49,VII,7.0,Activo,Reglamento_2021,2022.0,LORETO,Otras regiones,PERÚ,3,8,2021,2025,Universidad Nacional de la Amazonía Peruana,Pública,Aprendizaje automático (general)
P0031163,https://openalex.org/A5089488582,Alcides Flores Paredes,https://orcid.org/0000-0001-6355-413X,AI in Service Interactions,Artificial Intelligence,Universidad Nacional del Altiplano,education,exacta,"FLORES PAREDES,ALCIDES",Masculino,40 a 49,V,5.0,Activo,Reglamento_2021,2023.0,PUNO,Sur andino (Altiplano),PERÚ,1,9,2025,2025,Universidad Nacional del Altiplano (Puno),Pública,IA aplicada (otros dominios)
P0031177,https://openalex.org/A5089325744,Marco Antonio Sobrevilla Cabezudo,https://orcid.org/0000-0001-7625-9914,Natural Language Processing Techniques|Sentiment Analysis and Opinion Mining,Artificial Intelligence,Pontificia Universidad Católica del Perú,education,exacta,"SOBREVILLA CABEZUDO,MARCO ANTONIO",Masculino,30 a 39,V,5.0,VIGENCIA VENCIDA,Reglamento_2018,2019.0,LIMA,Lima y Callao,PERÚ,9,78,2015,2018,Pontificia Universidad Católica del Perú,Privada,PLN (NLP)
P0031229,https://openalex.org/A5076194651,Willy Ugarte,https://orcid.org/0000-0002-7510-618X,Topic Modeling|Anomaly Detection Techniques and Applications|Video Analysis and Summarization,Artificial Intelligence,Peruvian University of Applied Sciences,education,media,"UGARTE ROJAS,WILLY GUSTAVO",Masculino,30 a 39,V,5.0,Activo,Reglamento_2021,2023.0,LIMA,Lima y Callao,PERÚ,20,64,2021,2025,Universidad Peruana de Ciencias Aplicadas,Privada,PLN (NLP)
P0031319,https://openalex.org/A5028079039,Kevin Acuna-Condori,https://orcid.org/0000-0003-0125-1269,Neural Networks and Applications|Face recognition and analysis,Artificial Intelligence,Universidad Tecnológica del Perú,education,alta,"ACUÑA CONDORI,KEVIN JOSE",Masculino,30 a 39,VII,7.0,Activo,Reglamento_2021,2023.0,LIMA,Lima y Callao,PERÚ,2,2,2025,2025,Universidad Tecnológica del Perú,Privada,Redes neuronales / Deep Learning
P0031392,https://openalex.org/A5028185955,Roxana Flores-Quispe,,Chaos-based Image/Signal Encryption|Image Retrieval and Classification Techniques,Computer Vision and Pattern Recognition,Universidad Nacional de San Agustin de Arequipa,education,exacta,"FLORES QUISPE,ROXANA",Femenino,40 a 49,VII,7.0,Activo,Reglamento_2021,2022.0,AREQUIPA,Otras regiones,PERÚ,4,13,2015,2025,Universidad Nacional de San Agustín de Arequipa,Pública,Visión computacional
P0031394,https://openalex.org/A5079539815,Yuber Velazco-Paredes,,Chaos-based Image/Signal Encryption|Image Retrieval and Classification Techniques,Computer Vision and Pattern Recognition,Universidad Nacional de San Agustin de Arequipa,education,alta,"VELAZCO PAREDES,YUBER ELMER",Masculino,40 a 49,VII,7.0,Activo,Reglamento_2021,2022.0,AREQUIPA,Otras regiones,PERÚ,4,13,2015,2025,Universidad Nacional de San Agustín de Arequipa,Pública,Visión computacional
P0031395,https://openalex.org/A5005603323,Mario Berrios-Espezua,https://orcid.org/0000-0001-7327-3868,Hate Speech and Cyberbullying Detection,Artificial Intelligence,Universidad Nacional de San Agustin de Arequipa,education,alta,"BERRIOS ESPEZUA,MARIO GUSTAVO",Masculino,30 a 39,VII,7.0,Activo,Reglamento_2021,2022.0,AREQUIPA,Otras regiones,PERÚ,1,0,2026,2026,Universidad Nacional de San Agustín de Arequipa,Pública,PLN (NLP)
P0031397,https://openalex.org/A5088173974,Maria Tejada-Begazo,https://orcid.org/0000-0003-4774-6048,Advanced Neural Network Applications|Video Surveillance and Tracking Methods,Computer Vision and Pattern Recognition,Universidad Católica San Pablo,education,alta,"TEJADA BEGAZO,MARIA FERNANDA",Femenino,30 a 39,VII,7.0,Activo,Reglamento_2021,2022.0,RESIDE EN EXTRANJERO,Extranjero / no registra,BRASIL,2,9,2015,2016,Universidad Católica San Pablo,Privada,Redes neuronales / Deep Learning
P0031401,https://openalex.org/A5129806752,Milagros Abad-Licham,,AI in cancer detection,Artificial Intelligence,Antenor Orrego Private University|Private University of the North,education|education,alta,"ABAD LICHAM,MILAGROS ANA AMPARO",Femenino,40 a 49,IV,4.0,Activo,Reglamento_2021,2022.0,LA LIBERTAD,Otras regiones,PERÚ,1,2,2026,2026,Antenor Orrego Private University|Private University of the North,Otro / no clasificado,IA en salud
P0031482,https://openalex.org/A5040469755,Gabriel Ramirez,https://orcid.org/0000-0003-1976-1267,Stochastic Gradient Optimization Techniques,Artificial Intelligence,Pontificia Universidad Católica del Perú,education,media,"VELASQUEZ RAMIREZ,MANUEL GABRIEL",Masculino,30 a 39,VI,6.0,Activo,Reglamento_2021,2022.0,MADRE DE DIOS,Otras regiones,PERÚ,1,0,2024,2024,Pontificia Universidad Católica del Perú,Privada,Optimización y metaheurísticas
P0031533,https://openalex.org/A5072128030,Jhajaira M. Araujo,https://orcid.org/0000-0002-9639-8070,AI in cancer detection,Artificial Intelligence,EsSALUD,other,media,"ARAUJO SORIA,JHAJAIRA MAIGRETH",Femenino,30 a 39,II,2.0,Activo,Reglamento_2021,2023.0,LIMA,Lima y Callao,PERÚ,1,15,2016,2016,EsSALUD,Otro / no clasificado,IA en salud
P0031570,https://openalex.org/A5087037016,Enrique Lee Huamaní,https://orcid.org/0000-0003-1389-4448,Text Readability and Simplification,Artificial Intelligence,Universidad de Ciencias y Humanidades,education,alta,"HUAMANI URIARTE,ENRIQUE LEE",Masculino,30 a 39,III,3.0,Activo,Reglamento_2021,2022.0,LIMA,Lima y Callao,PERÚ,2,1,2025,2025,Universidad de Ciencias y Humanidades,Privada,IA aplicada (otros dominios)
P0031601,https://openalex.org/A5025408066,Diego Arce,https://orcid.org/0000-0002-7350-1709,Robotic Path Planning Algorithms|Video Surveillance and Tracking Methods|Image Enhancement Techniques,Computer Vision and Pattern Recognition,Pontificia Universidad Católica del Perú,education,media,"ARCE CIGÜEÑAS,DIEGO MARTIN",Masculino,30 a 39,V,5.0,Activo,Reglamento_2021,2024.0,LIMA,Lima y Callao,PERÚ,3,18,2020,2023,Pontificia Universidad Católica del Perú,Privada,Robótica y control
P0031968,https://openalex.org/A5068445123,Riky Gustavo Centeno Quico,https://orcid.org/0000-0002-8259-3828,Seismology and Earthquake Studies,Artificial Intelligence,Universidad Tecnológica del Perú|Instituto Geofísico del Perú,education|government,exacta,"CENTENO QUICO,RIKY GUSTAVO",Masculino,40 a 49,VI,6.0,Activo,Reglamento_2021,2022.0,AREQUIPA,Otras regiones,PERÚ,2,3,2021,2024,Universidad Tecnológica del Perú|Instituto Geofísico del Perú,Privada,IA aplicada (otros dominios)
P0031980,https://openalex.org/A5054149155,Yoni D. Huaynacho,,Advanced Computational Techniques and Applications|Advanced Image and Video Retrieval Techniques,Artificial Intelligence,Universidad Nacional de San Agustin de Arequipa,education,media,"HUAYNACHO PEÑALOZA,YONI DANIEL",Masculino,40 a 49,VII,7.0,VIGENCIA VENCIDA,Reglamento_2018,2019.0,AREQUIPA,Otras regiones,PERÚ,2,2,2018,2019,Universidad Nacional de San Agustín de Arequipa,Pública,IA aplicada (otros dominios)
P0032041,https://openalex.org/A5034989547,Josimar Edinson Chire Saire,https://orcid.org/0000-0003-2942-0853,Metaheuristic Optimization Algorithms Research|Evolutionary Algorithms and Applications,Artificial Intelligence,Universidad Católica San Pablo,education,exacta,"CHIRE SAIRE,JOSIMAR EDINSON",Masculino,30 a 39,VII,7.0,Activo,Reglamento_2021,2024.0,AREQUIPA,Otras regiones,PERÚ,5,16,2015,2019,Universidad Católica San Pablo,Privada,Optimización y metaheurísticas
P0032221,https://openalex.org/A5088305850,Fernando Herrera,https://orcid.org/0000-0002-8545-0806,Advanced Computational Techniques and Applications|Solar Radiation and Photovoltaics,Artificial Intelligence,National University of San Marcos,education,media,"CORNEJO HERRERA,IVAN FERNANDO",Masculino,40 a 49,VII,7.0,VIGENCIA VENCIDA,Reglamento_2018,2019.0,TACNA,Otras regiones,PERÚ,4,2,2022,2023,Universidad Nacional Mayor de San Marcos,Pública,IA aplicada (otros dominios)
P0032284,https://openalex.org/A5033224585,Freddy Linares,https://orcid.org/0000-0003-3644-0545,Anomaly Detection Techniques and Applications,Artificial Intelligence,University of the Pacific,education,media,"LINARES TORRES,FREDDY",Masculino,40 a 49,VII,7.0,Activo,Reglamento_2021,2023.0,LIMA,Lima y Callao,PERÚ,1,0,2025,2025,University of the Pacific,Otro / no clasificado,Aprendizaje automático (general)
P0032383,https://openalex.org/A5067953905,Marco Arbulú Ballesteros,https://orcid.org/0000-0001-7940-7580,AI in Service Interactions,Artificial Intelligence,Universidad César Vallejo,education,alta,"ARBULU BALLESTEROS,MARCO AGUSTIN",Masculino,40 a 49,IV,4.0,Activo,Reglamento_2021,2024.0,LAMBAYEQUE,Otras regiones,PERÚ,4,122,2024,2025,Universidad César Vallejo,Privada,IA aplicada (otros dominios)
P0032593,https://openalex.org/A5013257618,Nabilt Moggiano,https://orcid.org/0000-0002-5642-3833,AI in cancer detection|Augmented Reality Applications,Artificial Intelligence,Universidad Continental,education,media,"MOGGIANO ABURTO,NABILT JILL",Femenino,30 a 39,V,5.0,Activo,Reglamento_2021,2023.0,LIMA,Lima y Callao,PERÚ,2,10,2019,2021,Universidad Continental,Privada,IA en salud
P0033292,https://openalex.org/A5106517835,LAURA BAZÁN,,AI in Service Interactions,Artificial Intelligence,Private University of the North,education,media,"BAZAN DIAZ,LAURA SOFIA",Femenino,40 a 49,VI,6.0,Activo,Reglamento_2021,2023.0,CAJAMARCA,Otras regiones,PERÚ,1,0,2024,2024,Universidad Privada del Norte,Privada,IA aplicada (otros dominios)
P0033443,https://openalex.org/A5077665808,Leonid Alemán Gonzales,https://orcid.org/0000-0002-4072-6370,AI in cancer detection|Imbalanced Data Classification Techniques,Artificial Intelligence,Universidad Nacional del Altiplano,education,exacta,"ALEMAN GONZALES,LEONID",Masculino,40 a 49,VII,7.0,Activo,Reglamento_2021,2024.0,PUNO,Sur andino (Altiplano),PERÚ,2,0,2025,2026,Universidad Nacional del Altiplano (Puno),Pública,IA en salud
P0033537,https://openalex.org/A5116440957,Luis Espinoza-Villalobos,,Anomaly Detection Techniques and Applications,Artificial Intelligence,Universidad Privada de Tacna,education,alta,"ESPINOZA VILLALOBOS,LUIS ENRIQUE",Masculino,40 a 49,VI,6.0,Activo,Reglamento_2021,2023.0,TACNA,Otras regiones,PERÚ,1,1,2025,2025,Universidad Privada de Tacna,Privada,Aprendizaje automático (general)
P0033618,https://openalex.org/A5031645994,Erick Fiestas,,Robotic Path Planning Algorithms,Computer Vision and Pattern Recognition,Antenor Orrego Private University,education,media,"FIESTAS SOROGASTUA,ERICK MARTIN",Masculino,30 a 39,VII,7.0,Activo,Reglamento_2021,2022.0,LA LIBERTAD,Otras regiones,PERÚ,1,6,2017,2017,Antenor Orrego Private University,Otro / no clasificado,Robótica y control
P0033633,https://openalex.org/A5069355903,César H. Limaymanta,https://orcid.org/0000-0002-8797-4275,Augmented Reality Applications,Computer Vision and Pattern Recognition,Universidad Nacional de San Agustin de Arequipa,education,media,"LIMAYMANTA ALVAREZ,CESAR HALLEY",Masculino,30 a 39,III,3.0,Activo,Reglamento_2021,2023.0,LIMA,Lima y Callao,PERÚ,3,0,2023,2024,Universidad Nacional de San Agustín de Arequipa,Pública,Visión computacional
P0033705,https://openalex.org/A5056726393,César E. Torres Ledesma,https://orcid.org/0000-0002-6889-4982,Medical Image Segmentation Techniques,Computer Vision and Pattern Recognition,National University of Trujillo,education,alta,"TORRES LEDESMA,CESAR ENRIQUE",Masculino,30 a 39,Distinguido,0.0,Activo,Reglamento_2021,2023.0,LA LIBERTAD,Otras regiones,PERÚ,1,0,2026,2026,Universidad Nacional de Trujillo,Pública,IA en salud
P0033742,https://openalex.org/A5071095118,Ricardo Manuel Arias Velásquez,https://orcid.org/0000-0002-1067-9753,Solar Radiation and Photovoltaics|AI in cancer detection,Artificial Intelligence,Universidad Privada de Tacna|Universidad Privada Peruano Alemana,education|education,exacta,"ARIAS VELASQUEZ,RICARDO MANUEL",Masculino,40 a 49,Distinguido,0.0,Activo,Reglamento_2021,2022.0,AREQUIPA,Otras regiones,PERÚ,4,34,2022,2025,Universidad Privada de Tacna|Universidad Privada Peruano Alemana,Privada,IA aplicada (otros dominios)
P0033864,https://openalex.org/A5015456504,Jorge Armando Ayarza Rengifo,https://orcid.org/0000-0002-1989-445X,Linguistic Studies and Language Acquisition,Artificial Intelligence,Universidad Nacional de la Amazonía Peruana,education,exacta,"AYARZA RENGIFO,JORGE ARMANDO",Masculino,40 a 49,VII,7.0,Activo,Reglamento_2021,2023.0,LORETO,Otras regiones,PERÚ,1,2,2021,2021,Universidad Nacional de la Amazonía Peruana,Pública,IA aplicada (otros dominios)
P0033982,https://openalex.org/A5057944144,Fanny L. Casado,https://orcid.org/0000-0002-8791-626X,AI in cancer detection,Artificial Intelligence,Pontificia Universidad Católica del Perú,education,media,"CASADO PEÑA,FANNY LYS",Femenino,40 a 49,II,2.0,Activo,Reglamento_2021,2023.0,LIMA,Lima y Callao,PERÚ,1,1,2019,2019,Pontificia Universidad Católica del Perú,Privada,IA en salud
P0034200,https://openalex.org/A5061524478,Diego Alonso Iquira Becerra,https://orcid.org/0000-0001-7376-777X,Augmented Reality Applications,Computer Vision and Pattern Recognition,Universidad Nacional de San Agustin de Arequipa,education,exacta,"IQUIRA BECERRA,DIEGO ALONSO",Masculino,30 a 39,VII,7.0,Activo,Reglamento_2021,2022.0,AREQUIPA,Otras regiones,PERÚ,2,7,2018,2020,Universidad Nacional de San Agustín de Arequipa,Pública,Visión computacional
P0034249,https://openalex.org/A5003502782,Antonio Angulo,https://orcid.org/0000-0002-7919-1078,AI in cancer detection,Artificial Intelligence,Universidad San Ignacio de Loyola,education,media,"ANGULO SALAS,ANTONIO LINCOLN",Masculino,30 a 39,,,VIGENCIA VENCIDA,Reglamento_2018,,LIMA,Lima y Callao,PERÚ,1,4,2025,2025,Universidad San Ignacio de Loyola,Privada,IA en salud
P0034400,https://openalex.org/A5121791825,Jehovanni F. Velarde-Molina,,Text Readability and Simplification,Artificial Intelligence,Universidad Privada de Tacna,education,alta,"VELARDE MOLINA,JEHOVANNI FABRICIO",Masculino,30 a 39,IV,4.0,Activo,Reglamento_2021,2024.0,TACNA,Otras regiones,PERÚ,1,0,2025,2025,Universidad Privada de Tacna,Privada,IA aplicada (otros dominios)
P0034402,https://openalex.org/A5080315173,Noel Alcas Zapata,https://orcid.org/0000-0001-9308-4319,Edcuational Technology Systems,Artificial Intelligence,Universidad César Vallejo,education,exacta,"ALCAS ZAPATA,NOEL",Masculino,60 a 69,V,5.0,Activo,Reglamento_2021,2023.0,LIMA,Lima y Callao,PERÚ,1,5,2022,2022,Universidad César Vallejo,Privada,IA aplicada (otros dominios)
P0034547,https://openalex.org/A5014980541,Christian Yarlequé,https://orcid.org/0000-0003-1798-6526,Solar Radiation and Photovoltaics,Artificial Intelligence,Universidad Nacional Santiago Antúnez de Mayolo|Pontificia Universidad Católica del Perú,education|education,media,"YARLEQUE GALVEZ,CHRISTIAN PEDRO",Masculino,40 a 49,IV,4.0,Activo,Reglamento_2021,2022.0,LIMA,Lima y Callao,PERÚ,1,2,2025,2025,Universidad Nacional Santiago Antúnez de Mayolo|Pontificia Universidad Católica del Perú,Pública,IA aplicada (otros dominios)
P0034694,https://openalex.org/A5010956332,Elmer Rodrigo Aquino Larico,https://orcid.org/0000-0001-6468-6708,Solar Radiation and Photovoltaics,Artificial Intelligence,Universidad Nacional del Altiplano,education,exacta,"AQUINO LARICO,ELMER RODRIGO",Masculino,30 a 39,VII,7.0,Activo,Reglamento_2021,2022.0,PUNO,Sur andino (Altiplano),PERÚ,5,19,2019,2022,Universidad Nacional del Altiplano (Puno),Pública,IA aplicada (otros dominios)
P0034704,https://openalex.org/A5034118112,Reynaldo Condori Yucra,https://orcid.org/0000-0002-6905-2170,Solar Radiation and Photovoltaics,Artificial Intelligence,Universidad Andina Néstor Cáceres Velásquez,education,exacta,"CONDORI YUCRA,REYNALDO",Masculino,40 a 49,VI,6.0,Activo,Reglamento_2021,2024.0,PUNO,Sur andino (Altiplano),PERÚ,1,1,2025,2025,Universidad Andina Néstor Cáceres Velásquez,Privada,IA aplicada (otros dominios)
P0034979,https://openalex.org/A5005511055,Germain Garcia-Zanabria,https://orcid.org/0000-0003-3266-9043,Anomaly Detection Techniques and Applications|Data Visualization and Analytics,Artificial Intelligence,Universidad Católica San Pablo,education,exacta,"GARCIA ZANABRIA,GERMAIN",Masculino,30 a 39,V,5.0,Activo,Reglamento_2021,2023.0,LIMA,Lima y Callao,PERÚ,4,25,2016,2022,Universidad Católica San Pablo,Privada,Aprendizaje automático (general)
P0035130,https://openalex.org/A5043471433,Rosa Montesinos,https://orcid.org/0000-0002-9342-8756,"Psychiatry, Mental Health, Neuroscience",Artificial Intelligence,Institute of Peruvian Studies,facility,media,"MONTESINOS ZEVALLOS,ROSA MILAGROS",Femenino,50 a 59,VII,7.0,VIGENCIA VENCIDA,Reglamento_2018,2019.0,LIMA,Lima y Callao,PERÚ,1,0,2015,2015,Institute of Peruvian Studies,Otro / no clasificado,IA en salud
P0035440,https://openalex.org/A5057095763,Pierre G. Padilla-Huamantinco,https://orcid.org/0000-0003-4321-1337,Context-Aware Activity Recognition Systems,Computer Vision and Pattern Recognition,Universidad Peruana Cayetano Heredia,education,alta,"PADILLA HUAMANTINCO,PIERRE GUILLERMO",Masculino,30 a 39,VII,7.0,Activo,Reglamento_2021,2024.0,LIMA,Lima y Callao,PERÚ,1,0,2017,2017,Universidad Peruana Cayetano Heredia,Privada,Visión computacional
P0035602,https://openalex.org/A5021524890,Alfredo J. Ibáñez,https://orcid.org/0000-0001-9206-1537,Advanced Graph Neural Networks,Artificial Intelligence,Pontificia Universidad Católica del Perú,education,media,"IBAÑEZ GABILONDO,ALFREDO JESUS",Masculino,40 a 49,I,1.0,Activo,Reglamento_2021,2023.0,LIMA,Lima y Callao,PERÚ,1,9,2024,2024,Pontificia Universidad Católica del Perú,Privada,Redes neuronales / Deep Learning
P0035605,https://openalex.org/A5019362346,Liset S. Rodriguez-Baca,,Speech Recognition and Synthesis|Internet Traffic Analysis and Secure E-voting|AI in Service Interactions,Artificial Intelligence,Universidad de Lima,education,alta,"RODRIGUEZ BACA,LISET SULAY",Femenino,40 a 49,VI,6.0,Activo,Reglamento_2021,2024.0,LIMA,Lima y Callao,PERÚ,3,0,2025,2025,Universidad de Lima,Privada,PLN (NLP)
P0035820,https://openalex.org/A5042396281,Juán Tarazona,https://orcid.org/0000-0002-3761-2700,Seismology and Earthquake Studies,Artificial Intelligence,National University of Engineering,education,media,"FERNANDEZ TARAZONA,JUAN AUGUSTO",Masculino,30 a 39,VII,7.0,Activo,Reglamento_2021,2022.0,HUANUCO,Otras regiones,PERÚ,1,1,2025,2025,Universidad Nacional de Ingeniería,Pública,IA aplicada (otros dominios)
P0035917,https://openalex.org/A5003256806,María Del Carmen Emilia Ancaya-Martínez,https://orcid.org/0000-0003-4204-1321,Currency Recognition and Detection,Computer Vision and Pattern Recognition,Universidad Privada San Juan Bautista,education,exacta,"ANCAYA MARTINEZ,MARIA DEL CARMEN EMILIA",Femenino,40 a 49,V,5.0,Activo,Reglamento_2021,2023.0,LIMA,Lima y Callao,PERÚ,1,1,2021,2021,Universidad Privada San Juan Bautista,Privada,Visión computacional
P0035944,https://openalex.org/A5001761334,Elizabeth Valeriano-Lorenzo,https://orcid.org/0000-0003-2294-2691,"Psychiatry, Mental Health, Neuroscience",Artificial Intelligence,Institute of Peruvian Studies,facility,alta,"VALERIANO LORENZO,ELIZABETH LUCIA",Femenino,30 a 39,V,5.0,VIGENCIA VENCIDA,Reglamento_2018,2019.0,RESIDE EN EXTRANJERO,Extranjero / no registra,ESPAÑA,1,0,2015,2015,Institute of Peruvian Studies,Otro / no clasificado,IA en salud
P0035993,https://openalex.org/A5071690485,Jose Galdos,,Face and Expression Recognition,Computer Vision and Pattern Recognition,Universidad Católica San Pablo,education,media,"GALDOS CHAVEZ,JOSE RODRIGO",Masculino,30 a 39,VI,6.0,VIGENCIA VENCIDA,Reglamento_2018,2019.0,AREQUIPA,Otras regiones,PERÚ,1,2,2017,2017,Universidad Católica San Pablo,Privada,Visión computacional
P0036100,https://openalex.org/A5050352487,José Manuel Ramos Cutipa,https://orcid.org/0000-0001-5447-3362,Solar Radiation and Photovoltaics,Artificial Intelligence,Universidad Nacional del Altiplano,education,exacta,"RAMOS CUTIPA,JOSE MANUEL",Masculino,40 a 49,VI,6.0,Activo,Reglamento_2021,2022.0,PUNO,Sur andino (Altiplano),PERÚ,1,0,2022,2022,Universidad Nacional del Altiplano (Puno),Pública,IA aplicada (otros dominios)
P0036109,https://openalex.org/A5027849890,Marco Antonio Rivera Porras,https://orcid.org/0000-0003-4339-9296,Seismology and Earthquake Studies,Artificial Intelligence,Instituto Geofísico del Perú,government,exacta,"RIVERA PORRAS,MARCO ANTONIO",Masculino,50 a 59,III,3.0,Activo,Reglamento_2021,2023.0,AREQUIPA,Otras regiones,PERÚ,1,0,2021,2021,Instituto Geofísico del Perú,Pública,IA aplicada (otros dominios)
P0036182,https://openalex.org/A5075052157,Jimmy Tarrillo,https://orcid.org/0000-0001-5140-7984,Cryptographic Implementations and Security|Video Surveillance and Tracking Methods,Artificial Intelligence,Universidad de Ingeniería y Tecnología,education,media,"TARRILLO OLANO,JIMMY FERNANDO",Masculino,40 a 49,VI,6.0,Activo,Reglamento_2021,2023.0,LIMA,Lima y Callao,PERÚ,2,3,2023,2026,Universidad de Ingeniería y Tecnología,Privada,IA aplicada (otros dominios)
P0036198,https://openalex.org/A5059392332,María Mendoza Michilot,https://orcid.org/0000-0001-7293-5110,Hate Speech and Cyberbullying Detection,Artificial Intelligence,Universidad de Lima,education,alta,"MENDOZA MICHILOT,THELMY MARIA DEL CARMEN",Femenino,60 a 69,VI,6.0,Activo,Reglamento_2021,2024.0,LIMA,Lima y Callao,PERÚ,1,1,2021,2021,Universidad de Lima,Privada,PLN (NLP)
P0036329,https://openalex.org/A5124251582,Richard Fernandez,,Augmented Reality Applications,Computer Vision and Pattern Recognition,Peruvian University of Applied Sciences,education,media,"PEÑALOZA FERNANDEZ,RICHARD PAVEL",Masculino,30 a 39,II,2.0,Activo,Reglamento_2021,2024.0,JUNIN,Otras regiones,PERÚ,1,0,2025,2025,Universidad Peruana de Ciencias Aplicadas,Privada,Visión computacional
P0036557,https://openalex.org/A5045205088,William-Rogelio Marchand-Niño,https://orcid.org/0000-0003-2650-4226,Internet Traffic Analysis and Secure E-voting,Artificial Intelligence,Universidad Nacional Agraria de la Selva,education,exacta,"MARCHAND NIÑO,WILLIAM ROGELIO",Masculino,40 a 49,VI,6.0,Activo,Reglamento_2021,2023.0,HUANUCO,Otras regiones,PERÚ,1,0,2023,2023,Universidad Nacional Agraria de la Selva,Pública,IA aplicada (otros dominios)
P0036610,https://openalex.org/A5075616427,Bécquer Frauberth Camayo-Lapa,https://orcid.org/0000-0002-9316-6995,Solar Radiation and Photovoltaics,Artificial Intelligence,Universidad Nacional del Centro del Perú,education,exacta,"CAMAYO LAPA,BECQUER FRAUBERTH",Masculino,60 a 69,IV,4.0,Activo,Reglamento_2021,2023.0,JUNIN,Otras regiones,PERÚ,3,2,2015,2026,Universidad Nacional del Centro del Perú,Pública,IA aplicada (otros dominios)
P0036648,https://openalex.org/A5111060864,Hesmeralda Rojas,,AI in Service Interactions,Artificial Intelligence,Universidad Nacional Micaela Bastidas de Apurimac,education,media,"ROJAS ENRIQUEZ,HESMERALDA",Femenino,40 a 49,V,5.0,Activo,Reglamento_2021,2024.0,APURIMAC,Sur andino (Altiplano),PERÚ,2,1,2025,2026,Universidad Nacional Micaela Bastidas de Apurimac,Pública,IA aplicada (otros dominios)
P0037145,https://openalex.org/A5013761088,Felipe Moreno-Vera,https://orcid.org/0000-0002-2477-9624,Reinforcement Learning in Robotics,Artificial Intelligence,Universidad Católica San Pablo,education,alta,"MORENO VERA,FELIPE ADRIAN",Masculino,20 a 29,VII,7.0,Activo,Reglamento_2021,2023.0,LIMA,Lima y Callao,PERÚ,1,0,2019,2019,Universidad Católica San Pablo,Privada,Robótica y control
P0037411,https://openalex.org/A5046138868,Ramiro Pedro Laura Murillo,https://orcid.org/0000-0003-1837-4871,Augmented Reality Applications,Computer Vision and Pattern Recognition,Universidad Nacional del Altiplano,education,exacta,"LAURA MURILLO,RAMIRO PEDRO",Masculino,40 a 49,II,2.0,Activo,Reglamento_2021,2023.0,PUNO,Sur andino (Altiplano),PERÚ,1,2,2023,2023,Universidad Nacional del Altiplano (Puno),Pública,Visión computacional
P0037505,https://openalex.org/A5091415108,Alejandro Zevallos-Morales,https://orcid.org/0000-0002-5314-8469,Hate Speech and Cyberbullying Detection,Artificial Intelligence,Universidad de San Martín de Porres,education,alta,"ZEVALLOS MORALES,ALEJANDRO FRANCISCO",Masculino,20 a 29,V,5.0,VIGENCIA VENCIDA,Reglamento_2018,2019.0,RESIDE EN EXTRANJERO,Extranjero / no registra,ESTADOS UNIDOS,1,0,2015,2015,Universidad de San Martín de Porres,Privada,PLN (NLP)
P0037642,https://openalex.org/A5118610532,Gavino José Flores-Chipana,https://orcid.org/0000-0001-9686-0918,Solar Radiation and Photovoltaics,Artificial Intelligence,Universidad Nacional del Altiplano,education,exacta,"FLORES CHIPANA,GAVINO JOSE",Masculino,50 a 59,VI,6.0,Activo,Reglamento_2021,2023.0,PUNO,Sur andino (Altiplano),PERÚ,1,0,2025,2025,Universidad Nacional del Altiplano (Puno),Pública,IA aplicada (otros dominios)
P0037745,https://openalex.org/A5043270957,Hugo Villaverde Medrano,https://orcid.org/0000-0002-3802-4396,AI in Service Interactions|Solar Radiation and Photovoltaics,Artificial Intelligence,Universidad Peruana Cayetano Heredia,education,exacta,"VILLAVERDE MEDRANO,HUGO",Masculino,50 a 59,VI,6.0,Activo,Reglamento_2021,2024.0,LIMA,Lima y Callao,PERÚ,2,2,2023,2024,Universidad Peruana Cayetano Heredia,Privada,IA aplicada (otros dominios)
P0037938,https://openalex.org/A5024929564,Edwin Wilber Chambi-Mamani,https://orcid.org/0000-0002-6771-8821,Semantic Web and Ontologies,Artificial Intelligence,Universidad Nacional del Altiplano,education,exacta,"CHAMBI MAMANI,EDWIN WILBER",Masculino,40 a 49,VII,7.0,Activo,Reglamento_2021,2024.0,PUNO,Sur andino (Altiplano),PERÚ,1,0,2023,2023,Universidad Nacional del Altiplano (Puno),Pública,Web semántica y ontologías
P0038170,https://openalex.org/A5110953821,Jose Cisneros,,Fuzzy Logic and Control Systems,Artificial Intelligence,Universidad de Ingeniería y Tecnología,education,media,"JIMENEZ DE CISNEROS FONFRIA,JUAN JOSE",Masculino,40 a 49,V,5.0,Activo,Reglamento_2021,2022.0,LIMA,Lima y Callao,PERÚ,1,10,2022,2022,Universidad de Ingeniería y Tecnología,Privada,Robótica y control
P0038369,https://openalex.org/A5051570834,Miguel Chicchón,https://orcid.org/0000-0002-2228-8557,Advanced Neural Network Applications|Image Enhancement Techniques,Computer Vision and Pattern Recognition,Pontificia Universidad Católica del Perú,education,media,"CHICCHON APAZA,MIGUEL ANGEL",Masculino,40 a 49,VII,7.0,Activo,Reglamento_2021,2022.0,LIMA,Lima y Callao,PERÚ,3,37,2021,2026,Pontificia Universidad Católica del Perú,Privada,Redes neuronales / Deep Learning
P0038592,https://openalex.org/A5055661648,Daniel Gamarra,https://orcid.org/0000-0002-3395-6311,AI in Service Interactions,Artificial Intelligence,Universidad Continental,education,media,"TELLO GAMARRA,DANIEL FERNANDO",Masculino,40 a 49,III,3.0,VIGENCIA VENCIDA,Reglamento_2018,2019.0,RESIDE EN EXTRANJERO,Extranjero / no registra,BRASIL,1,0,2024,2024,Universidad Continental,Privada,IA aplicada (otros dominios)
P0038900,https://openalex.org/A5074431246,River Chávez Santos,https://orcid.org/0000-0001-7946-2846,AI in Service Interactions,Artificial Intelligence,National University Toribio Rodríguez de Mendoza,education,exacta,"CHAVEZ SANTOS,RIVER",Masculino,40 a 49,V,5.0,Activo,Reglamento_2021,2024.0,AMAZONAS,Otras regiones,PERÚ,1,0,2026,2026,National University Toribio Rodríguez de Mendoza,Otro / no clasificado,IA aplicada (otros dominios)
P0039064,https://openalex.org/A5034251583,Jessica Marleny Luján Rojas,,Geochemistry and Geologic Mapping,Artificial Intelligence,Private University of the North,education,exacta,"LUJAN ROJAS,JESSICA MARLENY",Femenino,30 a 39,VII,7.0,Activo,Reglamento_2021,2024.0,LA LIBERTAD,Otras regiones,PERÚ,1,1,2022,2022,Universidad Privada del Norte,Privada,IA aplicada (otros dominios)
P0039119,https://openalex.org/A5120939463,Jhony A. De La Cruz-Vargas,,AI in cancer detection,Artificial Intelligence,Universidad Ricardo Palma,education,alta,"DE LA CRUZ VARGAS,JHONY ALBERTO",Masculino,50 a 59,I,1.0,Activo,Reglamento_2021,2023.0,LIMA,Lima y Callao,PERÚ,1,0,2025,2025,Universidad Ricardo Palma,Privada,IA en salud
P0039565,https://openalex.org/A5101833343,Gerardo M. Castillo,https://orcid.org/0000-0003-0963-2859,Context-Aware Activity Recognition Systems,Computer Vision and Pattern Recognition,University of Piura,education,media,"CASTILLO GUZMAN,GERARDO MANUEL",Masculino,50 a 59,VI,6.0,Activo,Reglamento_2021,2022.0,LIMA,Lima y Callao,PERÚ,1,1,2022,2022,University of Piura,Otro / no clasificado,Visión computacional
P0039576,https://openalex.org/A5022662140,Harley Vera Olivera,https://orcid.org/0000-0003-2011-8797,Anomaly Detection Techniques and Applications,Artificial Intelligence,National University of Saint Anthony the Abbot in Cuzco,education,exacta,"VERA OLIVERA,HARLEY",Masculino,40 a 49,VII,7.0,Activo,Reglamento_2021,2022.0,CUSCO,Sur andino (Altiplano),PERÚ,2,0,2022,2026,Universidad Nacional de San Antonio Abad del Cusco,Pública,Aprendizaje automático (general)
P0039581,https://openalex.org/A5071524171,Rigoberto Aguilar Contreras,https://orcid.org/0000-0002-3025-3688,Geochemistry and Geologic Mapping|Seismology and Earthquake Studies,Artificial Intelligence,Instituto Geológico Minero y Metalúrgico,government,exacta,"AGUILAR CONTRERAS,RIGOBERTO",Masculino,40 a 49,IV,4.0,Activo,Reglamento_2021,2023.0,AREQUIPA,Otras regiones,PERÚ,2,17,2021,2024,Instituto Geológico Minero y Metalúrgico,Pública,IA aplicada (otros dominios)
P0039650,https://openalex.org/A5059005315,Fredy Erlingtton Apaza Choquehuayta,https://orcid.org/0000-0001-9664-3497,Seismology and Earthquake Studies,Artificial Intelligence,Instituto Geológico Minero y Metalúrgico,government,exacta,"APAZA CHOQUEHUAYTA,FREDY ERLINGTTON",Masculino,30 a 39,IV,4.0,Activo,Reglamento_2021,2023.0,AREQUIPA,Otras regiones,PERÚ,1,10,2021,2021,Instituto Geológico Minero y Metalúrgico,Pública,IA aplicada (otros dominios)
P0039659,https://openalex.org/A5049965459,Francisco Alejandro Alcántara Boza,https://orcid.org/0000-0001-9127-4450,Solar Radiation and Photovoltaics,Artificial Intelligence,National University of San Marcos,education,exacta,"ALCANTARA BOZA,FRANCISCO ALEJANDRO",Masculino,50 a 59,V,5.0,No registra,Reglamento_2018,2021.0,LIMA,Lima y Callao,PERÚ,1,1,2020,2020,Universidad Nacional Mayor de San Marcos,Pública,IA aplicada (otros dominios)
P0039696,https://openalex.org/A5019786939,René Estevan,https://orcid.org/0000-0003-0170-3616,Solar Radiation and Photovoltaics,Artificial Intelligence,Instituto Geofísico del Perú,government,media,"ESTEVAN ARREDONDO,RENÉ",Masculino,50 a 59,II,2.0,Activo,Reglamento_2021,2022.0,JUNIN,Otras regiones,PERÚ,3,13,2019,2024,Instituto Geofísico del Perú,Pública,IA aplicada (otros dominios)
P0039713,https://openalex.org/A5069617607,Jorge R. Quesada,https://orcid.org/0000-0002-0438-0691,Video Surveillance and Tracking Methods|Image and Signal Denoising Methods,Computer Vision and Pattern Recognition,Pontificia Universidad Católica del Perú,education,media,"QUESADA PACORA,JORGE GERARDO",Masculino,30 a 39,V,5.0,VIGENCIA VENCIDA,Reglamento_2018,2019.0,LIMA,Lima y Callao,PERÚ,2,56,2016,2018,Pontificia Universidad Católica del Perú,Privada,Visión computacional
P0040310,https://openalex.org/A5063251973,Franklin Oré Areche,https://orcid.org/0000-0002-7168-1742,Solar Radiation and Photovoltaics,Artificial Intelligence,Universidad Nacional de Huancavelica,education,exacta,"ORE ARECHE,FRANKLIN",Masculino,30 a 39,II,2.0,Activo,Reglamento_2021,2023.0,HUANCAVELICA,Sur andino (Altiplano),PERÚ,1,14,2023,2023,Universidad Nacional de Huancavelica,Pública,IA aplicada (otros dominios)
P0040444,https://openalex.org/A5062526915,Laberiano Andrade-Arenas,https://orcid.org/0000-0001-6797-6815,AI in cancer detection|Augmented Reality Applications,Artificial Intelligence,Universidad Norbert Wiener,education,alta,"ANDRADE ARENAS,LABERIANO MATIAS",Masculino,50 a 59,Distinguido,0.0,Activo,Reglamento_2021,2023.0,LIMA,Lima y Callao,PERÚ,2,0,2024,2026,Universidad Norbert Wiener,Privada,IA en salud
P0040697,https://openalex.org/A5028672323,Kelika A. Konda,https://orcid.org/0000-0003-2836-0174,AI in cancer detection,Artificial Intelligence,Universidad Peruana Cayetano Heredia,education,media,"KONDA ,KELIKA ANNE",Femenino,40 a 49,I,1.0,VIGENCIA VENCIDA,Reglamento_2018,2019.0,LIMA,Lima y Callao,PERÚ,1,0,2026,2026,Universidad Peruana Cayetano Heredia,Privada,IA en salud
P0040930,https://openalex.org/A5020493348,Roxana Lisette Quintanilla Portugal,https://orcid.org/0000-0001-7693-5353,Topic Modeling|Data Visualization and Analytics,Artificial Intelligence,National University of Saint Anthony the Abbot in Cuzco,education,exacta,"QUINTANILLA PORTUGAL,ROXANA LISETTE",Femenino,40 a 49,VII,7.0,Activo,Reglamento_2021,2022.0,CUSCO,Sur andino (Altiplano),PERÚ,2,1,2024,2025,Universidad Nacional de San Antonio Abad del Cusco,Pública,PLN (NLP)
P0041107,https://openalex.org/A5101793782,Rocío Fernández,https://orcid.org/0000-0003-2367-2275,AI in Service Interactions,Artificial Intelligence,Peruvian University of Applied Sciences,education,media,"REBAZA FERNANDEZ,DIANA DEL ROCIO",Femenino,40 a 49,VII,7.0,Activo,Reglamento_2021,2023.0,LA LIBERTAD,Otras regiones,PERÚ,1,0,2020,2020,Universidad Peruana de Ciencias Aplicadas,Privada,IA aplicada (otros dominios)
P0041133,https://openalex.org/A5088896472,Edgar Sarmiento-Calisaya,https://orcid.org/0000-0002-0956-3091,Text and Document Classification Technologies|Seismology and Earthquake Studies|Explainable Artificial Intelligence (XAI),Artificial Intelligence,Universidad Nacional de San Agustin de Arequipa,education,exacta,"SARMIENTO CALISAYA,EDGAR",Masculino,40 a 49,VI,6.0,Activo,Reglamento_2021,2022.0,AREQUIPA,Otras regiones,PERÚ,4,6,2020,2025,Universidad Nacional de San Agustín de Arequipa,Pública,Aprendizaje automático (general)
P0041685,https://openalex.org/A5146918370,Keller Sánchez-Dávila,,AI in cancer detection,Artificial Intelligence,Universidad Nacional de San Martín,education,exacta,"SANCHEZ DAVILA,KELLER",Masculino,40 a 49,VI,6.0,Activo,Reglamento_2021,2023.0,SAN MARTIN,Otras regiones,PERÚ,1,6,2026,2026,Universidad Nacional de San Martín,Pública,IA en salud
P0041739,https://openalex.org/A5092357304,Teobaldo Raúl Basurco Chambilla,,Solar Radiation and Photovoltaics,Artificial Intelligence,Universidad Nacional del Altiplano,education,exacta,"BASURCO CHAMBILLA,TEOBALDO RAUL",Masculino,60 a 69,VII,7.0,Activo,Reglamento_2021,2023.0,TACNA,Otras regiones,PERÚ,1,0,2025,2025,Universidad Nacional del Altiplano (Puno),Pública,IA aplicada (otros dominios)
P0042070,https://openalex.org/A5053926298,Beto Puma Huamán,https://orcid.org/0000-0001-6062-4403,Robotic Path Planning Algorithms,Computer Vision and Pattern Recognition,Universidad Nacional del Altiplano,education,exacta,"PUMA HUAMAN,BETO",Masculino,40 a 49,VII,7.0,Activo,Reglamento_2021,2023.0,PUNO,Sur andino (Altiplano),PERÚ,1,0,2025,2025,Universidad Nacional del Altiplano (Puno),Pública,Robótica y control
P0042471,https://openalex.org/A5025858194,Franci Suni-Lopez,https://orcid.org/0000-0002-4212-7910,Advanced Software Engineering Methodologies|Topic Modeling|Data Stream Mining Techniques,Artificial Intelligence,Universidad Católica San Pablo,education,exacta,"SUNI LOPEZ,FRANCI",Masculino,30 a 39,VII,7.0,Activo,Reglamento_2021,2023.0,AREQUIPA,Otras regiones,PERÚ,4,14,2017,2021,Universidad Católica San Pablo,Privada,IA aplicada (otros dominios)
P0042893,https://openalex.org/A5053345177,Karlos A. C. Chirapo,https://orcid.org/0000-0002-5337-6242,Solar Radiation and Photovoltaics|Video Surveillance and Tracking Methods,Artificial Intelligence,Universidad Nacional del Altiplano,education,media,"CCANTUTA CHIRAPO,KARLOS ALEXANDER",Masculino,40 a 49,VII,7.0,Activo,Reglamento_2021,2022.0,PUNO,Sur andino (Altiplano),PERÚ,2,1,2024,2025,Universidad Nacional del Altiplano (Puno),Pública,IA aplicada (otros dominios)
P0043892,https://openalex.org/A5064128407,Ulises Espinoza Apolinario,https://orcid.org/0000-0002-4636-0605,Intelligent Tutoring Systems and Adaptive Learning,Artificial Intelligence,Daniel Alcides Carrión National University,education,exacta,"ESPINOZA APOLINARIO,ULISES",Masculino,40 a 49,VI,6.0,Activo,Reglamento_2021,2024.0,PASCO,Otras regiones,PERÚ,1,0,2026,2026,Daniel Alcides Carrión National University,Otro / no clasificado,IA en educación
P0043917,https://openalex.org/A5048138588,José Rovino Álvarez López,https://orcid.org/0000-0002-0019-3872,Intelligent Tutoring Systems and Adaptive Learning,Artificial Intelligence,Daniel Alcides Carrión National University,education,exacta,"ALVAREZ LOPEZ,JOSE ROVINO",Masculino,50 a 59,VII,7.0,Activo,Reglamento_2021,2023.0,PASCO,Otras regiones,PERÚ,1,0,2026,2026,Daniel Alcides Carrión National University,Otro / no clasificado,IA en educación
P0044853,https://openalex.org/A5046685140,José Villegas-Ortega,https://orcid.org/0000-0001-7947-111X,Imbalanced Data Classification Techniques,Artificial Intelligence,Esan University|Peruvian University of Applied Sciences|National University of San Marcos,education|education|education,alta,"VILLEGAS ORTEGA,JOSE HAMBLETT",Masculino,40 a 49,VI,6.0,Activo,Reglamento_2021,2022.0,LIMA,Lima y Callao,PERÚ,1,34,2021,2021,Esan University|Peruvian University of Applied Sciences|National University of San Marcos,Otro / no clasificado,Aprendizaje automático (general)
P0045084,https://openalex.org/A5022484755,Jhonatan Alarcón-Baldeón,https://orcid.org/0000-0003-3508-0744,Digital Imaging for Blood Diseases,Computer Vision and Pattern Recognition,Universidad Peruana Cayetano Heredia,education,alta,"ALARCON BALDEON,JHONATAN JESUS",Masculino,30 a 39,VII,7.0,Activo,Reglamento_2021,2022.0,LIMA,Lima y Callao,PERÚ,1,103,2018,2018,Universidad Peruana Cayetano Heredia,Privada,IA en salud
P0045233,https://openalex.org/A5090464965,Enzo Martín Casimiro Soriano,https://orcid.org/0000-0001-7849-2453,Solar Radiation and Photovoltaics,Artificial Intelligence,Universidad Nacional del Centro del Perú,education,exacta,"CASIMIRO SORIANO,ENZO MARTIN",Masculino,30 a 39,VII,7.0,Activo,Reglamento_2021,2024.0,JUNIN,Otras regiones,PERÚ,1,0,2021,2021,Universidad Nacional del Centro del Perú,Pública,IA aplicada (otros dominios)
P0045398,https://openalex.org/A5067404534,Fredy Mendoza-Cardenas,https://orcid.org/0000-0002-6878-5575,Cryptography and Data Security,Artificial Intelligence,National University of Engineering,education,alta,"MENDOZA CARDENAS,FREDY MANUEL",Masculino,50 a 59,VII,7.0,Activo,Reglamento_2021,2023.0,LIMA,Lima y Callao,PERÚ,1,12,2022,2022,Universidad Nacional de Ingeniería,Pública,IA aplicada (otros dominios)
P0045913,https://openalex.org/A5059668152,Oswaldo Daniel Casazola Cruz,https://orcid.org/0000-0003-2521-530X,Solar Radiation and Photovoltaics,Artificial Intelligence,Universidad Nacional del Callao,education,exacta,"CASAZOLA CRUZ,OSWALDO DANIEL",Masculino,40 a 49,VI,6.0,Activo,Reglamento_2021,2022.0,LIMA,Lima y Callao,PERÚ,1,4,2025,2025,Universidad Nacional del Callao,Pública,IA aplicada (otros dominios)
P0046028,https://openalex.org/A5055408298,Juan Vargas-Machuca,https://orcid.org/0000-0003-1336-077X,Anomaly Detection Techniques and Applications|Robotic Path Planning Algorithms,Artificial Intelligence,Universidad Nacional Tecnológica de Lima Sur,education,alta,"VARGAS MACHUCA BUENO,JUAN PABLO",Masculino,30 a 39,V,5.0,Activo,Reglamento_2021,2023.0,LIMA,Lima y Callao,PERÚ,2,14,2017,2021,Universidad Nacional Tecnológica de Lima Sur,Pública,Aprendizaje automático (general)
P0046155,https://openalex.org/A5000578069,Paul E. Santos Andrade,https://orcid.org/0000-0002-6635-0375,Data Analysis with R,Artificial Intelligence,National University of Saint Anthony the Abbot in Cuzco,education,alta,"SANTOS ANDRADE,PAUL EFREN",Masculino,30 a 39,VII,7.0,Activo,Reglamento_2021,2022.0,CUSCO,Sur andino (Altiplano),PERÚ,1,0,2025,2025,Universidad Nacional de San Antonio Abad del Cusco,Pública,IA aplicada (otros dominios)
P0046512,https://openalex.org/A5127867750,Eduardo Caballero,,Context-Aware Activity Recognition Systems,Computer Vision and Pattern Recognition,Universidad de Lima,education,media,"CABALLERO NOLTE,RAFAEL EDUARDO",Masculino,30 a 39,VII,7.0,VIGENCIA VENCIDA,Reglamento_2018,2019.0,LIMA,Lima y Callao,PERÚ,1,0,2025,2025,Universidad de Lima,Privada,Visión computacional
P0046787,https://openalex.org/A5080310130,Ramirez-Valdez Oscar,,Data Visualization and Analytics,Computer Vision and Pattern Recognition,Universidad Nacional de San Agustin de Arequipa,education,alta,"RAMIREZ VALDEZ,OSCAR ALBERTO",Masculino,40 a 49,VII,7.0,Activo,Reglamento_2021,2022.0,AREQUIPA,Otras regiones,PERÚ,1,0,2021,2021,Universidad Nacional de San Agustín de Arequipa,Pública,IA aplicada (otros dominios)
P0046917,https://openalex.org/A5051035823,José Luis Torres Aguilar,,Seismology and Earthquake Studies,Artificial Intelligence,Instituto Geofísico del Perú,government,exacta,"TORRES AGUILAR,JOSE LUIS",Masculino,30 a 39,VII,7.0,Activo,Reglamento_2021,2022.0,AREQUIPA,Otras regiones,PERÚ,1,0,2021,2021,Instituto Geofísico del Perú,Pública,IA aplicada (otros dominios)
P0046954,https://openalex.org/A5082472973,Leticia Laura-Ochoa,https://orcid.org/0000-0002-5538-0181,Advanced Software Engineering Methodologies|Explainable Artificial Intelligence (XAI)|Data Visualization and Analytics,Artificial Intelligence,Universidad Nacional de San Agustin de Arequipa,education,alta,"LAURA OCHOA,LETICIA MARISOL",Femenino,40 a 49,V,5.0,Activo,Reglamento_2021,2024.0,AREQUIPA,Otras regiones,PERÚ,3,0,2018,2025,Universidad Nacional de San Agustín de Arequipa,Pública,IA aplicada (otros dominios)
P0047151,https://openalex.org/A5051737916,Carlos A. Almenara,https://orcid.org/0000-0002-4929-8720,Sentiment Analysis and Opinion Mining|Context-Aware Activity Recognition Systems,Artificial Intelligence,Peruvian University of Applied Sciences,education,media,"ALMENARA VARGAS,CARLOS ARTURO",Masculino,40 a 49,I,1.0,Activo,Reglamento_2021,2023.0,LIMA,Lima y Callao,PERÚ,2,6,2019,2026,Universidad Peruana de Ciencias Aplicadas,Privada,PLN (NLP)
P0047193,https://openalex.org/A5024883489,Mario Chong,https://orcid.org/0000-0002-1231-0992,AI in Service Interactions|Imbalanced Data Classification Techniques,Artificial Intelligence,University of the Pacific,education,media,"CHONG CHONG,MARIO GUSTAVO",Masculino,50 a 59,III,3.0,Activo,Reglamento_2021,2022.0,LIMA,Lima y Callao,PERÚ,2,6,2019,2025,University of the Pacific,Otro / no clasificado,IA aplicada (otros dominios)
P0047201,https://openalex.org/A5115616062,Saúl Arauco Esquivel,,AI in Service Interactions,Artificial Intelligence,National University of San Marcos,education,alta,"ARAUCO ESQUIVEL,SAUL ERNESTO",Masculino,50 a 59,VII,7.0,Activo,Reglamento_2021,2023.0,JUNIN,Otras regiones,PERÚ,1,0,2024,2024,Universidad Nacional Mayor de San Marcos,Pública,IA aplicada (otros dominios)
P0047269,https://openalex.org/A5074972720,Victor Guevara-Ponce,https://orcid.org/0000-0003-1787-7549,Natural Language Processing Techniques|AI in cancer detection|Sentiment Analysis and Opinion Mining,Artificial Intelligence,Universidad Ricardo Palma,education,alta,"GUEVARA PONCE,VICTOR MANUEL",Masculino,30 a 39,VII,7.0,Activo,Reglamento_2021,2023.0,LIMA,Lima y Callao,PERÚ,3,21,2022,2024,Universidad Ricardo Palma,Privada,PLN (NLP)
P0047400,https://openalex.org/A5124986641,Marco Antonio José Paredes Pérez,,AI in Service Interactions,Artificial Intelligence,Universidad Nacional del Centro del Perú,education,exacta,"PAREDES PEREZ,MARCO ANTONIO JOSE",Masculino,50 a 59,VI,6.0,Activo,Reglamento_2021,2023.0,JUNIN,Otras regiones,PERÚ,1,0,2026,2026,Universidad Nacional del Centro del Perú,Pública,IA aplicada (otros dominios)
P0047467,https://openalex.org/A5003975464,Renzo Apaza Cutipa,https://orcid.org/0000-0002-7089-2812,Sentiment Analysis and Opinion Mining|Face and Expression Recognition,Artificial Intelligence,Universidad Nacional del Altiplano,education,exacta,"APAZA CUTIPA,RENZO",Masculino,30 a 39,IV,4.0,Activo,Reglamento_2021,2023.0,PUNO,Sur andino (Altiplano),PERÚ,2,13,2019,2025,Universidad Nacional del Altiplano (Puno),Pública,PLN (NLP)
P0047612,https://openalex.org/A5043806167,Óscar Linares,https://orcid.org/0000-0002-7952-9518,Video Surveillance and Tracking Methods|Context-Aware Activity Recognition Systems,Computer Vision and Pattern Recognition,Universidad Continental,education,media,"LINARES GARCIA,OSCAR NICOLAS",Masculino,50 a 59,VII,7.0,Activo,Reglamento_2021,2023.0,RESIDE EN EXTRANJERO,Extranjero / no registra,ESPAÑA,2,8,2023,2023,Universidad Continental,Privada,Visión computacional
P0047699,https://openalex.org/A5013299932,Luciano Stucchi,https://orcid.org/0000-0002-2823-0778,Authorship Attribution and Profiling,Artificial Intelligence,University of the Pacific,education,media,"STUCCHI PORTOCARRERO,LUCIANO",Masculino,40 a 49,V,5.0,Activo,Reglamento_2021,2023.0,LIMA,Lima y Callao,PERÚ,1,0,2026,2026,University of the Pacific,Otro / no clasificado,IA aplicada (otros dominios)
P0047755,https://openalex.org/A5006128895,Eunice Villicaña Ortíz,https://orcid.org/0000-0001-7495-2395,Solar Radiation and Photovoltaics,Artificial Intelligence,Universidad de Ingeniería y Tecnología,education,exacta,"VILLICAÑA ORTIZ,EUNICE",Femenino,40 a 49,VI,6.0,VIGENCIA VENCIDA,Reglamento_2018,2021.0,LIMA,Lima y Callao,PERÚ,2,29,2017,2020,Universidad de Ingeniería y Tecnología,Privada,IA aplicada (otros dominios)
P0047859,https://openalex.org/A5095768567,Leonel Coyla-Idme,https://orcid.org/0000-0003-3538-1061,AI in Service Interactions|Sentiment Analysis and Opinion Mining|Bayesian Methods and Mixture Models,Artificial Intelligence,Universidad Nacional del Altiplano,education,exacta,"COYLA IDME,LEONEL",Masculino,50 a 59,IV,4.0,Activo,Reglamento_2021,2024.0,PUNO,Sur andino (Altiplano),PERÚ,3,1,2023,2024,Universidad Nacional del Altiplano (Puno),Pública,IA aplicada (otros dominios)
P0047862,https://openalex.org/A5014311721,Juan-Reynaldo Paredes-Quispe,https://orcid.org/0000-0001-6642-7339,Semantic Web and Ontologies,Artificial Intelligence,Universidad Nacional del Altiplano,education,exacta,"PAREDES QUISPE,JUAN REYNALDO",Masculino,50 a 59,VI,6.0,Activo,Reglamento_2021,2024.0,PUNO,Sur andino (Altiplano),PERÚ,1,0,2023,2023,Universidad Nacional del Altiplano (Puno),Pública,Web semántica y ontologías
P0047878,https://openalex.org/A5080109216,Bernabé Canqui-Flores,https://orcid.org/0000-0003-2204-0620,Bayesian Methods and Mixture Models,Artificial Intelligence,Universidad Nacional del Altiplano,education,exacta,"CANQUI FLORES,BERNABE",Masculino,50 a 59,III,3.0,Activo,Reglamento_2021,2024.0,PUNO,Sur andino (Altiplano),PERÚ,2,0,2023,2024,Universidad Nacional del Altiplano (Puno),Pública,IA aplicada (otros dominios)
P0048094,https://openalex.org/A5036537231,Edu Taipe Maquerhua,,Seismology and Earthquake Studies,Artificial Intelligence,Instituto Geológico Minero y Metalúrgico,government,alta,"TAIPE MAQUERHUA,EDU LUIS",Masculino,40 a 49,V,5.0,VIGENCIA VENCIDA,Reglamento_2018,2019.0,AREQUIPA,Otras regiones,PERÚ,1,10,2021,2021,Instituto Geológico Minero y Metalúrgico,Pública,IA aplicada (otros dominios)
P0048164,https://openalex.org/A5025585073,Adriana Margarita Turriate-Guzmán,https://orcid.org/0000-0003-1171-0027,Video Analysis and Summarization,Computer Vision and Pattern Recognition,Private University of the North,education,exacta,"TURRIATE GUZMAN,ADRIANA MARGARITA",Femenino,30 a 39,VII,7.0,Activo,Reglamento_2021,2023.0,LIMA,Lima y Callao,PERÚ,1,0,2024,2024,Universidad Privada del Norte,Privada,Visión computacional
P0048308,https://openalex.org/A5061652989,Giorgio Morales,https://orcid.org/0000-0003-2911-8558,Anomaly Detection Techniques and Applications|Video Surveillance and Tracking Methods,Artificial Intelligence,National University of Engineering,education,media,"MORALES LUNA,GIORGIO LUIGI",Masculino,30 a 39,V,5.0,Activo,Reglamento_2021,2024.0,RESIDE EN EXTRANJERO,Extranjero / no registra,ESTADOS UNIDOS,2,29,2019,2019,Universidad Nacional de Ingeniería,Pública,Aprendizaje automático (general)
P0048432,https://openalex.org/A5090725485,Felipa Elvira Muñoz Ccuro,https://orcid.org/0000-0001-9572-1641,Currency Recognition and Detection,Computer Vision and Pattern Recognition,Universidad Privada San Juan Bautista,education,exacta,"MUÑOZ CCURO,FELIPA ELVIRA",Femenino,50 a 59,V,5.0,Activo,Reglamento_2021,2023.0,LIMA,Lima y Callao,PERÚ,1,1,2021,2021,Universidad Privada San Juan Bautista,Privada,Visión computacional
P0048474,https://openalex.org/A5121823022,Miguel Angel Valles-Coral,https://orcid.org/0000-0002-8806-2892,AI in cancer detection,Artificial Intelligence,National University of San Marcos|Universidad Nacional de San Martín,education|education,exacta,"VALLES CORAL,MIGUEL ANGEL",Masculino,40 a 49,III,3.0,Activo,Reglamento_2021,2023.0,SAN MARTIN,Otras regiones,PERÚ,3,6,2026,2026,National University of San Marcos|Universidad Nacional de San Martín,Pública,IA en salud
P0048984,https://openalex.org/A5033022865,Jeanfranco Farfan,https://orcid.org/0000-0001-6733-6615,Advanced Image and Video Retrieval Techniques,Computer Vision and Pattern Recognition,National University of Saint Anthony the Abbot in Cuzco,education,media,"FARFAN ESCOBEDO,JEANFRANCO DAVID",Masculino,20 a 29,VII,7.0,VIGENCIA VENCIDA,Reglamento_2018,2019.0,CUSCO,Sur andino (Altiplano),PERÚ,1,6,2017,2017,Universidad Nacional de San Antonio Abad del Cusco,Pública,Visión computacional
P0049091,https://openalex.org/A5093428850,Yeshica Isela Ormeño-Ayala,https://orcid.org/0000-0002-5497-6928,Sentiment Analysis and Opinion Mining,Artificial Intelligence,National University of Saint Anthony the Abbot in Cuzco,education,exacta,"ORMEÑO AYALA,YESHICA ISELA",Femenino,40 a 49,VII,7.0,Activo,Reglamento_2021,2023.0,CUSCO,Sur andino (Altiplano),PERÚ,2,1,2023,2025,Universidad Nacional de San Antonio Abad del Cusco,Pública,PLN (NLP)
P0049753,https://openalex.org/A5048483771,Edwin Villanueva,https://orcid.org/0000-0002-6540-1230,Sentiment Analysis and Opinion Mining|Solar Radiation and Photovoltaics|Machine Learning and Data Classification,Artificial Intelligence,Pontificia Universidad Católica del Perú,education,media,"VILLANUEVA TALAVERA,EDWIN RAFAEL",Masculino,40 a 49,V,5.0,Activo,Reglamento_2021,2022.0,LIMA,Lima y Callao,PERÚ,9,28,2018,2025,Pontificia Universidad Católica del Perú,Privada,PLN (NLP)
P0049773,https://openalex.org/A5077592184,Facundo Palomino-Quispe,https://orcid.org/0000-0002-5947-6682,Image Enhancement Techniques,Computer Vision and Pattern Recognition,National University of Saint Anthony the Abbot in Cuzco,education,exacta,"PALOMINO QUISPE,FACUNDO",Masculino,50 a 59,V,5.0,Activo,Reglamento_2021,2024.0,CUSCO,Sur andino (Altiplano),PERÚ,1,1,2025,2025,Universidad Nacional de San Antonio Abad del Cusco,Pública,Visión computacional
P0049811,https://openalex.org/A5092903644,Lucía Asencios-Trujillo,https://orcid.org/0000-0002-4438-1488,Intelligent Tutoring Systems and Adaptive Learning,Artificial Intelligence,National University of Education Enrique Guzmán y Valle,education,exacta,"ASENCIOS TRUJILLO,LUCIA",Femenino,50 a 59,V,5.0,Activo,Reglamento_2021,2024.0,LIMA,Lima y Callao,PERÚ,1,0,2024,2024,National University of Education Enrique Guzmán y Valle,Otro / no clasificado,IA en educación
P0050234,https://openalex.org/A5010117730,Raul Cabrejos-Burga,,Video Surveillance and Tracking Methods|Context-Aware Activity Recognition Systems,Computer Vision and Pattern Recognition,Universidad Privada de Tacna|Universidad Privada Peruano Alemana,education|education,alta,"CABREJOS BURGA,RAUL EDUARDO",Masculino,60 a 69,VI,6.0,Activo,Reglamento_2021,2023.0,LIMA,Lima y Callao,PERÚ,2,8,2023,2023,Universidad Privada de Tacna|Universidad Privada Peruano Alemana,Privada,Visión computacional
P0050462,https://openalex.org/A5008819513,Ricardo Fernando Cosio Borda,https://orcid.org/0000-0002-1765-097X,Anomaly Detection Techniques and Applications,Artificial Intelligence,Private University of the North,education,exacta,"COSIO BORDA,RICARDO FERNANDO",Masculino,30 a 39,III,3.0,Activo,Reglamento_2021,2023.0,LIMA,Lima y Callao,PERÚ,1,25,2023,2023,Universidad Privada del Norte,Privada,Aprendizaje automático (general)
P0050902,https://openalex.org/A5098392668,Jose Velarde,,Computational Physics and Python Applications,Artificial Intelligence,Universidad de Ingeniería y Tecnología,education,media,"DORIA VELARDE,ADAN JOSE",Masculino,50 a 59,VII,7.0,Activo,Reglamento_2021,2023.0,LIMA,Lima y Callao,PERÚ,1,0,2020,2020,Universidad de Ingeniería y Tecnología,Privada,IA aplicada (otros dominios)
P0051054,https://openalex.org/A5013001874,Carlos Seas,https://orcid.org/0000-0002-8375-3440,Digital Imaging for Blood Diseases,Computer Vision and Pattern Recognition,Universidad Peruana Cayetano Heredia,education,media,"SEAS RAMOS,CARLOS RAFAEL",Masculino,60 a 69,I,1.0,VIGENCIA VENCIDA,Reglamento_2018,2019.0,LIMA,Lima y Callao,PERÚ,1,0,2022,2022,Universidad Peruana Cayetano Heredia,Privada,IA en salud
P0051250,https://openalex.org/A5065250808,Jorge Cardich,https://orcid.org/0000-0001-8175-2789,Geochemistry and Geologic Mapping,Artificial Intelligence,Universidad Peruana Cayetano Heredia,education,media,"CARDICH SALAZAR,JORGE AQUILES",Masculino,30 a 39,III,3.0,Activo,Reglamento_2021,2023.0,LIMA,Lima y Callao,PERÚ,1,0,2025,2025,Universidad Peruana Cayetano Heredia,Privada,IA aplicada (otros dominios)
P0051699,https://openalex.org/A5063855875,Anthony Copez-Lonzoy,https://orcid.org/0000-0003-4761-4272,"Law, AI, and Intellectual Property",Artificial Intelligence,Universidad de San Martín de Porres,education,alta,"COPEZ LONZOY,ANTHONY JOHN ERIK",Masculino,30 a 39,IV,4.0,Activo,Reglamento_2021,2024.0,LIMA,Lima y Callao,PERÚ,1,0,2017,2017,Universidad de San Martín de Porres,Privada,IA aplicada (otros dominios)
P0051875,https://openalex.org/A5028635132,Alejandro Cruzata-Martínez,https://orcid.org/0000-0003-0104-0496,Augmented Reality Applications,Computer Vision and Pattern Recognition,Universidad San Ignacio de Loyola,education,exacta,"CRUZATA MARTINEZ,ALEJANDRO",Masculino,60 a 69,V,5.0,Activo,Reglamento_2021,2022.0,LIMA,Lima y Callao,PERÚ,1,15,2022,2022,Universidad San Ignacio de Loyola,Privada,Visión computacional
P0051919,https://openalex.org/A5079170679,Cristobal Condori Quispe,https://orcid.org/0000-0003-2657-147X,Geochemistry and Geologic Mapping,Artificial Intelligence,Universidad Nacional de San Agustin de Arequipa,education,exacta,"CONDORI QUISPE,CRISTOBAL",Masculino,30 a 39,IV,4.0,Activo,Reglamento_2021,2024.0,AREQUIPA,Otras regiones,PERÚ,3,0,2017,2017,Universidad Nacional de San Agustín de Arequipa,Pública,IA aplicada (otros dominios)
P0052033,https://openalex.org/A5046949141,Kitty Urbano,https://orcid.org/0000-0003-2009-000X,Augmented Reality Applications|Seismology and Earthquake Studies|AI in cancer detection,Computer Vision and Pattern Recognition,Universidad Científica del Sur,education,media,"URBANO CARRANZA,KITTY ROXANA",Femenino,30 a 39,VII,7.0,Activo,Reglamento_2021,2023.0,LIMA,Lima y Callao,PERÚ,8,10,2023,2026,Universidad Científica del Sur,Privada,Visión computacional
P0052062,https://openalex.org/A5001384541,Marisol Angulo-Ramos,https://orcid.org/0000-0003-4779-949X,Privacy-Preserving Technologies in Data,Artificial Intelligence,Catholic University Los Angeles of Chimbote,education,alta,"ANGULO RAMOS,MARISOL JANETH",Femenino,40 a 49,VII,7.0,Activo,Reglamento_2021,2022.0,LIMA,Lima y Callao,PERÚ,1,11,2021,2021,Catholic University Los Angeles of Chimbote,Otro / no clasificado,IA aplicada (otros dominios)
P0052144,https://openalex.org/A5092649542,Djamila Gallegos-Espinoza,https://orcid.org/0000-0002-7078-7166,Intelligent Tutoring Systems and Adaptive Learning,Artificial Intelligence,National University of Education Enrique Guzmán y Valle,education,exacta,"GALLEGOS ESPINOZA,DJAMILA",Femenino,50 a 59,VII,7.0,Activo,Reglamento_2021,2023.0,LIMA,Lima y Callao,PERÚ,1,0,2024,2024,National University of Education Enrique Guzmán y Valle,Otro / no clasificado,IA en educación
P0052430,https://openalex.org/A5039708260,Alfredo Daza,https://orcid.org/0000-0002-2259-1070,Neural Networks and Applications,Artificial Intelligence,Universidad César Vallejo,education,media,"DAZA VERGARAY,ALFREDO",Masculino,40 a 49,III,3.0,Activo,Reglamento_2021,2024.0,ANCASH,Otras regiones,PERÚ,1,0,2024,2024,Universidad César Vallejo,Privada,Redes neuronales / Deep Learning
P0052637,https://openalex.org/A5016956994,Christian Ovalle,https://orcid.org/0000-0002-5559-5684,Imbalanced Data Classification Techniques|Solar Radiation and Photovoltaics|Music Technology and Sound Studies,Artificial Intelligence,Universidad Tecnológica del Perú,education,media,"OVALLE PAULINO,DENIS CHRISTIAN",Masculino,40 a 49,VII,7.0,Activo,Reglamento_2021,2023.0,LIMA,Lima y Callao,PERÚ,3,2,2023,2024,Universidad Tecnológica del Perú,Privada,Aprendizaje automático (general)
P0052730,https://openalex.org/A5046402589,Luisa Diomira Macedo Franco,https://orcid.org/0000-0002-0080-5381,Seismology and Earthquake Studies,Artificial Intelligence,Instituto Geofísico del Perú,government,exacta,"MACEDO FRANCO,LUISA DIOMIRA",Femenino,50 a 59,VI,6.0,Activo,Reglamento_2021,2023.0,AREQUIPA,Otras regiones,PERÚ,1,0,2021,2021,Instituto Geofísico del Perú,Pública,IA aplicada (otros dominios)
P0052929,https://openalex.org/A5093611313,Kelly Cristina Vásquez Huatay,https://orcid.org/0000-0001-5897-7031,AI in Service Interactions,Artificial Intelligence,Universidad de San Martín de Porres,education,exacta,"VASQUEZ HUATAY,KELLY CRISTINA",Femenino,50 a 59,VI,6.0,Activo,Reglamento_2021,2024.0,LAMBAYEQUE,Otras regiones,PERÚ,1,0,2025,2025,Universidad de San Martín de Porres,Privada,IA aplicada (otros dominios)
P0053082,https://openalex.org/A5000758842,Emma Verónica Ramos Farroñán,https://orcid.org/0000-0003-1755-7967,Intelligent Tutoring Systems and Adaptive Learning,Artificial Intelligence,Universidad César Vallejo,education,exacta,"RAMOS FARROÑAN,EMMA VERONICA",Femenino,40 a 49,III,3.0,Activo,Reglamento_2021,2024.0,LAMBAYEQUE,Otras regiones,PERÚ,1,0,2026,2026,Universidad César Vallejo,Privada,IA en educación
P0053210,https://openalex.org/A5072466818,César Arturo Niño-Carmona,https://orcid.org/0000-0002-0981-0822,Neural Networks and Applications,Artificial Intelligence,Universidad Nacional de Piura,education,exacta,"NIÑO CARMONA,CESAR ARTURO",Masculino,40 a 49,VI,6.0,No registra,Reglamento_2018,2021.0,PIURA,Otras regiones,PERÚ,1,1,2021,2021,Universidad Nacional de Piura,Pública,Redes neuronales / Deep Learning
P0053349,https://openalex.org/A5022551415,Betsy Cisneros-Chavez,https://orcid.org/0000-0002-4675-3513,Intelligent Tutoring Systems and Adaptive Learning,Artificial Intelligence,Universidad Nacional de San Agustin de Arequipa,education,alta,"CISNEROS CHAVEZ,BETSY CAROL",Femenino,50 a 59,IV,4.0,VIGENCIA VENCIDA,Reglamento_2018,2021.0,AREQUIPA,Otras regiones,PERÚ,1,9,2019,2019,Universidad Nacional de San Agustín de Arequipa,Pública,IA en educación
P0053540,https://openalex.org/A5045702424,Ana Beatriz Alvarez,https://orcid.org/0000-0003-3403-8261,Image Enhancement Techniques,Computer Vision and Pattern Recognition,National University of Saint Anthony the Abbot in Cuzco,education,alta,"ALVAREZ MAMANI,ANA BEATRIZ",Femenino,40 a 49,VI,6.0,Activo,Reglamento_2021,2024.0,CUSCO,Sur andino (Altiplano),PERÚ,1,1,2025,2025,Universidad Nacional de San Antonio Abad del Cusco,Pública,Visión computacional
P0053716,https://openalex.org/A5070461067,Carmen Torres-Ceclén,https://orcid.org/0000-0002-8616-7965,AI in cancer detection|AI in Service Interactions,Artificial Intelligence,Universidad Tecnológica del Perú,education,alta,"TORRES CECLÉN,CARMEN CECILIA",Femenino,40 a 49,VII,7.0,Activo,Reglamento_2021,2023.0,ANCASH,Otras regiones,PERÚ,2,20,2023,2025,Universidad Tecnológica del Perú,Privada,IA en salud
P0053808,https://openalex.org/A5092276617,Víctor Renzo Cárdenas Tapia,https://orcid.org/0000-0002-0499-196X,AI in Service Interactions,Artificial Intelligence,Universidad Nacional del Centro del Perú,education,exacta,"CARDENAS TAPIA,VICTOR RENZO",Masculino,30 a 39,VII,7.0,Activo,Reglamento_2021,2023.0,JUNIN,Otras regiones,PERÚ,1,0,2026,2026,Universidad Nacional del Centro del Perú,Pública,IA aplicada (otros dominios)
P0054173,https://openalex.org/A5080542231,Juan Amílcar Villanueva Calderón,https://orcid.org/0000-0001-5272-7277,Organizational and Employee Performance,Artificial Intelligence,Universidad Señor de Sipán,education,exacta,"VILLANUEVA CALDERON,JUAN AMILCAR",Masculino,40 a 49,V,5.0,Activo,Reglamento_2021,2024.0,LAMBAYEQUE,Otras regiones,PERÚ,1,8,2023,2023,Universidad Señor de Sipán,Privada,IA aplicada (otros dominios)
P0054223,https://openalex.org/A5053890862,Diana Mercedes Castro Cárdenas,https://orcid.org/0000-0001-8489-9671,Metaheuristic Optimization Algorithms Research,Artificial Intelligence,Universidad Nacional Pedro Ruíz Gallo,education,exacta,"CASTRO CARDENAS,DIANA MERCEDES",Femenino,50 a 59,VI,6.0,Activo,Reglamento_2021,2024.0,LAMBAYEQUE,Otras regiones,PERÚ,1,0,2025,2025,Universidad Nacional Pedro Ruíz Gallo,Pública,Optimización y metaheurísticas
P0054246,https://openalex.org/A5019644817,Carlos Enrique Fernández-García,https://orcid.org/0000-0003-4864-9768,Augmented Reality Applications,Computer Vision and Pattern Recognition,Private University of the North,education,exacta,"FERNANDEZ GARCIA,CARLOS ENRIQUE",Masculino,50 a 59,VII,7.0,Activo,Reglamento_2021,2022.0,LIMA,Lima y Callao,PERÚ,1,11,2021,2021,Universidad Privada del Norte,Privada,Visión computacional
P0054263,https://openalex.org/A5051140178,Jesús Eduardo Pomachagua-Paucar,https://orcid.org/0000-0002-8787-4047,Solar Radiation and Photovoltaics,Artificial Intelligence,Universidad Nacional del Centro del Perú,education,exacta,"POMACHAGUA PAUCAR,JESUS EDUARDO",Masculino,60 a 69,VI,6.0,Activo,Reglamento_2021,2023.0,JUNIN,Otras regiones,PERÚ,2,2,2015,2017,Universidad Nacional del Centro del Perú,Pública,IA aplicada (otros dominios)
P0054268,https://openalex.org/A5056392888,Erasmo Sulla Espinoza,https://orcid.org/0000-0002-1223-1223,Robotic Path Planning Algorithms|Face recognition and analysis,Computer Vision and Pattern Recognition,Universidad Nacional de San Agustin de Arequipa,education,exacta,"SULLA ESPINOZA,ERASMO",Masculino,60 a 69,VI,6.0,Activo,Reglamento_2021,2024.0,AREQUIPA,Otras regiones,PERÚ,2,7,2021,2026,Universidad Nacional de San Agustín de Arequipa,Pública,Robótica y control
P0054322,https://openalex.org/A5082150220,Carlos Enrique Guanilo Paredes,https://orcid.org/0000-0001-8935-5366,Imbalanced Data Classification Techniques,Artificial Intelligence,National University of Engineering,education,exacta,"GUANILO PAREDES,CARLOS ENRIQUE",Masculino,70 a 79,VII,7.0,Activo,Reglamento_2021,2022.0,LIMA,Lima y Callao,PERÚ,1,12,2023,2023,Universidad Nacional de Ingeniería,Pública,Aprendizaje automático (general)
P0054342,https://openalex.org/A5028325326,Raúl Zegarra,https://orcid.org/0000-0001-7466-7404,Face and Expression Recognition,Computer Vision and Pattern Recognition,Universidad Nacional Tecnológica de Lima Sur,education,media,"HUAROTE ZEGARRA,RAUL EDUARDO",Masculino,40 a 49,VII,7.0,Activo,Reglamento_2021,2023.0,ANCASH,Otras regiones,PERÚ,1,0,2025,2025,Universidad Nacional Tecnológica de Lima Sur,Pública,Visión computacional
P0054463,https://openalex.org/A5045639038,Gisella Luisa Elena Maquen-Niño,https://orcid.org/0000-0002-9224-5456,AI in cancer detection|Data Stream Mining Techniques|Metaheuristic Optimization Algorithms Research,Artificial Intelligence,Universidad Nacional Pedro Ruíz Gallo,education,exacta,"MAQUEN NIÑO,GISELLA LUISA ELENA",Femenino,40 a 49,III,3.0,Activo,Reglamento_2021,2024.0,LAMBAYEQUE,Otras regiones,PERÚ,5,5,2024,2025,Universidad Nacional Pedro Ruíz Gallo,Pública,IA en salud
P0054641,https://openalex.org/A5033075566,Manuel Loaiza,https://orcid.org/0000-0003-0555-9666,Advanced Neural Network Applications|Augmented Reality Applications,Computer Vision and Pattern Recognition,Universidad Católica San Pablo,education,media,"LOAIZA FERNANDEZ,MANUEL EDUARDO",Masculino,40 a 49,VII,7.0,Activo,Reglamento_2021,2022.0,AREQUIPA,Otras regiones,PERÚ,3,10,2018,2021,Universidad Católica San Pablo,Privada,Redes neuronales / Deep Learning
P0054724,https://openalex.org/A5126539266,Cesar Yactayo-Arias,,AI in cancer detection,Artificial Intelligence,Universidad de Ciencias y Humanidades,education,alta,"YACTAYO ARIAS,CESAR AUGUSTO",Masculino,40 a 49,VI,6.0,Activo,Reglamento_2021,2024.0,LIMA,Lima y Callao,PERÚ,1,0,2026,2026,Universidad de Ciencias y Humanidades,Privada,IA en salud
P0054771,https://openalex.org/A5120774225,Jose Carlos Montes Ninaquispe,,AI in Service Interactions,Artificial Intelligence,Universidad de San Martín de Porres,education,exacta,"MONTES NINAQUISPE,JOSE CARLOS",Masculino,30 a 39,V,5.0,Activo,Reglamento_2021,2024.0,LAMBAYEQUE,Otras regiones,PERÚ,1,0,2025,2025,Universidad de San Martín de Porres,Privada,IA aplicada (otros dominios)
P0054870,https://openalex.org/A5091680394,Elmer Diaz,,AI in cancer detection,Artificial Intelligence,National University of San Marcos,education,media,"LLANOS DIAZ,ELMER",Masculino,50 a 59,VI,6.0,Activo,Reglamento_2021,2022.0,LAMBAYEQUE,Otras regiones,PERÚ,1,32,2023,2023,Universidad Nacional Mayor de San Marcos,Pública,IA en salud
P0055093,https://openalex.org/A5039607780,Jesús Talavera Suarez,https://orcid.org/0000-0002-8076-5198,Augmented Reality Applications|Robotic Path Planning Algorithms,Computer Vision and Pattern Recognition,Universidad Nacional de San Agustin de Arequipa,education,alta,"TALAVERA SUAREZ,JESUS JOSE FORTUNATO",Masculino,70 a 79,VII,7.0,Activo,Reglamento_2021,2023.0,AREQUIPA,Otras regiones,PERÚ,2,9,2022,2022,Universidad Nacional de San Agustín de Arequipa,Pública,Visión computacional
P0055095,https://openalex.org/A5077235199,Pablo Lavado,https://orcid.org/0000-0002-3872-216X,Anomaly Detection Techniques and Applications,Artificial Intelligence,University of the Pacific,education,media,"LAVADO PADILLA,PABLO AUGUSTO",Masculino,40 a 49,VI,6.0,Activo,Reglamento_2021,2023.0,LIMA,Lima y Callao,PERÚ,1,1,2020,2020,University of the Pacific,Otro / no clasificado,Aprendizaje automático (general)
P0055294,https://openalex.org/A5114548805,Torres-Cruz Fred,,Linguistic Studies and Language Acquisition,Artificial Intelligence,Universidad Nacional del Altiplano,education,exacta,"TORRES CRUZ,FRED",Masculino,20 a 29,II,2.0,Activo,Reglamento_2021,2023.0,PUNO,Sur andino (Altiplano),PERÚ,2,13,2024,2025,Universidad Nacional del Altiplano (Puno),Pública,IA aplicada (otros dominios)
P0055704,https://openalex.org/A5130929710,Jorge Raul Navarro-Cabrera,https://orcid.org/0000-0002-7369-4459,AI in cancer detection|Machine Learning in Healthcare,Artificial Intelligence,Universidad Nacional de San Martín,education,exacta,"NAVARRO CABRERA,JORGE RAUL",Masculino,20 a 29,VII,7.0,Activo,Reglamento_2021,2023.0,SAN MARTIN,Otras regiones,PERÚ,3,3,2025,2026,Universidad Nacional de San Martín,Pública,IA en salud
P0055833,https://openalex.org/A5020389674,Grisi Bernardo,https://orcid.org/0000-0002-4147-2771,Organizational and Employee Performance,Artificial Intelligence,Universidad Norbert Wiener,education,media,"BERNARDO SANTIAGO,GRISI",Femenino,50 a 59,VII,7.0,Activo,Reglamento_2021,2023.0,LIMA,Lima y Callao,PERÚ,1,0,2026,2026,Universidad Norbert Wiener,Privada,IA aplicada (otros dominios)
P0056056,https://openalex.org/A5090330850,Claudia Cervantes-Jilaja,https://orcid.org/0000-0003-1503-6770,Advanced Neural Network Applications|Video Surveillance and Tracking Methods,Computer Vision and Pattern Recognition,Universidad Católica San Pablo,education,exacta,"CERVANTES JILAJA,CLAUDIA",Femenino,30 a 39,V,5.0,VIGENCIA VENCIDA,Reglamento_2018,2019.0,AREQUIPA,Otras regiones,PERÚ,2,9,2015,2016,Universidad Católica San Pablo,Privada,Redes neuronales / Deep Learning
P0056094,https://openalex.org/A5032761618,Jimmy Max Ramírez Villacorta,https://orcid.org/0000-0003-2923-2270,Anomaly Detection Techniques and Applications,Artificial Intelligence,Universidad Nacional de la Amazonía Peruana,education,exacta,"RAMIREZ VILLACORTA,JIMMY MAX",Masculino,40 a 49,VI,6.0,Activo,Reglamento_2021,2024.0,LORETO,Otras regiones,PERÚ,1,0,2025,2025,Universidad Nacional de la Amazonía Peruana,Pública,Aprendizaje automático (general)
P0056101,https://openalex.org/A5044252544,Jorge Reynoso,https://orcid.org/0009-0000-2580-6834,AI in Service Interactions,Artificial Intelligence,Universidad de Lima|Universidad San Ignacio de Loyola|Universidad Peruana Unión,education|education|education,media,"REYNOSO TANTALEAN,JORGE LUIS",Masculino,70 a 79,VII,7.0,VIGENCIA VENCIDA,Reglamento_2018,2019.0,LIMA,Lima y Callao,PERÚ,1,0,2025,2025,Universidad de Lima|Universidad San Ignacio de Loyola|Universidad Peruana Unión,Privada,IA aplicada (otros dominios)
P0056807,https://openalex.org/A5114294064,Martín Casapia Morales,,Digital Imaging for Blood Diseases,Computer Vision and Pattern Recognition,Universidad Nacional de la Amazonía Peruana,education,alta,"CASAPIA MORALES,WILFREDO MARTIN",Masculino,50 a 59,Distinguido,0.0,Activo,Reglamento_2021,2022.0,LORETO,Otras regiones,PERÚ,2,0,2026,2026,Universidad Nacional de la Amazonía Peruana,Pública,IA en salud
P0056852,https://openalex.org/A5112970110,Pedro Bejar Muñoz,,Natural Language Processing Techniques,Artificial Intelligence,Universidad Nacional del Altiplano,education,exacta,"BEJAR MUÑOZ,PEDRO",Masculino,50 a 59,V,5.0,Activo,Reglamento_2021,2024.0,PUNO,Sur andino (Altiplano),PERÚ,1,0,2023,2023,Universidad Nacional del Altiplano (Puno),Pública,PLN (NLP)
P0056859,https://openalex.org/A5105966600,Aldo R. Castillo-Chung,,Geochemistry and Geologic Mapping,Artificial Intelligence,National University of Trujillo,education,alta,"CASTILLO CHUNG,ALDO ROGER",Masculino,50 a 59,VII,7.0,Activo,Reglamento_2021,2023.0,LA LIBERTAD,Otras regiones,PERÚ,2,3,2025,2025,Universidad Nacional de Trujillo,Pública,IA aplicada (otros dominios)
P0056868,https://openalex.org/A5029974447,Elvira García-Huamantumba,https://orcid.org/0000-0001-7773-828X,Imbalanced Data Classification Techniques,Artificial Intelligence,Universidad Norbert Wiener,education,exacta,"GARCIA HUAMANTUMBA,ELVIRA",Femenino,60 a 69,VII,7.0,Activo,Reglamento_2021,2023.0,LIMA,Lima y Callao,PERÚ,1,12,2023,2023,Universidad Norbert Wiener,Privada,Aprendizaje automático (general)
P0057420,https://openalex.org/A5114957569,Mariana Campos-Sobrino,,AI in cancer detection,Artificial Intelligence,National University of Engineering,education,alta,"CAMPOS SOBRINO,MARIANA ALEJANDRA",Femenino,30 a 39,VII,7.0,Activo,Reglamento_2021,2024.0,ICA,Otras regiones,PERÚ,1,2,2024,2024,Universidad Nacional de Ingeniería,Pública,IA en salud
P0057631,https://openalex.org/A5083722306,Juan J. Soria,https://orcid.org/0000-0002-4415-8622,Sentiment Analysis and Opinion Mining|Solar Radiation and Photovoltaics|Imbalanced Data Classification Techniques,Artificial Intelligence,Universidad Tecnológica del Perú,education,media,"SORIA QUIJAITE,JUAN JESUS",Masculino,50 a 59,V,5.0,Activo,Reglamento_2021,2023.0,LIMA,Lima y Callao,PERÚ,5,7,2022,2025,Universidad Tecnológica del Perú,Privada,PLN (NLP)
P0057659,https://openalex.org/A5050680303,Eva Genoveva Mendoza Mamani,https://orcid.org/0000-0003-0587-0753,Solar Radiation and Photovoltaics,Artificial Intelligence,Universidad Nacional del Altiplano,education,exacta,"MENDOZA MAMANI,EVA GENOVEVA",Femenino,40 a 49,VII,7.0,Activo,Reglamento_2021,2022.0,PUNO,Sur andino (Altiplano),PERÚ,2,8,2022,2022,Universidad Nacional del Altiplano (Puno),Pública,IA aplicada (otros dominios)
P0057709,https://openalex.org/A5026856416,Diego Pajuelo,https://orcid.org/0000-0003-0067-5078,Advanced Steganography and Watermarking Techniques,Computer Vision and Pattern Recognition,Peruvian University of Applied Sciences,education,media,"PAJUELO CASTRO,DIEGO ARTURO",Masculino,30 a 39,VI,6.0,VIGENCIA VENCIDA,Reglamento_2018,2019.0,LIMA,Lima y Callao,PERÚ,1,9,2016,2016,Universidad Peruana de Ciencias Aplicadas,Privada,IA aplicada (otros dominios)
P0057733,https://openalex.org/A5041714030,Luis Cuadros-Paz,,Intelligent Tutoring Systems and Adaptive Learning,Artificial Intelligence,Universidad Nacional de San Agustin de Arequipa,education,alta,"CUADROS PAZ,LUIS ERNESTO",Masculino,70 a 79,V,5.0,No registra,Reglamento_2018,2021.0,AREQUIPA,Otras regiones,PERÚ,1,9,2019,2019,Universidad Nacional de San Agustín de Arequipa,Pública,IA en educación
P0057737,https://openalex.org/A5058101548,Walter Fernández-Gambarini,,Intelligent Tutoring Systems and Adaptive Learning,Artificial Intelligence,Universidad Nacional de San Agustin de Arequipa,education,alta,"FERNANDEZ GAMBARINI,WALTER CORNELIO",Masculino,70 a 79,V,5.0,Activo,Reglamento_2021,2023.0,AREQUIPA,Otras regiones,PERÚ,1,9,2019,2019,Universidad Nacional de San Agustín de Arequipa,Pública,IA en educación
P0057900,https://openalex.org/A5109505317,Fernando Sernaqué,,AI in cancer detection|Augmented Reality Applications,Artificial Intelligence,Universidad Continental,education,media,"SERNAQUE AUCCAHUASI,FERNANDO ANTONIO",Masculino,50 a 59,V,5.0,Activo,Reglamento_2021,2023.0,LIMA,Lima y Callao,PERÚ,2,3,2019,2024,Universidad Continental,Privada,IA en salud
P0058996,https://openalex.org/A5011684440,Edgar Daniel Rodriguez Velasquez,https://orcid.org/0000-0002-3207-4800,Bayesian Modeling and Causal Inference|Intelligent Tutoring Systems and Adaptive Learning,Artificial Intelligence,University of Piura,education,exacta,"RODRIGUEZ VELASQUEZ,EDGAR DANIEL",Masculino,30 a 39,V,5.0,Activo,Reglamento_2021,2024.0,PIURA,Otras regiones,PERÚ,2,0,2023,2023,University of Piura,Otro / no clasificado,IA aplicada (otros dominios)
P0059053,https://openalex.org/A5073563334,Luis Gerardo Rejas-Borjas,https://orcid.org/0000-0002-7679-4973,Augmented Reality Applications,Computer Vision and Pattern Recognition,National University of San Marcos,education,exacta,"REJAS BORJAS,LUIS GERARDO",Masculino,40 a 49,VII,7.0,Activo,Reglamento_2021,2023.0,LIMA,Lima y Callao,PERÚ,1,15,2022,2022,Universidad Nacional Mayor de San Marcos,Pública,Visión computacional
P0059144,https://openalex.org/A5045921958,Edwin Pino-Vargas,https://orcid.org/0000-0001-7432-4364,Geochemistry and Geologic Mapping,Artificial Intelligence,Jorge Basadre Grohmann National University,education,alta,"PINO VARGAS,EDWIN MARTIN",Masculino,50 a 59,II,2.0,Activo,Reglamento_2021,2023.0,TACNA,Otras regiones,PERÚ,1,4,2025,2025,Jorge Basadre Grohmann National University,Otro / no clasificado,IA aplicada (otros dominios)
P0059244,https://openalex.org/A5036319837,Sonia Gladys Gutiérrez Monzón,https://orcid.org/0000-0001-6474-762X,Imbalanced Data Classification Techniques,Artificial Intelligence,Catholic University of Santa María,education,exacta,"GUTIERREZ MONZON,SONIA GLADYS",Femenino,50 a 59,VII,7.0,Activo,Reglamento_2021,2023.0,AREQUIPA,Otras regiones,PERÚ,1,9,2024,2024,Catholic University of Santa María,Otro / no clasificado,Aprendizaje automático (general)
P0059251,https://openalex.org/A5075407550,Percy Edwin De la Cruz Vélez de Villa,https://orcid.org/0000-0002-4943-7620,Data Stream Mining Techniques,Artificial Intelligence,National University of San Marcos,education,exacta,"DE LA CRUZ VELEZ DE VILLA,PERCY EDWIN",Masculino,60 a 69,V,5.0,Activo,Reglamento_2021,2023.0,LIMA,Lima y Callao,PERÚ,1,1,2025,2025,Universidad Nacional Mayor de San Marcos,Pública,IA aplicada (otros dominios)
P0059686,https://openalex.org/A5104268844,Angel Cortez,https://orcid.org/0000-0001-6829-6467,Robotic Path Planning Algorithms,Computer Vision and Pattern Recognition,Peruvian University of Applied Sciences,education,media,"CORTEZ ORELLANA,SANTIAGO ANGEL",Masculino,50 a 59,VI,6.0,Activo,Reglamento_2021,2024.0,JUNIN,Otras regiones,PERÚ,1,5,2022,2022,Universidad Peruana de Ciencias Aplicadas,Privada,Robótica y control
P0059995,https://openalex.org/A5106505354,Eduardo Ortega,https://orcid.org/0000-0003-4940-1094,Augmented Reality Applications,Computer Vision and Pattern Recognition,Peruvian University of Applied Sciences,education,media,"JARA ORTEGA,CONSTANTE EDUARDO",Masculino,60 a 69,V,5.0,VIGENCIA VENCIDA,Reglamento_2018,2020.0,AREQUIPA,Otras regiones,PERÚ,1,0,2024,2024,Universidad Peruana de Ciencias Aplicadas,Privada,Visión computacional
P0060409,https://openalex.org/A5007832637,Edy Larico Mamani,,Robotic Path Planning Algorithms,Computer Vision and Pattern Recognition,Universidad Andina Néstor Cáceres Velásquez,education,exacta,"LARICO MAMANI,EDY",Masculino,40 a 49,VI,6.0,Activo,Reglamento_2021,2024.0,PUNO,Sur andino (Altiplano),PERÚ,1,0,2025,2025,Universidad Andina Néstor Cáceres Velásquez,Privada,Robótica y control
P0060566,https://openalex.org/A5065673647,Guido Trujillo Valdiviezo,https://orcid.org/0000-0002-3019-6599,AI in Service Interactions,Artificial Intelligence,Universidad César Vallejo,education,exacta,"TRUJILLO VALDIVIEZO,GUIDO",Masculino,50 a 59,VI,6.0,Activo,Reglamento_2021,2024.0,LIMA,Lima y Callao,PERÚ,1,8,2023,2023,Universidad César Vallejo,Privada,IA aplicada (otros dominios)
P0060714,https://openalex.org/A5017494845,Elgar Barboza,https://orcid.org/0000-0002-9628-8138,Geochemistry and Geologic Mapping,Artificial Intelligence,National University Toribio Rodríguez de Mendoza,education,media,"BARBOZA CASTILLO,ELGAR",Masculino,30 a 39,II,2.0,Activo,Reglamento_2021,2023.0,AMAZONAS,Otras regiones,PERÚ,1,7,2025,2025,National University Toribio Rodríguez de Mendoza,Otro / no clasificado,IA aplicada (otros dominios)
P0060805,https://openalex.org/A5115489344,Margoth Marleny Aguilar-Cuevas,,Imbalanced Data Classification Techniques,Artificial Intelligence,Los Andes Peruvian University,education,exacta,"AGUILAR CUEVAS,MARGOTH MARLENY",Femenino,50 a 59,VII,7.0,Activo,Reglamento_2021,2024.0,JUNIN,Otras regiones,PERÚ,1,9,2024,2024,Los Andes Peruvian University,Otro / no clasificado,Aprendizaje automático (general)
P0060908,https://openalex.org/A5021519062,Yuri Silva Vidal,https://orcid.org/0000-0002-0461-470X,Robotic Path Planning Algorithms,Computer Vision and Pattern Recognition,Universidad Nacional de San Agustin de Arequipa,education,alta,"SILVA VIDAL,YURI LESTER",Masculino,60 a 69,V,5.0,Activo,Reglamento_2021,2023.0,AREQUIPA,Otras regiones,PERÚ,1,7,2021,2021,Universidad Nacional de San Agustín de Arequipa,Pública,Robótica y control
P0060909,https://openalex.org/A5119002485,Jonathan Alberto Campos Trigoso,,AI in Service Interactions,Artificial Intelligence,National University Toribio Rodríguez de Mendoza,education,exacta,"CAMPOS TRIGOSO,JONATHAN ALBERTO",Masculino,30 a 39,V,5.0,Activo,Reglamento_2021,2023.0,AMAZONAS,Otras regiones,PERÚ,1,0,2026,2026,National University Toribio Rodríguez de Mendoza,Otro / no clasificado,IA aplicada (otros dominios)
P0061384,https://openalex.org/A5083672437,Karina Vasquez,,Advanced Neural Network Applications,Computer Vision and Pattern Recognition,Universidad de Ingeniería y Tecnología,education,media,"VASQUEZ PEREZ,JANETT KARINA",Femenino,40 a 49,VII,7.0,Activo,Reglamento_2021,2023.0,UCAYALI,Otras regiones,PERÚ,1,2,2021,2021,Universidad de Ingeniería y Tecnología,Privada,Redes neuronales / Deep Learning
P0062406,https://openalex.org/A5109384483,Emilio Garcia,,AI in cancer detection,Artificial Intelligence,Pontificia Universidad Católica del Perú,education,media,"GARCIA RIOS,EMILIO RAFAEL",Masculino,30 a 39,VII,7.0,Activo,Reglamento_2021,2022.0,RESIDE EN EXTRANJERO,Extranjero / no registra,REINO UNIDO,1,60,2017,2017,Pontificia Universidad Católica del Perú,Privada,IA en salud
P0062604,https://openalex.org/A5111330589,Pablo Franco-León,,Geochemistry and Geologic Mapping,Artificial Intelligence,Jorge Basadre Grohmann National University,education,alta,"FRANCO LEON,PABLO JUAN",Masculino,60 a 69,V,5.0,Activo,Reglamento_2021,2022.0,TACNA,Otras regiones,PERÚ,1,4,2025,2025,Jorge Basadre Grohmann National University,Otro / no clasificado,IA aplicada (otros dominios)
P0063027,https://openalex.org/A5030800775,Carmen Espinoza,,AI in Service Interactions,Artificial Intelligence,Pontificia Universidad Católica del Perú,education,media,"ESPINOZA REYES,MARIA DEL CARMEN",Femenino,50 a 59,VI,6.0,Activo,Reglamento_2021,2022.0,LIMA,Lima y Callao,PERÚ,1,2,2022,2022,Pontificia Universidad Católica del Perú,Privada,IA aplicada (otros dominios)
P0063059,https://openalex.org/A5108765521,Mayra Ortega Gonzales,,Seismology and Earthquake Studies,Artificial Intelligence,Instituto Geológico Minero y Metalúrgico,government,alta,"ORTEGA GONZALES,MAYRA ALEXANDRA",Femenino,30 a 39,VII,7.0,Activo,Reglamento_2021,2022.0,AREQUIPA,Otras regiones,PERÚ,1,10,2021,2021,Instituto Geológico Minero y Metalúrgico,Pública,IA aplicada (otros dominios)
P0063102,https://openalex.org/A5015646133,Rosa Maria Anccasi Figueroa,https://orcid.org/0000-0002-9852-0439,Seismology and Earthquake Studies,Artificial Intelligence,Instituto Geológico Minero y Metalúrgico,government,exacta,"ANCCASI FIGUEROA,ROSA MARIA",Femenino,30 a 39,VII,7.0,Activo,Reglamento_2021,2022.0,AREQUIPA,Otras regiones,PERÚ,2,0,2024,2024,Instituto Geológico Minero y Metalúrgico,Pública,IA aplicada (otros dominios)
P0063166,https://openalex.org/A5060450855,Roberto Santa-Cruz,,Neural Networks and Applications,Artificial Intelligence,National University Toribio Rodríguez de Mendoza,education,alta,"SANTA CRUZ ACOSTA,ROBERTO CARLOS",Masculino,40 a 49,VII,7.0,Activo,Reglamento_2021,2023.0,LAMBAYEQUE,Otras regiones,PERÚ,1,90,2017,2017,National University Toribio Rodríguez de Mendoza,Otro / no clasificado,Redes neuronales / Deep Learning
P0063198,https://openalex.org/A5005708303,Violeta Cadenillas Albornoz,https://orcid.org/0000-0002-4526-2309,AI in Service Interactions,Artificial Intelligence,Universidad César Vallejo,education,exacta,"CADENILLAS ALBORNOZ,VIOLETA",Femenino,50 a 59,VI,6.0,Activo,Reglamento_2021,2022.0,LIMA,Lima y Callao,PERÚ,1,0,2026,2026,Universidad César Vallejo,Privada,IA aplicada (otros dominios)
P0063274,https://openalex.org/A5010982343,Victor Luis Vásquez Huerta,,Digital Imaging for Blood Diseases,Computer Vision and Pattern Recognition,Universidad Nacional de San Agustin de Arequipa,education,exacta,"VASQUEZ HUERTA,VICTOR LUIS",Masculino,70 a 79,VI,6.0,Activo,Reglamento_2021,2022.0,AREQUIPA,Otras regiones,PERÚ,1,1,2024,2024,Universidad Nacional de San Agustín de Arequipa,Pública,IA en salud
P0063325,https://openalex.org/A5059591149,Ricardo Velezmoro-León,https://orcid.org/0000-0002-2582-8264,Data Visualization and Analytics|Augmented Reality Applications,Computer Vision and Pattern Recognition,Universidad Nacional de Piura,education,exacta,"VELEZMORO LEON,RICARDO",Masculino,60 a 69,VI,6.0,Activo,Reglamento_2021,2022.0,PIURA,Otras regiones,PERÚ,2,2,2020,2022,Universidad Nacional de Piura,Pública,IA aplicada (otros dominios)
P0063546,https://openalex.org/A5006223967,Jéssica Paola Palacios Garay,https://orcid.org/0000-0002-2315-1683,AI in Service Interactions,Artificial Intelligence,National University of San Marcos,education,exacta,"PALACIOS GARAY,JESSICA PAOLA",Femenino,40 a 49,III,3.0,Activo,Reglamento_2021,2023.0,LIMA,Lima y Callao,PERÚ,1,0,2026,2026,Universidad Nacional Mayor de San Marcos,Pública,IA aplicada (otros dominios)
P0063682,https://openalex.org/A5032472728,Marina Fernández Miranda,https://orcid.org/0000-0001-5207-4827,Explainable Artificial Intelligence (XAI),Artificial Intelligence,Universidad Nacional de Piura,education,exacta,"FERNANDEZ MIRANDA,MARINA",Femenino,50 a 59,V,5.0,Activo,Reglamento_2021,2024.0,PIURA,Otras regiones,PERÚ,1,0,2026,2026,Universidad Nacional de Piura,Pública,Redes neuronales / Deep Learning
P0064400,https://openalex.org/A5082478353,Daniel Andrade-Girón,https://orcid.org/0000-0002-9746-3583,Augmented Reality Applications,Computer Vision and Pattern Recognition,Universidad Nacional José Faustino Sánchez Carrión,education,alta,"ANDRADE GIRON,DANIEL CRISTOBAL",Masculino,50 a 59,IV,4.0,Activo,Reglamento_2021,2024.0,LIMA,Lima y Callao,PERÚ,1,18,2023,2023,Universidad Nacional José Faustino Sánchez Carrión,Pública,Visión computacional
P0064570,https://openalex.org/A5135373985,Walter Perez,,Text Readability and Simplification,Artificial Intelligence,Pontificia Universidad Católica del Perú,education,media,"VALDERRAMA PEREZ,LUCIO WALTER MANUEL",Masculino,70 a 79,V,5.0,VIGENCIA VENCIDA,Reglamento_2018,2019.0,TACNA,Otras regiones,PERÚ,1,0,2016,2016,Pontificia Universidad Católica del Perú,Privada,IA aplicada (otros dominios)
P0064685,https://openalex.org/A5053207179,Edwin Johny Asnate Salazar,https://orcid.org/0000-0002-4319-8964,Machine Learning in Healthcare,Artificial Intelligence,Universidad Nacional Santiago Antúnez de Mayolo,education,exacta,"ASNATE SALAZAR,EDWIN JOHNY",Masculino,40 a 49,V,5.0,Activo,Reglamento_2021,2024.0,ANCASH,Otras regiones,PERÚ,1,0,2026,2026,Universidad Nacional Santiago Antúnez de Mayolo,Pública,IA en salud
P0064801,https://openalex.org/A5003664832,Luís Edgardo Cruz Salinas,https://orcid.org/0000-0002-3856-3146,Intelligent Tutoring Systems and Adaptive Learning,Artificial Intelligence,Universidad César Vallejo,education,exacta,"CRUZ SALINAS,LUIS EDGARDO",Masculino,50 a 59,V,5.0,Activo,Reglamento_2021,2024.0,LA LIBERTAD,Otras regiones,PERÚ,1,0,2026,2026,Universidad César Vallejo,Privada,IA en educación
P0064848,https://openalex.org/A5029444541,Humberto Bonilla Mancilla,https://orcid.org/0000-0003-2588-5397,Digital Image Processing Techniques,Computer Vision and Pattern Recognition,Universidad Nacional del Centro del Perú,education,alta,"BONILLA MANCILLA,HUMBERTO DAX",Masculino,50 a 59,IV,4.0,Activo,Reglamento_2021,2023.0,JUNIN,Otras regiones,PERÚ,1,3,2025,2025,Universidad Nacional del Centro del Perú,Pública,Visión computacional
P0064970,https://openalex.org/A5015077664,Leopoldo Choque Flores,https://orcid.org/0000-0003-0914-7159,Chaos-based Image/Signal Encryption,Computer Vision and Pattern Recognition,Universidad César Vallejo,education,exacta,"CHOQUE FLORES,LEOPOLDO",Masculino,40 a 49,VI,6.0,Activo,Reglamento_2021,2024.0,LIMA,Lima y Callao,PERÚ,1,6,2021,2021,Universidad César Vallejo,Privada,Visión computacional
P0064974,https://openalex.org/A5052071174,Edwin Ramirez-Asís,https://orcid.org/0000-0002-9918-7607,Organizational and Employee Performance|Advanced Technologies in Various Fields|Video Surveillance and Tracking Methods,Artificial Intelligence,Universidad Nacional Santiago Antúnez de Mayolo,education,alta,"RAMIREZ ASIS,EDWIN HERNAN",Masculino,40 a 49,I,1.0,Activo,Reglamento_2021,2023.0,LIMA,Lima y Callao,PERÚ,6,27,2022,2026,Universidad Nacional Santiago Antúnez de Mayolo,Pública,IA aplicada (otros dominios)
P0065413,https://openalex.org/A5058059120,Rolando J. Cárdenas,,Face recognition and analysis|Face and Expression Recognition,Computer Vision and Pattern Recognition,Universidad Nacional de San Agustin de Arequipa,education,media,"CARDENAS SOTO,ROLANDO",Masculino,60 a 69,VII,7.0,VIGENCIA VENCIDA,Reglamento_2018,2019.0,NO REGISTRA,Extranjero / no registra,PERÚ,2,15,2017,2019,Universidad Nacional de San Agustín de Arequipa,Pública,Visión computacional
P0065473,https://openalex.org/A5061532770,Alfredo Barrientos,https://orcid.org/0000-0002-0029-4913,Augmented Reality Applications|Speech and dialogue systems|Anomaly Detection Techniques and Applications,Computer Vision and Pattern Recognition,Peruvian University of Applied Sciences,education,media,"BARRIENTOS CARBAJO,ALFREDO JESUS",Masculino,70 a 79,V,5.0,VIGENCIA VENCIDA,Reglamento_2018,2019.0,LIMA,Lima y Callao,PERÚ,8,2,2018,2023,Universidad Peruana de Ciencias Aplicadas,Privada,Visión computacional
P0065615,https://openalex.org/A5017593554,Hernán Óscar Cortez Gutiérrez,https://orcid.org/0000-0002-1516-5583,AI in cancer detection|Intelligent Tutoring Systems and Adaptive Learning,Artificial Intelligence,Universidad Nacional del Callao,education,exacta,"CORTEZ GUTIERREZ,HERNAN OSCAR",Masculino,60 a 69,IV,4.0,Activo,Reglamento_2021,2023.0,LIMA,Lima y Callao,PERÚ,2,0,2024,2024,Universidad Nacional del Callao,Pública,IA en salud
P0065955,https://openalex.org/A5006913517,David Condezo,https://orcid.org/0000-0002-1658-910X,Solar Radiation and Photovoltaics,Artificial Intelligence,Universidad Nacional del Centro del Perú,education,media,"CONDEZO HURTADO,DAVID ELVIS",Masculino,30 a 39,V,5.0,Activo,Reglamento_2021,2023.0,JUNIN,Otras regiones,PERÚ,3,6,2023,2023,Universidad Nacional del Centro del Perú,Pública,IA aplicada (otros dominios)
P0066163,https://openalex.org/A5045797382,Carmen Luisa Aquije Dapozzo,,Image and Signal Denoising Methods,Computer Vision and Pattern Recognition,Universidad Nacional Tecnológica de Lima Sur,education,exacta,"AQUIJE DAPOZZO,CARMEN LUISA",Femenino,50 a 59,VII,7.0,Activo,Reglamento_2021,2023.0,LIMA,Lima y Callao,PERÚ,1,0,2025,2025,Universidad Nacional Tecnológica de Lima Sur,Pública,Visión computacional
P0066303,https://openalex.org/A5137841949,Gladys L. Peña Pazos,,Explainable Artificial Intelligence (XAI),Artificial Intelligence,Antenor Orrego Private University,education,alta,"PEÑA PAZOS,GLADYS LIGIA",Femenino,60 a 69,VI,6.0,Activo,Reglamento_2021,2024.0,LA LIBERTAD,Otras regiones,PERÚ,1,0,2026,2026,Antenor Orrego Private University,Otro / no clasificado,Redes neuronales / Deep Learning
P0066490,https://openalex.org/A5065533642,Rocío Maehara,https://orcid.org/0000-0003-2621-2602,Bayesian Methods and Mixture Models,Artificial Intelligence,University of the Pacific,education,media,"MAEHARA ALIAGA,ROCIO PAOLA",Femenino,40 a 49,IV,4.0,VIGENCIA VENCIDA,Reglamento_2018,2021.0,LIMA,Lima y Callao,PERÚ,1,4,2022,2022,University of the Pacific,Otro / no clasificado,IA aplicada (otros dominios)
P0066591,https://openalex.org/A5047199777,María de los Ángeles Guzmán Valle,https://orcid.org/0000-0002-7159-5991,AI in Service Interactions,Artificial Intelligence,Universidad Tecnológica del Perú,education,exacta,"GUZMAN VALLE,MARIA DE LOS ANGELES",Femenino,40 a 49,VI,6.0,Activo,Reglamento_2021,2024.0,LAMBAYEQUE,Otras regiones,PERÚ,2,23,2025,2025,Universidad Tecnológica del Perú,Privada,IA aplicada (otros dominios)
P0066710,https://openalex.org/A5010557409,Víctor Alfonso Rivera Flores,https://orcid.org/0000-0003-3677-9979,Hate Speech and Cyberbullying Detection,Artificial Intelligence,Universidad Nacional de San Agustin de Arequipa,education,exacta,"RIVERA FLORES,VICTOR ALFONSO",Masculino,50 a 59,V,5.0,No registra,Reglamento_2018,2021.0,AREQUIPA,Otras regiones,PERÚ,1,0,2026,2026,Universidad Nacional de San Agustín de Arequipa,Pública,PLN (NLP)
P0067301,https://openalex.org/A5114372674,Jaime Huaytalla-Pariona,,Context-Aware Activity Recognition Systems|Augmented Reality Applications,Computer Vision and Pattern Recognition,Universidad Continental,education,alta,"HUAYTALLA PARIONA,JAIME ANTONIO",Masculino,30 a 39,VII,7.0,Activo,Reglamento_2021,2022.0,JUNIN,Otras regiones,PERÚ,2,3,2024,2025,Universidad Continental,Privada,Visión computacional
P0067326,https://openalex.org/A5086649700,Alberto Chong,https://orcid.org/0000-0002-5139-5386,Internet Traffic Analysis and Secure E-voting,Artificial Intelligence,University of the Pacific,education,media,"CHONG LAM,ALBERTO ELIAS",Masculino,60 a 69,I,1.0,No registra,Reglamento_2018,2021.0,NO REGISTRA,Extranjero / no registra,PERÚ,1,1,2025,2025,University of the Pacific,Otro / no clasificado,IA aplicada (otros dominios)
P0067389,https://openalex.org/A5045414083,Uwe Rojas Villanueva,https://orcid.org/0000-0003-0423-1001,Solar Radiation and Photovoltaics|Neural Networks and Applications,Artificial Intelligence,National University of Engineering,education,exacta,"ROJAS VILLANUEVA,UWE",Masculino,40 a 49,VII,7.0,Activo,Reglamento_2021,2024.0,JUNIN,Otras regiones,PERÚ,3,7,2023,2025,Universidad Nacional de Ingeniería,Pública,IA aplicada (otros dominios)
P0067414,https://openalex.org/A5050051515,Silver K. Vargas,https://orcid.org/0000-0002-8188-9598,AI in cancer detection,Artificial Intelligence,Universidad Peruana Cayetano Heredia,education,media,"VARGAS RIVERA,SILVER KEITH",Masculino,30 a 39,V,5.0,Activo,Reglamento_2021,2023.0,LIMA,Lima y Callao,PERÚ,1,0,2026,2026,Universidad Peruana Cayetano Heredia,Privada,IA en salud
P0067422,https://openalex.org/A5027438093,Juan Carlos Juarez Vargas,https://orcid.org/0000-0002-2816-8003,Sentiment Analysis and Opinion Mining|Imbalanced Data Classification Techniques|Advanced Neural Network Applications,Artificial Intelligence,Universidad Nacional del Altiplano,education,exacta,"JUAREZ VARGAS,JUAN CARLOS",Masculino,40 a 49,III,3.0,Activo,Reglamento_2021,2023.0,PUNO,Sur andino (Altiplano),PERÚ,4,14,2023,2025,Universidad Nacional del Altiplano (Puno),Pública,PLN (NLP)
P0067892,https://openalex.org/A5078794856,Saúl Huaquipaco Encinas,https://orcid.org/0000-0003-2323-3061,Solar Radiation and Photovoltaics,Artificial Intelligence,Universidad Nacional de Moquegua,education,exacta,"HUAQUIPACO ENCINAS,SAUL",Masculino,30 a 39,VII,7.0,Activo,Reglamento_2021,2022.0,PUNO,Sur andino (Altiplano),PERÚ,2,6,2023,2025,Universidad Nacional de Moquegua,Pública,IA aplicada (otros dominios)
P0067932,https://openalex.org/A5137853742,Olga P. Gamarra Chirinos,,Explainable Artificial Intelligence (XAI),Artificial Intelligence,Antenor Orrego Private University,education,alta,"GAMARRA CHIRINOS,OLGA PATRICIA",Femenino,60 a 69,VII,7.0,Activo,Reglamento_2021,2023.0,LA LIBERTAD,Otras regiones,PERÚ,1,0,2026,2026,Antenor Orrego Private University,Otro / no clasificado,Redes neuronales / Deep Learning
P0068103,https://openalex.org/A5007478362,Milton Antonio López Cueva,,Sentiment Analysis and Opinion Mining,Artificial Intelligence,Universidad Nacional del Altiplano,education,exacta,"LOPEZ CUEVA,MILTON ANTONIO",Masculino,30 a 39,V,5.0,Activo,Reglamento_2021,2024.0,PUNO,Sur andino (Altiplano),PERÚ,1,13,2025,2025,Universidad Nacional del Altiplano (Puno),Pública,PLN (NLP)
P0068433,https://openalex.org/A5076431888,James Arredondo,https://orcid.org/0000-0003-4594-0541,Solar Radiation and Photovoltaics,Artificial Intelligence,Universidad Nacional del Altiplano,education,media,"ARREDONDO MAMANI,JAMES ROLANDO",Masculino,40 a 49,VII,7.0,Activo,Reglamento_2021,2022.0,PUNO,Sur andino (Altiplano),PERÚ,2,4,2021,2025,Universidad Nacional del Altiplano (Puno),Pública,IA aplicada (otros dominios)
P0068450,https://openalex.org/A5018122055,Christian Augusto Romero Goyzueta,https://orcid.org/0000-0003-3874-0752,Solar Radiation and Photovoltaics|Internet Traffic Analysis and Secure E-voting|Advanced Neural Network Applications,Artificial Intelligence,Universidad Nacional del Altiplano,education,exacta,"ROMERO GOYZUETA,CHRISTIAN AUGUSTO",Masculino,30 a 39,VII,7.0,Activo,Reglamento_2021,2022.0,PUNO,Sur andino (Altiplano),PERÚ,5,29,2016,2023,Universidad Nacional del Altiplano (Puno),Pública,IA aplicada (otros dominios)
P0068468,https://openalex.org/A5006653665,Leonidas Vilca Callata,https://orcid.org/0000-0001-9168-9146,Solar Radiation and Photovoltaics,Artificial Intelligence,Universidad Nacional del Altiplano,education,exacta,"VILCA CALLATA,LEONIDAS",Masculino,40 a 49,VI,6.0,Activo,Reglamento_2021,2024.0,PUNO,Sur andino (Altiplano),PERÚ,1,0,2022,2022,Universidad Nacional del Altiplano (Puno),Pública,IA aplicada (otros dominios)
P0069033,https://openalex.org/A5106116467,Roberto E. Roque -Claros,,Robotic Path Planning Algorithms,Computer Vision and Pattern Recognition,Universidad Nacional del Altiplano,education,alta,"ROQUE CLAROS,ROBERTO ELVIS",Masculino,50 a 59,VI,6.0,Activo,Reglamento_2021,2024.0,PUNO,Sur andino (Altiplano),PERÚ,1,5,2024,2024,Universidad Nacional del Altiplano (Puno),Pública,Robótica y control
P0069189,https://openalex.org/A5033372277,Yudi Janeh Yucra Mamani,https://orcid.org/0000-0002-9483-7949,Natural Language Processing Techniques,Artificial Intelligence,Universidad Nacional del Altiplano,education,exacta,"YUCRA MAMANI,YUDI JANEH",Femenino,40 a 49,V,5.0,Activo,Reglamento_2021,2023.0,PUNO,Sur andino (Altiplano),PERÚ,1,0,2023,2023,Universidad Nacional del Altiplano (Puno),Pública,PLN (NLP)
P0069873,https://openalex.org/A5089633272,André Valdivia,https://orcid.org/0000-0001-7840-9795,Neural Networks and Applications,Artificial Intelligence,Universidad Nacional de San Agustin de Arequipa,education,media,"ERREA VALDIVIA,RENATO ANDRE",Masculino,30 a 39,VII,7.0,VIGENCIA VENCIDA,Reglamento_2018,2019.0,LIMA,Lima y Callao,PERÚ,1,0,2018,2018,Universidad Nacional de San Agustín de Arequipa,Pública,Redes neuronales / Deep Learning
P0070210,https://openalex.org/A5026344980,Madeleine Guillen,https://orcid.org/0000-0001-8181-8581,Geochemistry and Geologic Mapping,Artificial Intelligence,Universidad Nacional de San Agustin de Arequipa,education,media,"GUILLEN GOMEZ,MADELEINE NATHALY",Femenino,30 a 39,V,5.0,Activo,Reglamento_2021,2024.0,AREQUIPA,Otras regiones,PERÚ,2,7,2021,2023,Universidad Nacional de San Agustín de Arequipa,Pública,IA aplicada (otros dominios)
P0070316,https://openalex.org/A5078759618,Michael Cabanillas-Carbonell,https://orcid.org/0000-0001-9675-0970,Augmented Reality Applications|AI in Service Interactions|Sentiment Analysis and Opinion Mining,Artificial Intelligence,Private University of the North,education,alta,"CABANILLAS CARBONELL,MICHAEL ALEJANDRO",Masculino,30 a 39,II,2.0,Activo,Reglamento_2021,2023.0,LIMA,Lima y Callao,PERÚ,12,84,2020,2026,Universidad Privada del Norte,Privada,Visión computacional
P0070731,https://openalex.org/A5072786906,Gilberto Carrión-Barco,https://orcid.org/0000-0002-1104-6229,Cryptographic Implementations and Security,Artificial Intelligence,Universidad Nacional Pedro Ruíz Gallo,education,exacta,"CARRION BARCO,GILBERTO",Masculino,50 a 59,IV,4.0,Activo,Reglamento_2021,2023.0,LAMBAYEQUE,Otras regiones,PERÚ,1,3,2023,2023,Universidad Nacional Pedro Ruíz Gallo,Pública,IA aplicada (otros dominios)
P0071042,https://openalex.org/A5102003081,Antonio Arroyo-Paz,https://orcid.org/0000-0003-1838-4527,Solar Radiation and Photovoltaics,Artificial Intelligence,Universidad Tecnológica del Perú,education,exacta,"ARROYO PAZ,ANTONIO",Masculino,50 a 59,VII,7.0,Activo,Reglamento_2021,2024.0,AREQUIPA,Otras regiones,PERÚ,2,4,2025,2026,Universidad Tecnológica del Perú,Privada,IA aplicada (otros dominios)
P0071128,https://openalex.org/A5092432061,Jorge Montaño-Pisfil,https://orcid.org/0000-0002-9220-7134,Solar Radiation and Photovoltaics,Artificial Intelligence,Universidad Nacional del Callao,education,alta,"MONTAÑO PISFIL,JORGE ALBERTO",Masculino,60 a 69,VI,6.0,Activo,Reglamento_2021,2023.0,CALLAO,Lima y Callao,PERÚ,1,4,2025,2025,Universidad Nacional del Callao,Pública,IA aplicada (otros dominios)
P0071274,https://openalex.org/A5013434862,Judith Flores-Albornoz,https://orcid.org/0000-0001-9554-5887,Video Surveillance and Tracking Methods,Computer Vision and Pattern Recognition,Universidad Nacional Santiago Antúnez de Mayolo,education,alta,"FLORES ALBORNOZ,JUDITH ISABEL",Femenino,40 a 49,VI,6.0,Activo,Reglamento_2021,2023.0,ANCASH,Otras regiones,PERÚ,1,6,2022,2022,Universidad Nacional Santiago Antúnez de Mayolo,Pública,Visión computacional
P0071481,https://openalex.org/A5113962738,Anibal Flores,,Neural Networks and Applications|Solar Radiation and Photovoltaics|Bayesian Modeling and Causal Inference,Artificial Intelligence,Universidad Nacional de Moquegua,education,media,"FLORES GARCIA,ANIBAL FERNANDO",Masculino,40 a 49,IV,4.0,Activo,Reglamento_2021,2023.0,MOQUEGUA,Otras regiones,PERÚ,10,61,2019,2022,Universidad Nacional de Moquegua,Pública,Redes neuronales / Deep Learning
P0071562,https://openalex.org/A5011968554,Gerson Vizcarra,https://orcid.org/0000-0002-3549-8924,Sentiment Analysis and Opinion Mining|Topic Modeling,Artificial Intelligence,Universidad Católica San Pablo,education,media,"VIZCARRA AGUILAR,GERSON WALDYR",Masculino,20 a 29,VII,7.0,Activo,Reglamento_2021,2022.0,PUNO,Sur andino (Altiplano),PERÚ,2,12,2018,2020,Universidad Católica San Pablo,Privada,PLN (NLP)
P0071801,https://openalex.org/A5117814005,Jaime Cáceres-Pizarro,,AI in cancer detection,Artificial Intelligence,Hospital Nacional Cayetano Heredia,healthcare,alta,"CACERES PIZARRO,JAIME AUGUSTO",Masculino,50 a 59,V,5.0,VIGENCIA VENCIDA,Reglamento_2018,2019.0,LIMA,Lima y Callao,PERÚ,2,4,2025,2026,Hospital Nacional Cayetano Heredia,Pública,IA en salud
P0071983,https://openalex.org/A5027142303,Franco D. Doimi,https://orcid.org/0000-0003-4355-759X,AI in cancer detection,Artificial Intelligence,EsSALUD,other,media,"DOIMI GARCIA,FRANCO DOMENICO",Masculino,50 a 59,III,3.0,VIGENCIA VENCIDA,Reglamento_2018,2019.0,LIMA,Lima y Callao,PERÚ,1,15,2016,2016,EsSALUD,Otro / no clasificado,IA en salud
P0072513,https://openalex.org/A5002189306,Rodolfo Fredy Arpasi Chura,,Anomaly Detection Techniques and Applications,Artificial Intelligence,Universidad Andina Néstor Cáceres Velásquez,education,exacta,"ARPASI CHURA,RODOLFO FREDY",Masculino,40 a 49,VI,6.0,Activo,Reglamento_2021,2024.0,PUNO,Sur andino (Altiplano),PERÚ,1,0,2022,2022,Universidad Andina Néstor Cáceres Velásquez,Privada,Aprendizaje automático (general)
P0072948,https://openalex.org/A5020609576,Enrique Alejandro Barbachán Ruales,https://orcid.org/0000-0003-3175-8896,Handwritten Text Recognition Techniques,Computer Vision and Pattern Recognition,National University of Education Enrique Guzmán y Valle,education,exacta,"BARBACHAN RUALES,ENRIQUE ALEJANDRO",Masculino,60 a 69,V,5.0,Activo,Reglamento_2021,2023.0,LIMA,Lima y Callao,PERÚ,1,1,2024,2024,National University of Education Enrique Guzmán y Valle,Otro / no clasificado,Visión computacional
P0073068,https://openalex.org/A5067484512,Ofelia Roque Paredes,https://orcid.org/0000-0001-8280-021X,AI in cancer detection|Sentiment Analysis and Opinion Mining,Artificial Intelligence,Universidad Ricardo Palma,education,exacta,"ROQUE PAREDES,OFELIA",Femenino,60 a 69,VI,6.0,Activo,Reglamento_2021,2023.0,LIMA,Lima y Callao,PERÚ,2,7,2023,2024,Universidad Ricardo Palma,Privada,IA en salud
P0073276,https://openalex.org/A5024070682,Yvan García López,https://orcid.org/0000-0001-9577-4188,Imbalanced Data Classification Techniques,Artificial Intelligence,Pontificia Universidad Católica del Perú,education,alta,"GARCIA LOPEZ,YVAN JESUS",Masculino,60 a 69,VII,7.0,Activo,Reglamento_2021,2024.0,LIMA,Lima y Callao,PERÚ,1,4,2025,2025,Pontificia Universidad Católica del Perú,Privada,Aprendizaje automático (general)
P0073519,https://openalex.org/A5016986752,Jeaneth Machicao,https://orcid.org/0000-0002-1202-0194,Chaos-based Image/Signal Encryption,Computer Vision and Pattern Recognition,Universidad Nacional de San Agustin de Arequipa,education,media,"MACHICAO JUSTO,MARINA JEANETH",Femenino,30 a 39,III,3.0,Activo,Reglamento_2021,2023.0,RESIDE EN EXTRANJERO,Extranjero / no registra,BRASIL,2,46,2018,2022,Universidad Nacional de San Agustín de Arequipa,Pública,Visión computacional
P0073928,https://openalex.org/A5092903645,Lida Asencios-Trujillo,,Intelligent Tutoring Systems and Adaptive Learning,Artificial Intelligence,National University of Education Enrique Guzmán y Valle,education,alta,"ASENCIOS TRUJILLO,LIDA VIOLETA",Femenino,60 a 69,VI,6.0,Activo,Reglamento_2021,2023.0,LIMA,Lima y Callao,PERÚ,1,0,2024,2024,National University of Education Enrique Guzmán y Valle,Otro / no clasificado,IA en educación
P0074636,https://openalex.org/A5042651186,Wildor Gosgot Ángeles,https://orcid.org/0000-0002-7301-2809,Solar Radiation and Photovoltaics,Artificial Intelligence,National University Toribio Rodríguez de Mendoza,education,exacta,"GOSGOT ANGELES,WILDOR",Masculino,30 a 39,VI,6.0,Activo,Reglamento_2021,2024.0,AMAZONAS,Otras regiones,PERÚ,2,1,2022,2026,National University Toribio Rodríguez de Mendoza,Otro / no clasificado,IA aplicada (otros dominios)
P0075344,https://openalex.org/A5071989341,Javier André Murillo Chávez,https://orcid.org/0000-0002-6062-6297,"Law, AI, and Intellectual Property",Artificial Intelligence,Asociación para la Conservación de la Cuenca Amazónica,nonprofit,exacta,"MURILLO CHAVEZ,JAVIER ANDRE",Masculino,30 a 39,VI,6.0,No registra,Reglamento_2018,2021.0,LIMA,Lima y Callao,PERÚ,2,2,2015,2018,Asociación para la Conservación de la Cuenca Amazónica,Otro / no clasificado,IA aplicada (otros dominios)
P0075494,https://openalex.org/A5055455263,Julio Saldana,,Chaos-based Image/Signal Encryption,Computer Vision and Pattern Recognition,Pontificia Universidad Católica del Perú,education,media,"SALDAÑA PUMARICA,JULIO CESAR",Masculino,50 a 59,VI,6.0,VIGENCIA VENCIDA,Reglamento_2018,2019.0,RESIDE EN EXTRANJERO,Extranjero / no registra,BRASIL,1,8,2017,2017,Pontificia Universidad Católica del Perú,Privada,Visión computacional
P0075617,https://openalex.org/A5035762803,Francisco Arbaiza,https://orcid.org/0000-0003-0539-3184,AI in Service Interactions,Artificial Intelligence,Peruvian University of Applied Sciences,education,media,"ARBAIZA RODRIGUEZ,FRANCISCO ANTONIO",Masculino,40 a 49,V,5.0,Activo,Reglamento_2021,2023.0,PIURA,Otras regiones,PERÚ,3,17,2022,2024,Universidad Peruana de Ciencias Aplicadas,Privada,IA aplicada (otros dominios)
P0075817,https://openalex.org/A5055358465,Cristiam Carey Angeles,,Digital Imaging for Blood Diseases,Computer Vision and Pattern Recognition,Universidad Nacional de la Amazonía Peruana,education,alta,"CAREY ANGELES,CRISTIAM ARMANDO",Masculino,50 a 59,V,5.0,No registra,Reglamento_2018,2021.0,LORETO,Otras regiones,PERÚ,2,0,2026,2026,Universidad Nacional de la Amazonía Peruana,Pública,IA en salud
P0076073,https://openalex.org/A5137869444,Erika Valdivieso-López,,AI in Service Interactions,Artificial Intelligence,Universidad San Ignacio de Loyola,education,alta,"VALDIVIESO LOPEZ,ERIKA JANET",Femenino,40 a 49,V,5.0,VIGENCIA VENCIDA,Reglamento_2018,2020.0,LAMBAYEQUE,Otras regiones,PERÚ,1,0,2026,2026,Universidad San Ignacio de Loyola,Privada,IA aplicada (otros dominios)
P0076763,https://openalex.org/A5075440881,Felícita M. Velásquez-Fernández,https://orcid.org/0000-0002-0345-5348,Augmented Reality Applications,Computer Vision and Pattern Recognition,Universidad César Vallejo,education,alta,"VELASQUEZ FERNANDEZ,FELICITA MARCELA",Femenino,40 a 49,VII,7.0,Activo,Reglamento_2021,2022.0,PIURA,Otras regiones,PERÚ,1,0,2022,2022,Universidad César Vallejo,Privada,Visión computacional
P0077029,https://openalex.org/A5066670844,Rosa Vílchez-Vásquez,https://orcid.org/0000-0002-1100-6470,Video Surveillance and Tracking Methods,Computer Vision and Pattern Recognition,Universidad Nacional Santiago Antúnez de Mayolo,education,exacta,"VILCHEZ VASQUEZ,ROSA",Femenino,60 a 69,V,5.0,Activo,Reglamento_2021,2023.0,ANCASH,Otras regiones,PERÚ,1,6,2022,2022,Universidad Nacional Santiago Antúnez de Mayolo,Pública,Visión computacional
P0077067,https://openalex.org/A5092163104,Dalia Rosa Bravo-Guevara,https://orcid.org/0000-0002-6752-9561,Video Analysis and Summarization,Computer Vision and Pattern Recognition,Private University of the North,education,exacta,"BRAVO GUEVARA,DALIA ROSA",Femenino,60 a 69,VII,7.0,Activo,Reglamento_2021,2023.0,LIMA,Lima y Callao,PERÚ,1,0,2024,2024,Universidad Privada del Norte,Privada,Visión computacional
P0077136,https://openalex.org/A5028755749,Yuri Pomachagua,https://orcid.org/0000-0002-6698-3076,Anomaly Detection Techniques and Applications|Speech Recognition and Synthesis|AI in Service Interactions,Artificial Intelligence,Federico Villarreal National University,education,media,"POMACHAGUA BASUALDO,YURI ARTURO",Masculino,50 a 59,VII,7.0,Activo,Reglamento_2021,2023.0,LIMA,Lima y Callao,PERÚ,4,8,2021,2023,Federico Villarreal National University,Otro / no clasificado,Aprendizaje automático (general)
P0077535,https://openalex.org/A5077767298,Rafaél Artidoro Sandoval Núñez,https://orcid.org/0000-0003-3930-2332,Neural Networks and Applications,Artificial Intelligence,National University of Cajamarca,education,exacta,"SANDOVAL NÚÑEZ,RAFAÉL ARTIDORO",Masculino,30 a 39,IV,4.0,Activo,Reglamento_2021,2023.0,CAJAMARCA,Otras regiones,PERÚ,1,16,2022,2022,National University of Cajamarca,Otro / no clasificado,Redes neuronales / Deep Learning
P0077549,https://openalex.org/A5066171121,Daniel Racoceanu,https://orcid.org/0000-0002-9416-1803,AI in cancer detection,Artificial Intelligence,Pontificia Universidad Católica del Perú,education,exacta,"RACOCEANU ,DANIEL",Masculino,50 a 59,II,2.0,VIGENCIA VENCIDA,Reglamento_2018,2019.0,LIMA,Lima y Callao,PERÚ,6,3653,2017,2019,Pontificia Universidad Católica del Perú,Privada,IA en salud
P0078523,https://openalex.org/A5081704847,John Ruiz-Alvarado,https://orcid.org/0000-0002-3258-6347,AI in cancer detection|Sentiment Analysis and Opinion Mining,Artificial Intelligence,Private University of the North,education,alta,"RUIZ ALVARADO,JOHN FERNANDO",Masculino,40 a 49,VII,7.0,Activo,Reglamento_2021,2023.0,ANCASH,Otras regiones,PERÚ,2,29,2023,2023,Universidad Privada del Norte,Privada,IA en salud
P0078532,https://openalex.org/A5006797290,Raúl Alberto García Castro,https://orcid.org/0000-0003-1875-6917,AI in Service Interactions,Artificial Intelligence,Jorge Basadre Grohmann National University,education,exacta,"GARCIA CASTRO,RAUL ALBERTO",Masculino,50 a 59,V,5.0,Activo,Reglamento_2021,2024.0,TACNA,Otras regiones,PERÚ,2,2,2025,2026,Jorge Basadre Grohmann National University,Otro / no clasificado,IA aplicada (otros dominios)
P0079378,https://openalex.org/A5018490541,Luzmila Lourdes Garro-Aburto,https://orcid.org/0000-0002-9453-9810,Advanced Text Analysis Techniques,Artificial Intelligence,Universidad César Vallejo,education,exacta,"GARRO ABURTO,LUZMILA LOURDES",Femenino,50 a 59,V,5.0,Activo,Reglamento_2021,2024.0,LIMA,Lima y Callao,PERÚ,1,0,2020,2020,Universidad César Vallejo,Privada,IA aplicada (otros dominios)
P0079394,https://openalex.org/A5068846461,Sebastián Sánchez Díaz,https://orcid.org/0000-0002-0099-7694,AI in Service Interactions,Artificial Intelligence,Universidad César Vallejo,education,exacta,"SANCHEZ DIAZ,SEBASTIAN",Masculino,50 a 59,VI,6.0,No registra,Reglamento_2018,2021.0,LIMA,Lima y Callao,PERÚ,1,0,2020,2020,Universidad César Vallejo,Privada,IA aplicada (otros dominios)
P0079634,https://openalex.org/A5052699302,Ana Luna Torres,https://orcid.org/0000-0001-9793-9126,Augmented Reality Applications,Computer Vision and Pattern Recognition,Universidad de Lima,education,alta,"LUNA TORRES,ANA FELICITA",Femenino,60 a 69,VII,7.0,Activo,Reglamento_2021,2024.0,LIMA,Lima y Callao,PERÚ,1,7,2024,2024,Universidad de Lima,Privada,Visión computacional
P0079774,https://openalex.org/A5065983103,Justina Isabel Prado-Juscamaita,,Sentiment Analysis and Opinion Mining,Artificial Intelligence,Universidad Nacional Hermilio Valdizán,education,exacta,"PRADO JUSCAMAITA,JUSTINA ISABEL",Femenino,50 a 59,VI,6.0,Activo,Reglamento_2021,2023.0,HUANUCO,Otras regiones,PERÚ,1,3,2021,2021,Universidad Nacional Hermilio Valdizán,Pública,PLN (NLP)
P0080261,https://openalex.org/A5065859426,Wildor Ferrel Serruto,https://orcid.org/0000-0003-0476-2291,Evolutionary Algorithms and Applications,Artificial Intelligence,Universidad Nacional de San Agustin de Arequipa,education,exacta,"FERREL SERRUTO,WILDOR",Masculino,60 a 69,VII,7.0,Activo,Reglamento_2021,2022.0,AREQUIPA,Otras regiones,PERÚ,1,5,2017,2017,Universidad Nacional de San Agustín de Arequipa,Pública,Optimización y metaheurísticas
P0080321,https://openalex.org/A5022441880,Abrahán Cesar Neri Ayala,https://orcid.org/0000-0003-2799-3244,Solar Radiation and Photovoltaics,Artificial Intelligence,Universidad Tecnológica del Perú,education,exacta,"NERI AYALA,ABRAHAN CESAR",Masculino,40 a 49,VI,6.0,No registra,Reglamento_2018,2021.0,LIMA,Lima y Callao,PERÚ,1,0,2023,2023,Universidad Tecnológica del Perú,Privada,IA aplicada (otros dominios)
P0080591,https://openalex.org/A5087314324,Jhelly Pérez,https://orcid.org/0000-0003-0717-8277,AI in cancer detection,Artificial Intelligence,National University of San Marcos,education,media,"PEREZ NUÑEZ,JHELLY REYNALUZ",Femenino,30 a 39,VII,7.0,Activo,Reglamento_2021,2023.0,LIMA,Lima y Callao,PERÚ,1,17,2024,2024,Universidad Nacional Mayor de San Marcos,Pública,IA en salud
P0080669,https://openalex.org/A5081828804,Inés Eusebia Jesús Tolentino,https://orcid.org/0000-0002-2376-2214,Advanced Data Compression Techniques,Computer Vision and Pattern Recognition,Universidad Nacional Hermilio Valdizán,education,exacta,"JESUS TOLENTINO,INES EUSEBIA",Femenino,40 a 49,,,VIGENCIA VENCIDA,Reglamento_2018,,HUANUCO,Otras regiones,PERÚ,1,0,2025,2025,Universidad Nacional Hermilio Valdizán,Pública,IA aplicada (otros dominios)
P0080797,https://openalex.org/A5088145305,William Joel Marín Rodriguez,https://orcid.org/0000-0002-0861-9663,Augmented Reality Applications,Computer Vision and Pattern Recognition,Universidad Nacional José Faustino Sánchez Carrión,education,exacta,"MARIN RODRIGUEZ,WILLIAM JOEL",Masculino,40 a 49,III,3.0,Activo,Reglamento_2021,2024.0,LIMA,Lima y Callao,PERÚ,1,18,2023,2023,Universidad Nacional José Faustino Sánchez Carrión,Pública,Visión computacional
P0080849,https://openalex.org/A5110945351,Lino Rodríguez Alegre,,AI in Service Interactions,Artificial Intelligence,Universidad César Vallejo,education,alta,"RODRIGUEZ ALEGRE,LINO ROLANDO",Masculino,60 a 69,V,5.0,Activo,Reglamento_2021,2023.0,CALLAO,Lima y Callao,PERÚ,1,8,2023,2023,Universidad César Vallejo,Privada,IA aplicada (otros dominios)
P0081162,https://openalex.org/A5012953013,Flor de Luz Palomino Valdivia,https://orcid.org/0000-0003-4638-5762,Human Pose and Action Recognition|Data Visualization and Analytics|Anomaly Detection Techniques and Applications,Computer Vision and Pattern Recognition,Universidad Nacional José María Arguedas,education,exacta,"PALOMINO VALDIVIA,FLOR DE LUZ",Femenino,50 a 59,IV,4.0,Activo,Reglamento_2021,2024.0,APURIMAC,Sur andino (Altiplano),PERÚ,7,45,2022,2025,Universidad Nacional José María Arguedas,Pública,Visión computacional
P0082013,https://openalex.org/A5043780313,Pablo Lolo Valentín Melgarejo,https://orcid.org/0000-0003-3431-588X,Intelligent Tutoring Systems and Adaptive Learning,Artificial Intelligence,Daniel Alcides Carrión National University,education,exacta,"VALENTIN MELGAREJO,PABLO LOLO",Masculino,50 a 59,VII,7.0,Activo,Reglamento_2021,2024.0,PASCO,Otras regiones,PERÚ,1,0,2026,2026,Daniel Alcides Carrión National University,Otro / no clasificado,IA en educación
P0082207,https://openalex.org/A5051850502,Santiago Domingo Moquillaza Henríquez,https://orcid.org/0000-0001-9531-881X,Face and Expression Recognition,Computer Vision and Pattern Recognition,National University of San Marcos,education,exacta,"MOQUILLAZA HENRIQUEZ,SANTIAGO DOMINGO",Masculino,60 a 69,VII,7.0,Activo,Reglamento_2021,2022.0,LIMA,Lima y Callao,PERÚ,2,4,2020,2026,Universidad Nacional Mayor de San Marcos,Pública,Visión computacional
P0082481,https://openalex.org/A5037347459,Carlos Alberto García Cortegano,https://orcid.org/0000-0003-3353-9566,Anomaly Detection Techniques and Applications|Linguistic Studies and Language Acquisition,Artificial Intelligence,Universidad Nacional de la Amazonía Peruana,education,exacta,"GARCIA CORTEGANO,CARLOS ALBERTO",Masculino,50 a 59,V,5.0,Activo,Reglamento_2021,2023.0,LORETO,Otras regiones,PERÚ,5,6,2019,2026,Universidad Nacional de la Amazonía Peruana,Pública,Aprendizaje automático (general)
P0083186,https://openalex.org/A5081801071,Raymundo Casas Navarro,https://orcid.org/0000-0002-6598-2346,Linguistic Studies and Language Acquisition,Artificial Intelligence,National University of San Marcos,education,alta,"CASAS NAVARRO,JUSTO RAYMUNDO",Masculino,50 a 59,,,VIGENCIA VENCIDA,Reglamento_2018,,LIMA,Lima y Callao,PERÚ,1,0,2018,2018,Universidad Nacional Mayor de San Marcos,Pública,IA aplicada (otros dominios)
P0083421,https://openalex.org/A5022001197,Herwin Alayn Huillcen Baca,https://orcid.org/0000-0001-9385-7940,Human Pose and Action Recognition|Data Visualization and Analytics|Anomaly Detection Techniques and Applications,Computer Vision and Pattern Recognition,Universidad Nacional José María Arguedas,education,exacta,"HUILLCEN BACA,HERWIN ALAYN",Masculino,40 a 49,IV,4.0,Activo,Reglamento_2021,2024.0,AREQUIPA,Otras regiones,PERÚ,7,45,2022,2025,Universidad Nacional José María Arguedas,Pública,Visión computacional
P0083644,https://openalex.org/A5018958552,Luis-Javier Vásquez-Serpa,https://orcid.org/0000-0002-5414-6764,AI in cancer detection,Artificial Intelligence,National University of San Marcos,education,exacta,"VASQUEZ SERPA,LUIS JAVIER",Masculino,30 a 39,VII,7.0,Activo,Reglamento_2021,2024.0,LIMA,Lima y Callao,PERÚ,1,17,2024,2024,Universidad Nacional Mayor de San Marcos,Pública,IA en salud
P0083739,https://openalex.org/A5035469771,Tamara Pando-Ezcurra,https://orcid.org/0000-0003-0301-3440,Solar Radiation and Photovoltaics,Artificial Intelligence,Universidad Privada de Tacna|Universidad Privada Peruano Alemana,education|education,alta,"PANDO EZCURRA,TAMARA TATIANA",Femenino,50 a 59,IV,4.0,Activo,Reglamento_2021,2023.0,LIMA,Lima y Callao,PERÚ,1,14,2023,2023,Universidad Privada de Tacna|Universidad Privada Peruano Alemana,Privada,IA aplicada (otros dominios)
P0083879,https://openalex.org/A5062307510,Julissa Elizabeth Reyna González,https://orcid.org/0000-0001-9970-9025,Intelligent Tutoring Systems and Adaptive Learning,Artificial Intelligence,National University of San Marcos,education,exacta,"REYNA GONZALEZ,JULISSA ELIZABETH",Femenino,50 a 59,VI,6.0,Activo,Reglamento_2021,2023.0,LAMBAYEQUE,Otras regiones,PERÚ,1,0,2025,2025,Universidad Nacional Mayor de San Marcos,Pública,IA en educación
P0083894,https://openalex.org/A5112569824,Maritza Cabana-Cáceres,,Solar Radiation and Photovoltaics,Artificial Intelligence,Federico Villarreal National University|Universidad Tecnológica del Perú,education|education,alta,"CABANA CACERES,MARITZA RAQUEL",Femenino,40 a 49,V,5.0,Activo,Reglamento_2021,2024.0,LIMA,Lima y Callao,PERÚ,1,1,2023,2023,Federico Villarreal National University|Universidad Tecnológica del Perú,Privada,IA aplicada (otros dominios)
P0083924,https://openalex.org/A5048287105,José Antonio Ogosi Auqui,https://orcid.org/0000-0002-4708-610X,Imbalanced Data Classification Techniques|AI in Service Interactions|Seismology and Earthquake Studies,Artificial Intelligence,Federico Villarreal National University,education,exacta,"OGOSI AUQUI,JOSE ANTONIO",Masculino,30 a 39,IV,4.0,Activo,Reglamento_2021,2023.0,LIMA,Lima y Callao,PERÚ,6,16,2021,2026,Federico Villarreal National University,Otro / no clasificado,Aprendizaje automático (general)
P0084043,https://openalex.org/A5024680601,Cristian Castro-Vargas,https://orcid.org/0000-0002-9696-8635,Solar Radiation and Photovoltaics|Educational Technology and Pedagogy,Artificial Intelligence,Federico Villarreal National University|Universidad Tecnológica del Perú,education|education,exacta,"CASTRO VARGAS,CRISTIAN",Masculino,40 a 49,VII,7.0,Activo,Reglamento_2021,2023.0,LIMA,Lima y Callao,PERÚ,2,1,2023,2026,Federico Villarreal National University|Universidad Tecnológica del Perú,Privada,IA aplicada (otros dominios)
P0084450,https://openalex.org/A5070178040,Manuel Humberto Vásquez Coronado,https://orcid.org/0000-0003-4573-3868,Organizational and Employee Performance,Artificial Intelligence,Universidad Señor de Sipán,education,exacta,"VASQUEZ CORONADO,MANUEL HUMBERTO",Masculino,70 a 79,V,5.0,Activo,Reglamento_2021,2023.0,LAMBAYEQUE,Otras regiones,PERÚ,1,4,2024,2024,Universidad Señor de Sipán,Privada,IA aplicada (otros dominios)
P0084477,https://openalex.org/A5115603748,Ricardo Gutiérrez-Tirado,https://orcid.org/0000-0002-6800-6981,Solar Radiation and Photovoltaics,Artificial Intelligence,Universidad Nacional del Callao,education,alta,"GUTIERREZ TIRADO,RICARDO AUGUSTO",Masculino,50 a 59,VII,7.0,Activo,Reglamento_2021,2023.0,LIMA,Lima y Callao,PERÚ,1,4,2025,2025,Universidad Nacional del Callao,Pública,IA aplicada (otros dominios)
P0084589,https://openalex.org/A5119240149,Yesenia del Rosario Vasquez Valencia,,Quantum Computing Algorithms and Architecture,Artificial Intelligence,Universidad César Vallejo,education,exacta,"VASQUEZ VALENCIA,YESENIA DEL ROSARIO",Femenino,40 a 49,VI,6.0,Activo,Reglamento_2021,2023.0,LIMA,Lima y Callao,PERÚ,1,1,2025,2025,Universidad César Vallejo,Privada,IA aplicada (otros dominios)
P0085328,https://openalex.org/A5049251917,Jorge Espinoza-Molina,https://orcid.org/0000-0003-2236-8335,Geochemistry and Geologic Mapping,Artificial Intelligence,Jorge Basadre Grohmann National University,education,alta,"ESPINOZA MOLINA,JORGE LUIS",Masculino,60 a 69,VII,7.0,Activo,Reglamento_2021,2023.0,TACNA,Otras regiones,PERÚ,1,4,2025,2025,Jorge Basadre Grohmann National University,Otro / no clasificado,IA aplicada (otros dominios)
P0085634,https://openalex.org/A5024565079,Paola Palomino-Flores,https://orcid.org/0000-0003-3464-6451,Hate Speech and Cyberbullying Detection,Artificial Intelligence,Peruvian University of Applied Sciences,education,exacta,"PALOMINO FLORES,PAOLA",Femenino,30 a 39,VII,7.0,Activo,Reglamento_2021,2023.0,LIMA,Lima y Callao,PERÚ,1,0,2025,2025,Universidad Peruana de Ciencias Aplicadas,Privada,PLN (NLP)
P0085679,https://openalex.org/A5001847684,Witman Alvarado-Díaz,https://orcid.org/0000-0002-6386-5760,"Psychiatry, Mental Health, Neuroscience",Artificial Intelligence,Universidad de Ciencias y Humanidades,education,alta,"ALVARADO DIAZ,WITMAN JOEL",Masculino,30 a 39,VII,7.0,VIGENCIA VENCIDA,Reglamento_2018,2019.0,LIMA,Lima y Callao,PERÚ,1,0,2019,2019,Universidad de Ciencias y Humanidades,Privada,IA en salud
P0085839,https://openalex.org/A5075851845,Cesar Chacaltana Budiel,,Geochemistry and Geologic Mapping,Artificial Intelligence,Instituto Geológico Minero y Metalúrgico|Universidad Antonio Ruiz de Montoya,government|education,alta,"CHACALTANA BUDIEL,CESAR AUGUSTO",Masculino,60 a 69,VI,6.0,VIGENCIA VENCIDA,Reglamento_2018,2019.0,CALLAO,Lima y Callao,PERÚ,1,2,2022,2022,Instituto Geológico Minero y Metalúrgico|Universidad Antonio Ruiz de Montoya,Pública,IA aplicada (otros dominios)
P0085883,https://openalex.org/A5061410633,Victor Romero-Alva,https://orcid.org/0000-0003-3347-6526,AI in Service Interactions,Artificial Intelligence,Universidad de Ciencias y Humanidades,education,alta,"ROMERO ALVA,VICTOR NIELS",Masculino,30 a 39,V,5.0,Activo,Reglamento_2021,2024.0,LIMA,Lima y Callao,PERÚ,1,1,2025,2025,Universidad de Ciencias y Humanidades,Privada,IA aplicada (otros dominios)
P0085911,https://openalex.org/A5052130162,Duberlí Geomar Elera Gonzáles,https://orcid.org/0000-0001-9854-840X,Statistical and Computational Modeling,Artificial Intelligence,National University of Cajamarca,education,exacta,"ELERA GONZALES,DUBERLI GEOMAR",Masculino,40 a 49,IV,4.0,Activo,Reglamento_2021,2024.0,CAJAMARCA,Otras regiones,PERÚ,1,0,2022,2022,National University of Cajamarca,Otro / no clasificado,IA aplicada (otros dominios)
P0086085,https://openalex.org/A5005706933,Marck Steewar Regalado Espinoza,https://orcid.org/0000-0002-6752-0196,Image Processing and 3D Reconstruction,Computer Vision and Pattern Recognition,National University of Engineering,education,exacta,"REGALADO ESPINOZA,MARCK STEEWAR",Masculino,20 a 29,VII,7.0,Activo,Reglamento_2021,2023.0,LIMA,Lima y Callao,PERÚ,1,0,2025,2025,Universidad Nacional de Ingeniería,Pública,Visión computacional
P0086188,https://openalex.org/A5021725011,Ada Gallegos,https://orcid.org/0000-0002-8264-711X,AI in Service Interactions,Artificial Intelligence,National University of San Marcos,education,media,"GALLEGOS RUIZ CONEJO,ADA LUCIA",Femenino,50 a 59,IV,4.0,Activo,Reglamento_2021,2023.0,LIMA,Lima y Callao,PERÚ,1,10,2023,2023,Universidad Nacional Mayor de San Marcos,Pública,IA aplicada (otros dominios)
P0087255,https://openalex.org/A5060108878,Segundo E. Cieza-Mostacero,https://orcid.org/0000-0002-3520-4383,Organizational and Employee Performance,Artificial Intelligence,Antenor Orrego Private University,education,alta,"CIEZA MOSTACERO,SEGUNDO EDWIN",Masculino,30 a 39,III,3.0,Activo,Reglamento_2021,2024.0,LA LIBERTAD,Otras regiones,PERÚ,2,2,2024,2026,Antenor Orrego Private University,Otro / no clasificado,IA aplicada (otros dominios)
P0087706,https://openalex.org/A5090054985,Eduardo Miranda-Ulloa,https://orcid.org/0000-0001-5687-5437,Anomaly Detection Techniques and Applications,Artificial Intelligence,Instituto Nacional de Salud,government,alta,"MIRANDA ULLOA,EDUARDO FERNANDO",Masculino,40 a 49,V,5.0,Activo,Reglamento_2021,2022.0,LIMA,Lima y Callao,PERÚ,1,1,2024,2024,Instituto Nacional de Salud,Pública,Aprendizaje automático (general)
P0087937,https://openalex.org/A5082563552,Ivan Adrianzén-Olano,https://orcid.org/0000-0002-1910-2854,AI in cancer detection,Artificial Intelligence,National University Toribio Rodríguez de Mendoza,education,exacta,"ADRIANZEN OLANO,IVAN",Masculino,40 a 49,VII,7.0,Activo,Reglamento_2021,2022.0,AMAZONAS,Otras regiones,PERÚ,2,4,2025,2026,National University Toribio Rodríguez de Mendoza,Otro / no clasificado,IA en salud
P0088180,https://openalex.org/A5010162685,Guillermo Segundo Miñan Olivos,https://orcid.org/0000-0001-9523-8043,Context-Aware Activity Recognition Systems,Computer Vision and Pattern Recognition,Universidad Tecnológica del Perú,education,exacta,"MIÑAN OLIVOS,GUILLERMO SEGUNDO",Masculino,30 a 39,V,5.0,Activo,Reglamento_2021,2024.0,ANCASH,Otras regiones,PERÚ,1,0,2023,2023,Universidad Tecnológica del Perú,Privada,Visión computacional
P0088258,https://openalex.org/A5038719908,Gastón Jeremías Oscátegui Nájera,https://orcid.org/0000-0003-3228-5365,Intelligent Tutoring Systems and Adaptive Learning,Artificial Intelligence,Daniel Alcides Carrión National University,education,exacta,"OSCÁTEGUI NÁJERA,GASTÓN JEREMÍAS",Masculino,50 a 59,VI,6.0,Activo,Reglamento_2021,2024.0,PASCO,Otras regiones,PERÚ,1,0,2026,2026,Daniel Alcides Carrión National University,Otro / no clasificado,IA en educación
P0088337,https://openalex.org/A5093251477,Clodoaldo Ramos Pando,https://orcid.org/0000-0003-0766-1592,Intelligent Tutoring Systems and Adaptive Learning,Artificial Intelligence,Daniel Alcides Carrión National University,education,exacta,"RAMOS PANDO,CLODOALDO",Masculino,50 a 59,VII,7.0,Activo,Reglamento_2021,2023.0,PASCO,Otras regiones,PERÚ,1,0,2026,2026,Daniel Alcides Carrión National University,Otro / no clasificado,IA en educación
P0089383,https://openalex.org/A5049813195,Iván Soto Rodríguez,https://orcid.org/0000-0002-4928-8362,Fuzzy Logic and Control Systems,Artificial Intelligence,Universidad Nacional Agraria La Molina,education,alta,"SOTO RODRIGUEZ,IVAN DENNYS",Masculino,60 a 69,VII,7.0,Activo,Reglamento_2021,2023.0,LIMA,Lima y Callao,PERÚ,1,3,2024,2024,Universidad Nacional Agraria La Molina,Pública,Robótica y control
P0089935,https://openalex.org/A5053433678,Juan M. Chau,https://orcid.org/0000-0003-3544-8553,Image and Signal Denoising Methods|Human Pose and Action Recognition,Computer Vision and Pattern Recognition,Pontificia Universidad Católica del Perú,education,media,"CHAU DELGADO,JUAN MANUEL",Masculino,30 a 39,VI,6.0,VIGENCIA VENCIDA,Reglamento_2018,2021.0,LIMA,Lima y Callao,PERÚ,2,10,2018,2022,Pontificia Universidad Católica del Perú,Privada,Visión computacional
P0090073,https://openalex.org/A5015521304,Deyby Huamanchahua,https://orcid.org/0000-0003-0726-4765,Augmented Reality Applications|Context-Aware Activity Recognition Systems|Robotic Path Planning Algorithms,Computer Vision and Pattern Recognition,Universidad de Ingeniería y Tecnología,education,media,"HUAMANCHAHUA CANCHANYA,DEYBY MAYCOL",Masculino,30 a 39,VI,6.0,Activo,Reglamento_2021,2023.0,LIMA,Lima y Callao,PERÚ,10,19,2022,2025,Universidad de Ingeniería y Tecnología,Privada,Visión computacional
P0090095,https://openalex.org/A5092166737,Luis Romero-Untiveros,https://orcid.org/0000-0001-7050-5328,Video Surveillance and Tracking Methods,Computer Vision and Pattern Recognition,Universidad de Ciencias y Humanidades,education,alta,"ROMERO UNTIVEROS,LUIS ALFREDO",Masculino,40 a 49,VII,7.0,Activo,Reglamento_2021,2024.0,LIMA,Lima y Callao,PERÚ,1,0,2025,2025,Universidad de Ciencias y Humanidades,Privada,Visión computacional
P0090685,https://openalex.org/A5024733032,Luis Flores-Luyo,https://orcid.org/0000-0001-5102-3323,Advanced Vision and Imaging,Computer Vision and Pattern Recognition,National University of Engineering,education,alta,"FLORES LUYO,LUIS ERNESTO",Masculino,40 a 49,VI,6.0,Activo,Reglamento_2021,2023.0,LIMA,Lima y Callao,PERÚ,1,0,2019,2019,Universidad Nacional de Ingeniería,Pública,Visión computacional
P0090828,https://openalex.org/A5056283557,Elvis J. Alegría,https://orcid.org/0000-0002-5620-7583,Fuzzy Logic and Control Systems,Artificial Intelligence,Universidad de Ingeniería y Tecnología,education,media,"JARA ALEGRIA,ELVIS OMAR",Masculino,30 a 39,VI,6.0,Activo,Reglamento_2021,2023.0,LIMA,Lima y Callao,PERÚ,2,10,2022,2026,Universidad de Ingeniería y Tecnología,Privada,Robótica y control
P0091409,https://openalex.org/A5113328212,Carlos La-Rosa-Longobardi,,Intelligent Tutoring Systems and Adaptive Learning,Artificial Intelligence,National University of Education Enrique Guzmán y Valle,education,alta,"LA ROSA LONGOBARDI,CARLOS JACINTO",Masculino,60 a 69,VI,6.0,Activo,Reglamento_2021,2024.0,LIMA,Lima y Callao,PERÚ,1,0,2024,2024,National University of Education Enrique Guzmán y Valle,Otro / no clasificado,IA en educación
P0091535,https://openalex.org/A5056119859,Miguel Ángel Cano Lengua,https://orcid.org/0000-0002-1809-5082,AI in Service Interactions|Neural Networks and Applications|Advanced Technologies in Various Fields,Artificial Intelligence,National University of San Marcos,education,exacta,"CANO LENGUA,MIGUEL ANGEL",Masculino,40 a 49,IV,4.0,Activo,Reglamento_2021,2023.0,LIMA,Lima y Callao,PERÚ,4,33,2020,2026,Universidad Nacional Mayor de San Marcos,Pública,IA aplicada (otros dominios)
P0091620,https://openalex.org/A5084517497,Wilson Orlando Lanchipa Ramos,https://orcid.org/0000-0001-7540-4366,Computational Physics and Python Applications,Artificial Intelligence,National University of San Marcos,education,exacta,"LANCHIPA RAMOS,WILSON ORLANDO",Masculino,20 a 29,VII,7.0,Activo,Reglamento_2021,2024.0,TACNA,Otras regiones,PERÚ,1,0,2021,2021,Universidad Nacional Mayor de San Marcos,Pública,IA aplicada (otros dominios)
P0091651,https://openalex.org/A5001857488,Roberto Carlos Dávila Morán,https://orcid.org/0000-0003-3181-8801,Imbalanced Data Classification Techniques,Artificial Intelligence,Universidad Continental,education,exacta,"DAVILA MORAN,ROBERTO CARLOS",Masculino,30 a 39,II,2.0,Activo,Reglamento_2021,2023.0,LIMA,Lima y Callao,PERÚ,1,12,2023,2023,Universidad Continental,Privada,Aprendizaje automático (general)
P0091820,https://openalex.org/A5112638912,Pedro Mascaro,,Machine Learning in Healthcare,Artificial Intelligence,National University of San Marcos,education,media,"MASCARO SANCHEZ,PEDRO ARNALDO",Masculino,70 a 79,VI,6.0,Activo,Reglamento_2021,2023.0,LIMA,Lima y Callao,PERÚ,1,3,2024,2024,Universidad Nacional Mayor de San Marcos,Pública,IA en salud
P0092374,https://openalex.org/A5051613150,Teófilo Félix Valentín Melgarejo,https://orcid.org/0000-0002-4063-5516,Intelligent Tutoring Systems and Adaptive Learning,Artificial Intelligence,Daniel Alcides Carrión National University,education,exacta,"VALENTIN MELGAREJO,TEOFILO FELIX",Masculino,40 a 49,V,5.0,Activo,Reglamento_2021,2023.0,PASCO,Otras regiones,PERÚ,1,0,2026,2026,Daniel Alcides Carrión National University,Otro / no clasificado,IA en educación
P0092377,https://openalex.org/A5054268016,Dante Vargas,https://orcid.org/0000-0002-3704-7844,Robotic Path Planning Algorithms|Advanced Neural Network Applications,Computer Vision and Pattern Recognition,Peruvian University of Applied Sciences,education,media,"VARGAS VASQUEZ,DANTE ELMO",Masculino,60 a 69,III,3.0,VIGENCIA VENCIDA,Reglamento_2018,2019.0,NO REGISTRA,Extranjero / no registra,PERÚ,3,1,2023,2024,Universidad Peruana de Ciencias Aplicadas,Privada,Robótica y control
P0092584,https://openalex.org/A5025871964,Nilton Rojas,,Anomaly Detection Techniques and Applications,Artificial Intelligence,National University of Engineering,education,media,"ROJAS BRICEÑO,NILTON BELTRÁN",Masculino,20 a 29,II,2.0,Activo,Reglamento_2021,2022.0,MOQUEGUA,Otras regiones,PERÚ,1,1,2025,2025,Universidad Nacional de Ingeniería,Pública,Aprendizaje automático (general)
P0092758,https://openalex.org/A5090786527,Oscar Peña-Cáceres,https://orcid.org/0000-0002-8159-7560,AI in Service Interactions|Sentiment Analysis and Opinion Mining|Advanced Graph Neural Networks,Artificial Intelligence,Universidad César Vallejo,education,alta,"PEÑA CACERES,OSCAR JHAN MARCOS",Masculino,20 a 29,VII,7.0,Activo,Reglamento_2021,2023.0,PIURA,Otras regiones,PERÚ,5,16,2023,2026,Universidad César Vallejo,Privada,IA aplicada (otros dominios)
P0094948,https://openalex.org/A5058030891,Edgar Gutiérrez-Gómez,https://orcid.org/0000-0001-9485-1284,Anomaly Detection Techniques and Applications,Artificial Intelligence,Universidad Nacional de la Amazonía Peruana,education,exacta,"GUTIERREZ GOMEZ,EDGAR",Masculino,40 a 49,II,2.0,Activo,Reglamento_2021,2024.0,AYACUCHO,Sur andino (Altiplano),PERÚ,1,4,2019,2019,Universidad Nacional de la Amazonía Peruana,Pública,Aprendizaje automático (general)
P0095424,https://openalex.org/A5027427824,Ivan Santos León Gavino,https://orcid.org/0000-0003-4944-0261,Seismology and Earthquake Studies,Artificial Intelligence,National University of Engineering,education,exacta,"LEON GAVINO,IVAN SANTOS",Masculino,30 a 39,VII,7.0,VIGENCIA VENCIDA,Reglamento_2018,2019.0,LIMA,Lima y Callao,PERÚ,1,0,2023,2023,Universidad Nacional de Ingeniería,Pública,IA aplicada (otros dominios)
P0095623,https://openalex.org/A5051025829,Soledad Romero,https://orcid.org/0000-0002-1360-9582,Anomaly Detection Techniques and Applications,Artificial Intelligence,Instituto Nacional de Salud,government,media,"ROMERO RUIZ,SOLEDAD ELENA",Femenino,60 a 69,VI,6.0,VIGENCIA VENCIDA,Reglamento_2018,2019.0,LIMA,Lima y Callao,PERÚ,1,1,2024,2024,Instituto Nacional de Salud,Pública,Aprendizaje automático (general)
P0095628,https://openalex.org/A5006581370,Manuel Antonio Cardoza Sernaqué,https://orcid.org/0000-0001-6738-0683,Advanced Steganography and Watermarking Techniques,Computer Vision and Pattern Recognition,Universidad Tecnológica del Perú,education,exacta,"CARDOZA SERNAQUE,MANUEL ANTONIO",Masculino,40 a 49,III,3.0,Activo,Reglamento_2021,2024.0,ANCASH,Otras regiones,PERÚ,1,2,2023,2023,Universidad Tecnológica del Perú,Privada,IA aplicada (otros dominios)
P0095642,https://openalex.org/A5089848489,Ronal Briceño-Espinoza,https://orcid.org/0000-0002-0161-5782,Anomaly Detection Techniques and Applications,Artificial Intelligence,Instituto Nacional de Salud,government,exacta,"BRICEÑO ESPINOZA,RONAL",Masculino,40 a 49,VII,7.0,Activo,Reglamento_2021,2024.0,LIMA,Lima y Callao,PERÚ,1,1,2024,2024,Instituto Nacional de Salud,Pública,Aprendizaje automático (general)
P0095739,https://openalex.org/A5107772629,S Sandro Macassi,,Hate Speech and Cyberbullying Detection,Artificial Intelligence,Pontificia Universidad Católica del Perú,education,media,"MACASSI LAVANDER,SANDRO ENRIQUE",Masculino,60 a 69,VI,6.0,VIGENCIA VENCIDA,Reglamento_2018,2021.0,LIMA,Lima y Callao,PERÚ,1,0,2026,2026,Pontificia Universidad Católica del Perú,Privada,PLN (NLP)
P0095888,https://openalex.org/A5070176455,Isabel Huerto,,AI in cancer detection,Artificial Intelligence,Hospital Nacional Dos de Mayo,healthcare,media,"VILCHEZ HUERTO,ANA MARIA ISABEL",Femenino,60 a 69,IV,4.0,VIGENCIA VENCIDA,Reglamento_2018,2020.0,LIMA,Lima y Callao,PERÚ,1,2,2015,2015,Hospital Nacional Dos de Mayo,Pública,IA en salud
P0097021,https://openalex.org/A5001156597,Luz Delia Quina Quina,https://orcid.org/0000-0002-5150-2575,Robotic Path Planning Algorithms,Computer Vision and Pattern Recognition,Universidad Andina Néstor Cáceres Velásquez,education,exacta,"QUINA QUINA,LUZ DELIA",Femenino,40 a 49,VII,7.0,Activo,Reglamento_2021,2022.0,PUNO,Sur andino (Altiplano),PERÚ,1,0,2025,2025,Universidad Andina Néstor Cáceres Velásquez,Privada,Robótica y control
P0097189,https://openalex.org/A5089846594,Gloria Castro-Leon,,Sentiment Analysis and Opinion Mining,Artificial Intelligence,Universidad Nacional Tecnológica de Lima Sur,education,alta,"CASTRO LEON,GLORIA HELENA",Femenino,50 a 59,VII,7.0,Activo,Reglamento_2021,2023.0,LIMA,Lima y Callao,PERÚ,1,11,2023,2023,Universidad Nacional Tecnológica de Lima Sur,Pública,PLN (NLP)
P0097290,https://openalex.org/A5002142066,Nicanor Benítes,https://orcid.org/0000-0002-3245-6470,Digital Imaging for Blood Diseases,Computer Vision and Pattern Recognition,National University of San Marcos,education,media,"BENITES SARAVIA,NICANOR RAUL",Masculino,60 a 69,VI,6.0,Activo,Reglamento_2021,2022.0,CALLAO,Lima y Callao,PERÚ,1,0,2025,2025,Universidad Nacional Mayor de San Marcos,Pública,IA en salud
P0097535,https://openalex.org/A5018049467,Jean Vallance,https://orcid.org/0000-0002-3242-8242,Geochemistry and Geologic Mapping,Artificial Intelligence,Pontificia Universidad Católica del Perú,education,media,"VALLANCE -,JEAN FRANCOIS VICTOR",Masculino,50 a 59,III,3.0,VIGENCIA VENCIDA,Reglamento_2018,2020.0,LIMA,Lima y Callao,PERÚ,1,66,2021,2021,Pontificia Universidad Católica del Perú,Privada,IA aplicada (otros dominios)
P0097773,https://openalex.org/A5080470931,Nolan Jara Jara,https://orcid.org/0000-0002-9467-7586,Educational Robotics and Engineering,Artificial Intelligence,National University of San Marcos,education,exacta,"JARA JARA,NOLAN",Masculino,60 a 69,VII,7.0,Activo,Reglamento_2021,2023.0,LIMA,Lima y Callao,PERÚ,1,1,2024,2024,Universidad Nacional Mayor de San Marcos,Pública,IA en educación
P0098716,https://openalex.org/A5059918912,Mario Aquino Cruz,https://orcid.org/0000-0002-2552-5669,AI-based Problem Solving and Planning|AI in Service Interactions|Human Pose and Action Recognition,Computer Vision and Pattern Recognition,Universidad Nacional Micaela Bastidas de Apurimac,education,exacta,"AQUINO CRUZ,MARIO",Masculino,40 a 49,VI,6.0,Activo,Reglamento_2021,2023.0,APURIMAC,Sur andino (Altiplano),PERÚ,6,13,2019,2025,Universidad Nacional Micaela Bastidas de Apurimac,Pública,IA aplicada (otros dominios)
P0098908,https://openalex.org/A5064332025,Rolf Grieseler,https://orcid.org/0000-0001-5307-7755,Solar Radiation and Photovoltaics,Artificial Intelligence,Pontificia Universidad Católica del Perú,education,exacta,"GRIESELER --,ROLF",Masculino,40 a 49,II,2.0,Activo,Reglamento_2021,2022.0,LIMA,Lima y Callao,PERÚ,2,11,2023,2024,Pontificia Universidad Católica del Perú,Privada,IA aplicada (otros dominios)
P0098993,https://openalex.org/A5039019897,Carlos Oswaldo Venturo Orbegoso,https://orcid.org/0000-0002-7465-8687,Advanced Technologies in Various Fields,Artificial Intelligence,Universidad César Vallejo,education,exacta,"VENTURO ORBEGOSO,CARLOS OSWALDO",Masculino,50 a 59,III,3.0,VIGENCIA VENCIDA,Reglamento_2018,2020.0,LIMA,Lima y Callao,PERÚ,1,2,2024,2024,Universidad César Vallejo,Privada,IA aplicada (otros dominios)
P0099000,https://openalex.org/A5016352909,Melquiades Melgarejo-Graciano,https://orcid.org/0000-0002-1340-1167,Sentiment Analysis and Opinion Mining,Artificial Intelligence,Universidad Científica del Sur,education,alta,"MELGAREJO GRACIANO,MELQUIADES EFRAIN",Masculino,40 a 49,VII,7.0,Activo,Reglamento_2021,2024.0,LIMA,Lima y Callao,PERÚ,1,11,2023,2023,Universidad Científica del Sur,Privada,PLN (NLP)
P0099108,https://openalex.org/A5048463580,Giancarlo Sanchez Atuncar,,Advanced Neural Network Applications,Computer Vision and Pattern Recognition,Universidad César Vallejo,education,exacta,"SANCHEZ ATUNCAR,GIANCARLO",Masculino,40 a 49,VII,7.0,Activo,Reglamento_2021,2024.0,LIMA,Lima y Callao,PERÚ,1,0,2026,2026,Universidad César Vallejo,Privada,Redes neuronales / Deep Learning
P0099251,https://openalex.org/A5057402322,Solio Marino Arango-Retamozo,https://orcid.org/0000-0003-3594-0329,Geochemistry and Geologic Mapping,Artificial Intelligence,National University of Trujillo,education,exacta,"ARANGO RETAMOZO,SOLIO MARINO",Masculino,70 a 79,VI,6.0,Activo,Reglamento_2021,2023.0,LA LIBERTAD,Otras regiones,PERÚ,4,4,2025,2025,Universidad Nacional de Trujillo,Pública,IA aplicada (otros dominios)
P0099865,https://openalex.org/A5078702256,José Balbuena,,AI in Service Interactions,Artificial Intelligence,Pontificia Universidad Católica del Perú,education,media,"BALBUENA GALVAN,JOSE GUILLERMO",Masculino,20 a 29,VII,7.0,Activo,Reglamento_2021,2022.0,LIMA,Lima y Callao,PERÚ,1,4,2022,2022,Pontificia Universidad Católica del Perú,Privada,IA aplicada (otros dominios)
P0099968,https://openalex.org/A5043977835,Diego Benites,,Geochemistry and Geologic Mapping,Artificial Intelligence,Pontificia Universidad Católica del Perú,education,media,"BENITES NEGRON,DIEGO",Masculino,30 a 39,VII,7.0,Activo,Reglamento_2021,2023.0,LIMA,Lima y Callao,PERÚ,1,66,2021,2021,Pontificia Universidad Católica del Perú,Privada,IA aplicada (otros dominios)
P0100353,https://openalex.org/A5037486881,Roberto Bellido-García,https://orcid.org/0000-0002-1417-3477,Augmented Reality Applications,Computer Vision and Pattern Recognition,Universidad San Ignacio de Loyola,education,alta,"BELLIDO GARCIA,ROBERTO SANTIAGO",Masculino,50 a 59,V,5.0,Activo,Reglamento_2021,2023.0,LIMA,Lima y Callao,PERÚ,1,15,2022,2022,Universidad San Ignacio de Loyola,Privada,Visión computacional
P0100410,https://openalex.org/A5050364222,Rossana Barros,https://orcid.org/0000-0001-6845-9131,Augmented Reality Applications,Computer Vision and Pattern Recognition,Peruvian University of Applied Sciences,education,media,"BARROS BAERTL,ROSSANA",Femenino,40 a 49,V,5.0,Activo,Reglamento_2021,2023.0,LIMA,Lima y Callao,PERÚ,1,3,2022,2022,Universidad Peruana de Ciencias Aplicadas,Privada,Visión computacional
P0100486,https://openalex.org/A5059329934,César Santos,https://orcid.org/0000-0002-1208-880X,Solar Radiation and Photovoltaics,Artificial Intelligence,Universidad Nacional del Callao,education,media,"SANTOS MEJIA,CESAR AUGUSTO",Masculino,60 a 69,VI,6.0,Activo,Reglamento_2021,2023.0,LIMA,Lima y Callao,PERÚ,1,4,2025,2025,Universidad Nacional del Callao,Pública,IA aplicada (otros dominios)
P0100538,https://openalex.org/A5003018727,Deymor Centty,https://orcid.org/0000-0002-5083-4615,Solar Radiation and Photovoltaics,Artificial Intelligence,Universidad Nacional de Moquegua,education,media,"CENTTY VILLAFUERTE,DEYMOR BEYTER",Masculino,40 a 49,VII,7.0,Activo,Reglamento_2021,2023.0,AREQUIPA,Otras regiones,PERÚ,1,6,2020,2020,Universidad Nacional de Moquegua,Pública,IA aplicada (otros dominios)
P0100539,https://openalex.org/A5108768998,Abilio Cuzcano,,Augmented Reality Applications,Computer Vision and Pattern Recognition,Universidad Tecnológica del Perú,education,media,"CUZCANO RIVAS,ABILIO BERNARDINO",Masculino,40 a 49,VI,6.0,Activo,Reglamento_2021,2024.0,LIMA,Lima y Callao,PERÚ,2,0,2024,2024,Universidad Tecnológica del Perú,Privada,Visión computacional
P0101491,https://openalex.org/A5079728695,Segundo Rojas-Flores,https://orcid.org/0000-0002-1972-8902,Geochemistry and Geologic Mapping,Artificial Intelligence,Universidad César Vallejo,education,alta,"ROJAS FLORES,SEGUNDO JONATHAN",Masculino,30 a 39,Distinguido,0.0,Activo,Reglamento_2021,2023.0,LA LIBERTAD,Otras regiones,PERÚ,1,0,2026,2026,Universidad César Vallejo,Privada,IA aplicada (otros dominios)
P0102072,https://openalex.org/A5088023426,Davis Velarde-Camaqui,https://orcid.org/0000-0001-9064-7104,Augmented Reality Applications,Computer Vision and Pattern Recognition,Universidad César Vallejo,education,exacta,"VELARDE CAMAQUI,DAVIS",Masculino,30 a 39,VII,7.0,Activo,Reglamento_2021,2024.0,LIMA,Lima y Callao,PERÚ,1,15,2024,2024,Universidad César Vallejo,Privada,Visión computacional
P0102803,https://openalex.org/A5119015770,Pepe Humberto Bustamante-Quintana,,Imbalanced Data Classification Techniques,Artificial Intelligence,Universidad Señor de Sipán,education,exacta,"BUSTAMANTE QUINTANA,PEPE HUMBERTO",Masculino,40 a 49,VI,6.0,Activo,Reglamento_2021,2023.0,LAMBAYEQUE,Otras regiones,PERÚ,1,3,2025,2025,Universidad Señor de Sipán,Privada,Aprendizaje automático (general)
P0102975,https://openalex.org/A5005491279,César Ángel Durand Gonzales,,AI in cancer detection|Intelligent Tutoring Systems and Adaptive Learning,Artificial Intelligence,Universidad Nacional del Callao,education,exacta,"DURAND GONZALES,CESAR ANGEL",Femenino,20 a 29,VI,6.0,Activo,Reglamento_2021,2023.0,LIMA,Lima y Callao,PERÚ,2,0,2024,2024,Universidad Nacional del Callao,Pública,IA en salud
P0103592,https://openalex.org/A5092638228,Ciro Teran-Dianderas,https://orcid.org/0000-0002-7830-6435,Geochemistry and Geologic Mapping,Artificial Intelligence,Universidad Nacional del Callao,education,alta,"TERAN DIANDERAS,CIRO ITALO",Masculino,70 a 79,VII,7.0,Activo,Reglamento_2021,2024.0,LIMA,Lima y Callao,PERÚ,1,0,2023,2023,Universidad Nacional del Callao,Pública,IA aplicada (otros dominios)
P0104653,https://openalex.org/A5045487352,Neicer Campos Vasquez,https://orcid.org/0000-0003-1508-6575,AI in cancer detection,Artificial Intelligence,Private University of the North,education,exacta,"CAMPOS VASQUEZ,NEICER",Masculino,30 a 39,VI,6.0,Activo,Reglamento_2021,2023.0,CALLAO,Lima y Callao,PERÚ,1,1,2021,2021,Universidad Privada del Norte,Privada,IA en salud
P0105449,https://openalex.org/A5081506288,Braulio Pedro Espinoza Flores,https://orcid.org/0000-0002-5855-9750,AI in cancer detection|Intelligent Tutoring Systems and Adaptive Learning,Artificial Intelligence,Universidad Nacional del Callao,education,exacta,"ESPINOZA FLORES,BRAULIO PEDRO",Masculino,50 a 59,VI,6.0,Activo,Reglamento_2021,2023.0,CALLAO,Lima y Callao,PERÚ,2,0,2024,2024,Universidad Nacional del Callao,Pública,IA en salud
P0105899,https://openalex.org/A5074377617,Omar Chamorro-Atalaya,https://orcid.org/0000-0002-7076-6728,Solar Radiation and Photovoltaics,Artificial Intelligence,Universidad Nacional Tecnológica de Lima Sur,education,alta,"CHAMORRO ATALAYA,OMAR FREDDY",Masculino,40 a 49,I,1.0,Activo,Reglamento_2021,2023.0,LIMA,Lima y Callao,PERÚ,1,1,2019,2019,Universidad Nacional Tecnológica de Lima Sur,Pública,IA aplicada (otros dominios)
P0105967,https://openalex.org/A5009019679,Denis Dante Corilla Flores,https://orcid.org/0000-0002-5233-8666,Solar Radiation and Photovoltaics,Artificial Intelligence,Universidad Nacional de Huancavelica,education,exacta,"CORILLA FLORES,DENIS DANTE",Masculino,30 a 39,III,3.0,Activo,Reglamento_2021,2024.0,JUNIN,Otras regiones,PERÚ,1,14,2023,2023,Universidad Nacional de Huancavelica,Pública,IA aplicada (otros dominios)
P0106045,https://openalex.org/A5082032195,Antia Rangel Vega,https://orcid.org/0000-0001-8793-847X,AI-based Problem Solving and Planning,Artificial Intelligence,University of Piura,education,exacta,"RANGEL VEGA,ANTIA",Femenino,50 a 59,V,5.0,Activo,Reglamento_2021,2023.0,PIURA,Otras regiones,PERÚ,1,0,2024,2024,University of Piura,Otro / no clasificado,IA aplicada (otros dominios)
P0106649,https://openalex.org/A5107820277,María Acuña Meléndez,,Imbalanced Data Classification Techniques|Music Technology and Sound Studies,Artificial Intelligence,Universidad Tecnológica del Perú,education,alta,"ACUÑA MELENDEZ,MARIA EUDELIA",Femenino,50 a 59,VII,7.0,Activo,Reglamento_2021,2023.0,LA LIBERTAD,Otras regiones,PERÚ,2,2,2024,2024,Universidad Tecnológica del Perú,Privada,Aprendizaje automático (general)
P0107307,https://openalex.org/A5137877873,Elberth E. García Panta,,Explainable Artificial Intelligence (XAI),Artificial Intelligence,Universidad Nacional de Piura,education,alta,"GARCIA PANTA,ELBERTH ENRIQUE",Masculino,50 a 59,VII,7.0,Activo,Reglamento_2021,2023.0,PIURA,Otras regiones,PERÚ,1,0,2026,2026,Universidad Nacional de Piura,Pública,Redes neuronales / Deep Learning
P0107542,https://openalex.org/A5021160969,Carlos E. Atencio-Torres,https://orcid.org/0000-0001-8758-8502,AI in Service Interactions|Evolutionary Algorithms and Applications|Topic Modeling,Artificial Intelligence,Universidad Nacional de San Agustin de Arequipa,education,alta,"ATENCIO TORRES,CARLOS EDUARDO",Masculino,40 a 49,V,5.0,VIGENCIA VENCIDA,Reglamento_2018,2019.0,AREQUIPA,Otras regiones,PERÚ,4,2,2021,2025,Universidad Nacional de San Agustín de Arequipa,Pública,IA aplicada (otros dominios)
P0107559,https://openalex.org/A5116440956,Jeymi Fabiola Arias Hancco,,Anomaly Detection Techniques and Applications,Artificial Intelligence,Universidad Privada de Tacna,education,exacta,"ARIAS HANCCO,JEYMI FABIOLA",Femenino,30 a 39,VII,7.0,Activo,Reglamento_2021,2023.0,TACNA,Otras regiones,PERÚ,1,1,2025,2025,Universidad Privada de Tacna,Privada,Aprendizaje automático (general)
P0108161,https://openalex.org/A5069158780,Bruno Esposito,,Anomaly Detection Techniques and Applications,Artificial Intelligence,University of the Pacific,education,media,"ESPOSITO ACOSTA,BRUNO NICOLA",Masculino,20 a 29,V,5.0,VIGENCIA VENCIDA,Reglamento_2018,2019.0,LIMA,Lima y Callao,PERÚ,1,1,2019,2019,University of the Pacific,Otro / no clasificado,Aprendizaje automático (general)
P0108391,https://openalex.org/A5029381044,Carlos Valderrama-Zapata,https://orcid.org/0000-0002-7390-011X,Natural Language Processing Techniques,Artificial Intelligence,Universidad San Ignacio de Loyola,education,alta,"VALDERRAMA ZAPATA,CARLOS ALBERTO",Masculino,30 a 39,VI,6.0,Activo,Reglamento_2021,2023.0,LIMA,Lima y Callao,PERÚ,1,0,2022,2022,Universidad San Ignacio de Loyola,Privada,PLN (NLP)
P0108504,https://openalex.org/A5024578719,Víctor Juan Jimenez Flores,https://orcid.org/0000-0002-1034-9447,AI in Service Interactions,Artificial Intelligence,Universidad Privada de Tacna|Universidad José Carlos Mariategui,education|education,exacta,"JIMENEZ FLORES,VICTOR JUAN",Masculino,20 a 29,VII,7.0,VIGENCIA VENCIDA,Reglamento_2018,2020.0,TACNA,Otras regiones,PERÚ,1,4,2020,2020,Universidad Privada de Tacna|Universidad José Carlos Mariategui,Privada,IA aplicada (otros dominios)
P0108843,https://openalex.org/A5041365917,Miguel Tupac-Yupanqui,https://orcid.org/0000-0002-9158-136X,Advanced Software Engineering Methodologies,Artificial Intelligence,Universidad Continental,education,alta,"TUPAC YUPANQUI ESQUIVEL,MIGUEL ANGEL",Masculino,50 a 59,VII,7.0,Activo,Reglamento_2021,2024.0,LIMA,Lima y Callao,PERÚ,1,2,2022,2022,Universidad Continental,Privada,IA aplicada (otros dominios)
P0108892,https://openalex.org/A5047110395,Diner Mori-Mestanza,https://orcid.org/0000-0003-3692-4080,Solar Radiation and Photovoltaics,Artificial Intelligence,National University Toribio Rodríguez de Mendoza,education,exacta,"MORI MESTANZA,DINER",Masculino,30 a 39,VII,7.0,Activo,Reglamento_2021,2022.0,AMAZONAS,Otras regiones,PERÚ,1,1,2026,2026,National University Toribio Rodríguez de Mendoza,Otro / no clasificado,IA aplicada (otros dominios)
P0108931,https://openalex.org/A5049181212,Iván Petrlik,https://orcid.org/0000-0002-1201-2143,Multimodal Machine Learning Applications|Augmented Reality Applications|Image and Signal Denoising Methods,Computer Vision and Pattern Recognition,Federico Villarreal National University,education,media,"PETRLIK AZABACHE,IVAN CARLO",Masculino,40 a 49,VI,6.0,Activo,Reglamento_2021,2023.0,LIMA,Lima y Callao,PERÚ,4,6,2020,2023,Federico Villarreal National University,Otro / no clasificado,Aprendizaje automático (general)
P0109019,https://openalex.org/A5063725458,Gustavo Chau,https://orcid.org/0000-0002-3153-3868,Video Surveillance and Tracking Methods|Image and Object Detection Techniques,Computer Vision and Pattern Recognition,Pontificia Universidad Católica del Perú,education,media,"CHAU LOO KUNG,GUSTAVO RAMON",Masculino,30 a 39,V,5.0,VIGENCIA VENCIDA,Reglamento_2018,2019.0,LIMA,Lima y Callao,PERÚ,3,18,2017,2019,Pontificia Universidad Católica del Perú,Privada,Visión computacional
P0109199,https://openalex.org/A5035812004,Karin Rojas,https://orcid.org/0000-0002-6867-0778,Augmented Reality Applications|AI in Service Interactions|Video Surveillance and Tracking Methods,Computer Vision and Pattern Recognition,Universidad Tecnológica del Perú,education,media,"ROJAS ROMERO,KARIN CORINA",Femenino,40 a 49,VI,6.0,Activo,Reglamento_2021,2023.0,LIMA,Lima y Callao,PERÚ,6,8,2023,2025,Universidad Tecnológica del Perú,Privada,Visión computacional
P0110560,https://openalex.org/A5024337857,Stefano E. Romero,https://orcid.org/0000-0001-6092-1395,AI in cancer detection,Artificial Intelligence,Pontificia Universidad Católica del Perú,education,media,"ROMERO GUTIERREZ,STEFANO ENRIQUE",Masculino,30 a 39,VI,6.0,Activo,Reglamento_2021,2022.0,LIMA,Lima y Callao,PERÚ,3,17,2022,2026,Pontificia Universidad Católica del Perú,Privada,IA en salud
P0110926,https://openalex.org/A5069995330,Yudith Cardinale,https://orcid.org/0000-0002-5966-0113,Semantic Web and Ontologies|AI in Service Interactions|Sentiment Analysis and Opinion Mining,Artificial Intelligence,Universidad Católica San Pablo,education,media,"CARDINALE VILLARREAL,YUDITH",Femenino,50 a 59,II,2.0,Activo,Reglamento_2021,2023.0,AREQUIPA,Otras regiones,PERÚ,8,125,2021,2022,Universidad Católica San Pablo,Privada,Web semántica y ontologías
P0111631,https://openalex.org/A5015995615,Henry Silva-Marchan,https://orcid.org/0000-0002-9928-9945,Sentiment Analysis and Opinion Mining|Advanced Graph Neural Networks,Artificial Intelligence,Universidad Nacional de Tumbes,education,alta,"SILVA MARCHAN,HENRY ALEJANDRO",Masculino,40 a 49,VI,6.0,Activo,Reglamento_2021,2024.0,TUMBES,Otras regiones,PERÚ,3,8,2023,2025,Universidad Nacional de Tumbes,Pública,PLN (NLP)
P0111763,https://openalex.org/A5037708090,Brian Meneses-Claudio,https://orcid.org/0000-0002-4550-4793,"AI in cancer detection|Psychiatry, Mental Health, Neuroscience|Face recognition and analysis",Artificial Intelligence,Universidad de Ciencias y Humanidades,education,alta,"MENESES CLAUDIO,BRIAN ANDREE",Masculino,20 a 29,II,2.0,Activo,Reglamento_2021,2023.0,LIMA,Lima y Callao,PERÚ,4,35,2019,2025,Universidad de Ciencias y Humanidades,Privada,IA en salud
P0112055,https://openalex.org/A5019876786,Jesús Rascón,,Geochemistry and Geologic Mapping,Artificial Intelligence,National University Toribio Rodríguez de Mendoza,education,media,"RASCÓN  BARRIOS,JESÚS",Masculino,30 a 39,IV,4.0,Activo,Reglamento_2021,2022.0,AMAZONAS,Otras regiones,PERÚ,2,1,2023,2023,National University Toribio Rodríguez de Mendoza,Otro / no clasificado,IA aplicada (otros dominios)
P0112111,https://openalex.org/A5101919053,Daniel A. Pérez-Aguilar,https://orcid.org/0000-0003-4514-2873,Augmented Reality Applications,Computer Vision and Pattern Recognition,Universidad Tecnológica del Perú|Private University of the North,education|education,alta,"PEREZ AGUILAR,DANIEL ALEXIS",Masculino,30 a 39,VII,7.0,Activo,Reglamento_2021,2023.0,CAJAMARCA,Otras regiones,PERÚ,1,0,2025,2025,Universidad Tecnológica del Perú|Private University of the North,Privada,Visión computacional
P0112332,https://openalex.org/A5107089772,Jose N. Mamani-Quispe,https://orcid.org/0000-0001-7803-7936,Geochemistry and Geologic Mapping,Artificial Intelligence,Universidad Nacional del Altiplano,education,alta,"MAMANI QUISPE,JOSE JAVIER",Masculino,30 a 39,VII,7.0,Activo,Reglamento_2021,2023.0,AREQUIPA,Otras regiones,PERÚ,4,4,2025,2025,Universidad Nacional del Altiplano (Puno),Pública,IA aplicada (otros dominios)
P0112454,https://openalex.org/A5100363388,J. Fernando Silva,https://orcid.org/0000-0003-2164-0739,Sentiment Analysis and Opinion Mining,Artificial Intelligence,Peruvian University of Applied Sciences,education,media,"VALLE SILVA,JORGE FERNANDO",Masculino,50 a 59,VI,6.0,Activo,Reglamento_2021,2024.0,NO REGISTRA,Extranjero / no registra,PERÚ,1,0,2020,2020,Universidad Peruana de Ciencias Aplicadas,Privada,PLN (NLP)
P0112563,https://openalex.org/A5136770421,Luciano Barcellos-Paula,,Advanced Graph Neural Networks,Artificial Intelligence,Pontificia Universidad Católica del Perú,education,exacta,"BARCELLOS DE PAULA ,LUCIANO",Masculino,50 a 59,II,2.0,Activo,Reglamento_2021,2023.0,LIMA,Lima y Callao,PERÚ,1,1,2026,2026,Pontificia Universidad Católica del Perú,Privada,Redes neuronales / Deep Learning
P0115013,https://openalex.org/A5062071523,Rosalynn Ornella Flores-Castañeda,https://orcid.org/0000-0002-5573-359X,AI in Service Interactions,Artificial Intelligence,Universidad Tecnológica del Perú,education,exacta,"FLORES CASTAÑEDA,ROSALYNN ORNELLA",Femenino,40 a 49,V,5.0,Activo,Reglamento_2021,2024.0,LIMA,Lima y Callao,PERÚ,1,2,2023,2023,Universidad Tecnológica del Perú,Privada,IA aplicada (otros dominios)
P0115032,https://openalex.org/A5038220708,Sandro Olaya-Cotera,https://orcid.org/0000-0003-4309-568X,Sentiment Analysis and Opinion Mining,Artificial Intelligence,Universidad San Ignacio de Loyola,education,exacta,"OLAYA COTERA,SANDRO",Masculino,50 a 59,VII,7.0,Activo,Reglamento_2021,2023.0,LIMA,Lima y Callao,PERÚ,1,11,2023,2023,Universidad San Ignacio de Loyola,Privada,PLN (NLP)
P0115255,https://openalex.org/A5005459284,Rafael Saenz,https://orcid.org/0000-0001-8122-3879,Imbalanced Data Classification Techniques,Artificial Intelligence,Universidad San Ignacio de Loyola,education,media,"CASTILLO SAENZ,RAFAEL ALAN",Masculino,40 a 49,VI,6.0,Activo,Reglamento_2021,2023.0,LIMA,Lima y Callao,PERÚ,1,12,2023,2023,Universidad San Ignacio de Loyola,Privada,Aprendizaje automático (general)
P0116486,https://openalex.org/A5046795511,Judith Keren Jiménez-Vilcherrez,https://orcid.org/0000-0002-7823-1533,Intelligent Tutoring Systems and Adaptive Learning|Augmented Reality Applications,Artificial Intelligence,Universidad Nacional de Piura,education,exacta,"JIMENEZ VILCHERREZ,JUDITH KEREN",Femenino,40 a 49,VII,7.0,Activo,Reglamento_2021,2022.0,PIURA,Otras regiones,PERÚ,2,0,2022,2026,Universidad Nacional de Piura,Pública,IA en educación
P0116583,https://openalex.org/A5007525165,Doris Esenarro,https://orcid.org/0000-0002-7186-9614,Anomaly Detection Techniques and Applications,Artificial Intelligence,Federico Villarreal National University,education,media,"ESENARRO VARGAS,DORIS",Femenino,50 a 59,II,2.0,Activo,Reglamento_2021,2024.0,LIMA,Lima y Callao,PERÚ,1,155,2021,2021,Federico Villarreal National University,Otro / no clasificado,Aprendizaje automático (general)
P0117828,https://openalex.org/A5090114894,Luís Pinto,https://orcid.org/0000-0003-1121-1738,Text and Document Classification Technologies,Artificial Intelligence,Pontificia Universidad Católica del Perú,education,media,"PINTO VALDIVIA,JOSE LUIS",Masculino,50 a 59,V,5.0,VIGENCIA VENCIDA,Reglamento_2018,2019.0,LIMA,Lima y Callao,PERÚ,1,1,2016,2016,Pontificia Universidad Católica del Perú,Privada,Aprendizaje automático (general)
P0118966,https://openalex.org/A5137936613,Eduardo F. Araujo-Vasquez,,Augmented Reality Applications,Computer Vision and Pattern Recognition,Universidad César Vallejo,education,alta,"ARAUJO VASQUEZ,EDUARDO FRANCO",Masculino,30 a 39,VII,7.0,Activo,Reglamento_2021,2024.0,LA LIBERTAD,Otras regiones,PERÚ,1,0,2026,2026,Universidad César Vallejo,Privada,Visión computacional
P0119245,https://openalex.org/A5031730531,Raúl Pozo,,Geochemistry and Geologic Mapping,Artificial Intelligence,Pontificia Universidad Católica del Perú,education,media,"POZO GARCIA,RAUL RODOLFO",Masculino,30 a 39,VII,7.0,Activo,Reglamento_2021,2023.0,LIMA,Lima y Callao,PERÚ,1,4,2022,2022,Pontificia Universidad Católica del Perú,Privada,IA aplicada (otros dominios)
P0119468,https://openalex.org/A5059457428,Alfonso Renato Vargas-Murillo,https://orcid.org/0000-0003-4205-2215,Imbalanced Data Classification Techniques|Handwritten Text Recognition Techniques|Data Visualization and Analytics,Computer Vision and Pattern Recognition,Private University of the North,education,exacta,"VARGAS MURILLO,ALFONSO RENATO",Masculino,20 a 29,V,5.0,Activo,Reglamento_2021,2024.0,TACNA,Otras regiones,PERÚ,4,17,2023,2024,Universidad Privada del Norte,Privada,Aprendizaje automático (general)
P0120083,https://openalex.org/A5070717823,Regina de la Caridad Agramonte Rosell,https://orcid.org/0000-0001-6279-0851,Augmented Reality Applications,Computer Vision and Pattern Recognition,Universidad Científica del Sur,education,exacta,"AGRAMONTE ROSELL,REGINA DE LA CARIDAD",Femenino,50 a 59,VII,7.0,Activo,Reglamento_2021,2023.0,LIMA,Lima y Callao,PERÚ,1,0,2023,2023,Universidad Científica del Sur,Privada,Visión computacional
P0120645,https://openalex.org/A5123808474,Danny Alonso Lizarzaburu Aguinaga,,Intelligent Tutoring Systems and Adaptive Learning,Artificial Intelligence,Universidad César Vallejo,education,exacta,"LIZARZABURU AGUINAGA,DANNY ALONSO",Masculino,40 a 49,V,5.0,Activo,Reglamento_2021,2023.0,LIMA,Lima y Callao,PERÚ,1,0,2026,2026,Universidad César Vallejo,Privada,IA en educación
P0120963,https://openalex.org/A5019330507,Víctor William Rojas-Luján,https://orcid.org/0000-0002-8153-3882,"Law, AI, and Intellectual Property",Artificial Intelligence,Universidad Nacional de Tumbes,education,exacta,"ROJAS LUJAN,VICTOR WILLIAM",Masculino,60 a 69,VI,6.0,Activo,Reglamento_2021,2024.0,LA LIBERTAD,Otras regiones,PERÚ,1,0,2023,2023,Universidad Nacional de Tumbes,Pública,IA aplicada (otros dominios)
P0121588,https://openalex.org/A5100302070,Cardenas Ronald,,Topic Modeling,Artificial Intelligence,National University of Engineering,education,media,"CARDENAS RUEDA,PEDRO RONALD",Masculino,60 a 69,VII,7.0,Activo,Reglamento_2021,2023.0,TACNA,Otras regiones,PERÚ,1,6,2018,2018,Universidad Nacional de Ingeniería,Pública,PLN (NLP)
P0122873,https://openalex.org/A5039927860,Ciro Rodríguez,https://orcid.org/0000-0003-2112-1349,Anomaly Detection Techniques and Applications|Multimodal Machine Learning Applications|Advanced Image Processing Techniques,Artificial Intelligence,National University of San Marcos,education,exacta,"RODRIGUEZ RODRIGUEZ,CIRO",Masculino,60 a 69,III,3.0,Activo,Reglamento_2021,2023.0,LIMA,Lima y Callao,PERÚ,21,207,2020,2026,Universidad Nacional Mayor de San Marcos,Pública,Aprendizaje automático (general)
P0123068,https://openalex.org/A5021069778,Leonardo S. Silva,,Data Visualization and Analytics,Computer Vision and Pattern Recognition,Universidad San Pedro,education,media,"SILVA MONDRAGON,GUIDO LEONARDO",Masculino,20 a 29,IV,4.0,Activo,Reglamento_2021,2024.0,LIMA,Lima y Callao,PERÚ,1,1,2019,2019,Universidad San Pedro,Privada,IA aplicada (otros dominios)
P0124534,https://openalex.org/A5026149220,Pablo Lenin La Madrid Vivar,https://orcid.org/0000-0003-0330-0220,Intelligent Tutoring Systems and Adaptive Learning,Artificial Intelligence,Daniel Alcides Carrión National University,education,exacta,"LA MADRID VIVAR,PABLO LENIN",Masculino,50 a 59,VI,6.0,Activo,Reglamento_2021,2024.0,PASCO,Otras regiones,PERÚ,1,0,2026,2026,Daniel Alcides Carrión National University,Otro / no clasificado,IA en educación
P0124675,https://openalex.org/A5000680875,Alain Paul Herrera-Urtiaga,https://orcid.org/0000-0003-1261-2605,Semantic Web and Ontologies|Sentiment Analysis and Opinion Mining|Augmented Reality Applications,Artificial Intelligence,Universidad Nacional del Altiplano,education,exacta,"HERRERA URTIAGA,ALAIN PAUL",Masculino,30 a 39,VI,6.0,Activo,Reglamento_2021,2023.0,PUNO,Sur andino (Altiplano),PERÚ,3,2,2023,2024,Universidad Nacional del Altiplano (Puno),Pública,Web semántica y ontologías
P0125582,https://openalex.org/A5005586440,Lucy A. C. Mansilla,,Medical Image Segmentation Techniques,Computer Vision and Pattern Recognition,Universidad San Pedro,education,media,"CHOQUE MANSILLA,LUCY ALSINA",Femenino,40 a 49,III,3.0,VIGENCIA VENCIDA,Reglamento_2018,2019.0,RESIDE EN EXTRANJERO,Extranjero / no registra,BRASIL,1,0,2015,2015,Universidad San Pedro,Privada,IA en salud
P0126360,https://openalex.org/A5000932387,Rembrandt Ubalde Enriquez,https://orcid.org/0000-0001-9097-202X,Augmented Reality Applications,Computer Vision and Pattern Recognition,Federico Villarreal National University,education,exacta,"UBALDE ENRIQUEZ,REMBRANDT",Masculino,40 a 49,VII,7.0,Activo,Reglamento_2021,2023.0,LIMA,Lima y Callao,PERÚ,1,3,2020,2020,Federico Villarreal National University,Otro / no clasificado,Visión computacional
P0127409,https://openalex.org/A5067640621,Yovana Flores Ccorisapra,https://orcid.org/0000-0002-1617-9127,Anomaly Detection Techniques and Applications|Robotic Path Planning Algorithms,Artificial Intelligence,Universidad Nacional José María Arguedas,education,exacta,"FLORES CCORISAPRA,YOVANA",Femenino,30 a 39,VII,7.0,Activo,Reglamento_2021,2024.0,APURIMAC,Sur andino (Altiplano),PERÚ,2,0,2025,2025,Universidad Nacional José María Arguedas,Pública,Aprendizaje automático (general)
P0128247,https://openalex.org/A5053058445,Yanet Antayhua Vera,,Seismology and Earthquake Studies,Artificial Intelligence,Instituto Geológico Minero y Metalúrgico,government,alta,"ANTAYHUA VERA,YANET TERESA",Femenino,40 a 49,IV,4.0,VIGENCIA VENCIDA,Reglamento_2018,2021.0,LIMA,Lima y Callao,PERÚ,1,10,2021,2021,Instituto Geológico Minero y Metalúrgico,Pública,IA aplicada (otros dominios)
P0129026,https://openalex.org/A5085298053,Dennis Alberto Espejo-Peña,https://orcid.org/0000-0002-0545-5018,Augmented Reality Applications,Computer Vision and Pattern Recognition,Peruvian University of Applied Sciences,education,exacta,"ESPEJO PEÑA,DENNIS ALBERTO",Masculino,40 a 49,VI,6.0,Activo,Reglamento_2021,2023.0,LIMA,Lima y Callao,PERÚ,1,4,2022,2022,Universidad Peruana de Ciencias Aplicadas,Privada,Visión computacional
P0129415,https://openalex.org/A5003268907,Carlos Sotomayor-Beltran,https://orcid.org/0000-0001-6096-9225,Computational Physics and Python Applications,Artificial Intelligence,Universidad de Ciencias y Humanidades,education,alta,"SOTOMAYOR BELTRAN,CARLOS ALBERTO",Masculino,40 a 49,II,2.0,Activo,Reglamento_2021,2023.0,LIMA,Lima y Callao,PERÚ,2,8,2018,2019,Universidad de Ciencias y Humanidades,Privada,IA aplicada (otros dominios)
P0129546,https://openalex.org/A5119817273,Ivan Yupanqui,,Neural Networks and Applications,Artificial Intelligence,Pontificia Universidad Católica del Perú,education,media,"YUPANQUI TELLO,IVAN FRANCISCO",Masculino,30 a 39,VI,6.0,Activo,Reglamento_2021,2023.0,LIMA,Lima y Callao,PERÚ,1,0,2026,2026,Pontificia Universidad Católica del Perú,Privada,Redes neuronales / Deep Learning
P0129964,https://openalex.org/A5047580678,José Galarza,https://orcid.org/0000-0001-5569-6541,Solar Radiation and Photovoltaics,Artificial Intelligence,Universidad Nacional del Centro del Perú,education,media,"GALARZA LINARES,JOSE EDUARDO",Masculino,30 a 39,V,5.0,Activo,Reglamento_2021,2024.0,JUNIN,Otras regiones,PERÚ,3,6,2023,2023,Universidad Nacional del Centro del Perú,Pública,IA aplicada (otros dominios)
P0130332,https://openalex.org/A5070191189,Gabriel Aiquipa,,Augmented Reality Applications|Video Surveillance and Tracking Methods|Context-Aware Activity Recognition Systems,Computer Vision and Pattern Recognition,Universidad Tecnológica de Los Andes,education,exacta,"AIQUIPA AIQUIPA,GABRIEL",Masculino,50 a 59,VII,7.0,Activo,Reglamento_2021,2023.0,APURIMAC,Sur andino (Altiplano),PERÚ,4,8,2023,2024,Universidad Tecnológica de Los Andes,Privada,Visión computacional
P0130832,https://openalex.org/A5086826356,Grant Ilich Llaque Fernández,https://orcid.org/0000-0002-6793-775X,Geochemistry and Geologic Mapping,Artificial Intelligence,Private University of the North,education,exacta,"LLAQUE FERNANDEZ,GRANT ILICH",Masculino,40 a 49,VII,7.0,Activo,Reglamento_2021,2022.0,LA LIBERTAD,Otras regiones,PERÚ,1,1,2022,2022,Universidad Privada del Norte,Privada,IA aplicada (otros dominios)
P0131008,https://openalex.org/A5030914241,Maria Noriega,,Advanced Vision and Imaging,Computer Vision and Pattern Recognition,Universidad de Ingeniería y Tecnología,education,media,"NORIEGA ARANIBAR,MARIA TERESA",Femenino,60 a 69,VI,6.0,Activo,Reglamento_2021,2023.0,LIMA,Lima y Callao,PERÚ,1,3,2015,2015,Universidad de Ingeniería y Tecnología,Privada,Visión computacional
P0131483,https://openalex.org/A5110075915,Roberto Chucuya,,Context-Aware Activity Recognition Systems,Computer Vision and Pattern Recognition,Universidad Nacional del Santa,education,media,"CHUCUYA HUALLPACHOQUE,ROBERTO CARLOS",Masculino,40 a 49,VII,7.0,VIGENCIA VENCIDA,Reglamento_2018,2019.0,ANCASH,Otras regiones,PERÚ,1,0,2017,2017,Universidad Nacional del Santa,Pública,Visión computacional
P0134318,https://openalex.org/A5054479081,María Lima,https://orcid.org/0000-0001-8926-0148,AI-based Problem Solving and Planning,Artificial Intelligence,Universidad Nacional Micaela Bastidas de Apurimac,education,media,"LIMA BENDEZU,MARIA PATRICIA",Femenino,50 a 59,VII,7.0,Activo,Reglamento_2021,2024.0,APURIMAC,Sur andino (Altiplano),PERÚ,1,1,2019,2019,Universidad Nacional Micaela Bastidas de Apurimac,Pública,IA aplicada (otros dominios)
P0136326,https://openalex.org/A5089438576,Diego Norena-Chávez,https://orcid.org/0000-0001-5292-2152,Organizational and Employee Performance,Artificial Intelligence,Universidad de Lima,education,alta,"NOREÑA CHAVEZ,DIEGO ALONSO",Masculino,30 a 39,IV,4.0,Activo,Reglamento_2021,2024.0,LIMA,Lima y Callao,PERÚ,1,0,2025,2025,Universidad de Lima,Privada,IA aplicada (otros dominios)
P0140140,https://openalex.org/A5101598236,Andrés Montoya Angulo,https://orcid.org/0000-0002-9897-3710,Robotic Path Planning Algorithms,Computer Vision and Pattern Recognition,Universidad Nacional de San Agustin de Arequipa,education,alta,"MONTOYA ANGULO,JUAN ANDRES",Masculino,20 a 29,VII,7.0,Activo,Reglamento_2021,2023.0,AREQUIPA,Otras regiones,PERÚ,1,6,2022,2022,Universidad Nacional de San Agustín de Arequipa,Pública,Robótica y control
P0140544,https://openalex.org/A5041514635,Rolando Javier Berru Beltran,https://orcid.org/0000-0002-0739-1599,Augmented Reality Applications,Computer Vision and Pattern Recognition,Private University of the North,education,exacta,"BERRU BELTRAN,ROLANDO JAVIER",Masculino,30 a 39,VII,7.0,Activo,Reglamento_2021,2022.0,LA LIBERTAD,Otras regiones,PERÚ,1,0,2022,2022,Universidad Privada del Norte,Privada,Visión computacional
P0140566,https://openalex.org/A5066549637,Ryan A. León León,https://orcid.org/0000-0002-0599-0141,Fuzzy Logic and Control Systems|Neural Networks and Applications|Robotic Path Planning Algorithms,Artificial Intelligence,Private University of the North,education,alta,"LEON LEON,RYAN ABRAHAM",Masculino,40 a 49,VII,7.0,Activo,Reglamento_2021,2023.0,LA LIBERTAD,Otras regiones,PERÚ,3,1,2022,2025,Universidad Privada del Norte,Privada,Robótica y control
P0141482,https://openalex.org/A5089421941,Brayan Espinoza-García,https://orcid.org/0000-0002-5194-3338,Geochemistry and Geologic Mapping,Artificial Intelligence,Universidad Nacional de San Agustin de Arequipa,education,alta,"ESPINOZA GARCIA,BRAYAN ANTONIO",Masculino,20 a 29,VII,7.0,Activo,Reglamento_2021,2023.0,AREQUIPA,Otras regiones,PERÚ,1,0,2024,2024,Universidad Nacional de San Agustín de Arequipa,Pública,IA aplicada (otros dominios)
P0142906,https://openalex.org/A5016134712,Lisard Torró,https://orcid.org/0000-0002-3557-8334,Geochemistry and Geologic Mapping,Artificial Intelligence,Pontificia Universidad Católica del Perú,education,media,"TORRÓ I ABAT,LISARD",Masculino,30 a 39,I,1.0,Activo,Reglamento_2021,2024.0,LIMA,Lima y Callao,PERÚ,2,90,2019,2021,Pontificia Universidad Católica del Perú,Privada,IA aplicada (otros dominios)
P0144566,https://openalex.org/A5022086411,Fredy Toribio Chalco Vargas,https://orcid.org/0000-0001-9639-3926,"Law, AI, and Intellectual Property",Artificial Intelligence,Universidad Andina Néstor Cáceres Velásquez,education,exacta,"CHALCO VARGAS,FREDY TORIBIO",Masculino,60 a 69,VI,6.0,Activo,Reglamento_2021,2024.0,PUNO,Sur andino (Altiplano),PERÚ,1,0,2024,2024,Universidad Andina Néstor Cáceres Velásquez,Privada,IA aplicada (otros dominios)
P0147009,https://openalex.org/A5061113111,Joel Alanya-Beltrán,https://orcid.org/0000-0002-8058-6229,Metaheuristic Optimization Algorithms Research|Organizational and Employee Performance,Artificial Intelligence,Universidad Tecnológica del Perú,education,alta,"ALANYA BELTRAN,JOEL ELVYS",Masculino,30 a 39,IV,4.0,Activo,Reglamento_2021,2023.0,LIMA,Lima y Callao,PERÚ,2,11,2022,2023,Universidad Tecnológica del Perú,Privada,Optimización y metaheurísticas
P0151126,https://openalex.org/A5004959513,Carlos Canales-Escalante,https://orcid.org/0000-0002-4029-9997,Geochemistry and Geologic Mapping,Artificial Intelligence,Universidad Nacional del Callao,education,alta,"CANALES ESCALANTE,CARLOS ANDRES",Masculino,30 a 39,VII,7.0,Activo,Reglamento_2021,2023.0,CALLAO,Lima y Callao,PERÚ,1,0,2023,2023,Universidad Nacional del Callao,Pública,IA aplicada (otros dominios)
P0151429,https://openalex.org/A5115514496,Edgardo Mamani-Huamán,,Anomaly Detection Techniques and Applications,Artificial Intelligence,Instituto Nacional de Salud,government,exacta,"MAMANI HUAMAN,EDGARDO",Masculino,40 a 49,VII,7.0,Activo,Reglamento_2021,2024.0,LIMA,Lima y Callao,PERÚ,1,1,2024,2024,Instituto Nacional de Salud,Pública,Aprendizaje automático (general)
P0151772,https://openalex.org/A5025653642,Katerina Galantini Velarde,https://orcid.org/0000-0002-4582-1860,Augmented Reality Applications,Computer Vision and Pattern Recognition,Universidad de Lima,education,alta,"GALANTINI VELARDE,KATERINA PAOLA",Femenino,30 a 39,VI,6.0,Activo,Reglamento_2021,2023.0,LIMA,Lima y Callao,PERÚ,1,7,2024,2024,Universidad de Lima,Privada,Visión computacional
P0153028,https://openalex.org/A5003617586,Gianpierre Zapata,https://orcid.org/0000-0001-7106-9046,Sentiment Analysis and Opinion Mining,Artificial Intelligence,Peruvian University of Applied Sciences,education,media,"ZAPATA RAMIREZ,GIANPIERRE GUILLERMO",Masculino,30 a 39,V,5.0,Activo,Reglamento_2021,2024.0,LIMA,Lima y Callao,PERÚ,1,22,2019,2019,Universidad Peruana de Ciencias Aplicadas,Privada,PLN (NLP)
P0157449,https://openalex.org/A5012844424,Jimmy Armas-Aguirre,https://orcid.org/0000-0002-1176-8969,AI in Service Interactions|Imbalanced Data Classification Techniques|Video Surveillance and Tracking Methods,Artificial Intelligence,Peruvian University of Applied Sciences,education,alta,"ARMAS AGUIRRE,JIMMY ALEXANDER",Masculino,40 a 49,VII,7.0,Activo,Reglamento_2021,2022.0,LIMA,Lima y Callao,PERÚ,4,34,2018,2021,Universidad Peruana de Ciencias Aplicadas,Privada,IA aplicada (otros dominios)
P0158206,https://openalex.org/A5010992053,Elia Anacely Córdova Calle,https://orcid.org/0000-0003-0495-2431,AI in Service Interactions,Artificial Intelligence,Universidad Nacional de San Martín,education,exacta,"CÓRDOVA CALLE,ELIA ANACELY",Femenino,30 a 39,VII,7.0,Activo,Reglamento_2021,2023.0,SAN MARTIN,Otras regiones,PERÚ,1,3,2025,2025,Universidad Nacional de San Martín,Pública,IA aplicada (otros dominios)
P0158585,https://openalex.org/A5103242823,Gabriel Jiménez,https://orcid.org/0000-0001-6474-6272,AI in cancer detection,Artificial Intelligence,Pontificia Universidad Católica del Perú,education,media,"JIMENEZ AVALOS,GABRIEL MATEO",Masculino,20 a 29,VI,6.0,Activo,Reglamento_2021,2023.0,RESIDE EN EXTRANJERO,Extranjero / no registra,ESTADOS UNIDOS,1,67,2019,2019,Pontificia Universidad Católica del Perú,Privada,IA en salud
P0158638,https://openalex.org/A5103222676,Nicolás A. Núñez,https://orcid.org/0000-0003-2193-3830,AI in Service Interactions,Artificial Intelligence,Pontificia Universidad Católica del Perú,education,media,"NÚÑEZ MORALES,NICOLÁS ANDRÉS",Masculino,30 a 39,VII,7.0,Activo,Reglamento_2021,2022.0,LIMA,Lima y Callao,PERÚ,2,0,2025,2026,Pontificia Universidad Católica del Perú,Privada,IA aplicada (otros dominios)
P0162198,https://openalex.org/A5113393481,Edwin Jonathan Escobedo Cárdenas,https://orcid.org/0000-0003-2034-513X,Image Enhancement Techniques|Data Visualization and Analytics|Image Processing and 3D Reconstruction,Computer Vision and Pattern Recognition,Universidad de Lima,education,exacta,"ESCOBEDO CARDENAS,EDWIN JONATHAN",Masculino,30 a 39,VI,6.0,Activo,Reglamento_2021,2022.0,LA LIBERTAD,Otras regiones,PERÚ,5,0,2021,2026,Universidad de Lima,Privada,Visión computacional
P0162311,https://openalex.org/A5007144617,Leonardo Velarde Dávila,https://orcid.org/0000-0002-8096-0196,Imbalanced Data Classification Techniques,Artificial Intelligence,Peruvian University of Applied Sciences,education,exacta,"VELARDE DAVILA,LEONARDO",Masculino,60 a 69,IV,4.0,Activo,Reglamento_2021,2024.0,LIMA,Lima y Callao,PERÚ,1,12,2023,2023,Universidad Peruana de Ciencias Aplicadas,Privada,Aprendizaje automático (general)
P0163858,https://openalex.org/A5043429390,Hugo Daniel García Juárez,https://orcid.org/0000-0002-4862-1397,AI in Service Interactions,Artificial Intelligence,Universidad César Vallejo,education,exacta,"GARCIA JUAREZ,HUGO DANIEL",Masculino,40 a 49,VI,6.0,Activo,Reglamento_2021,2024.0,LA LIBERTAD,Otras regiones,PERÚ,1,3,2025,2025,Universidad César Vallejo,Privada,IA aplicada (otros dominios)
P0164110,https://openalex.org/A5064837055,Alvaro Ulloa,https://orcid.org/0000-0001-8899-0026,Anomaly Detection Techniques and Applications,Artificial Intelligence,Pontificia Universidad Católica del Perú,education,media,"ULLOA CERNA,ALVARO EMILIO",Masculino,30 a 39,III,3.0,Activo,Reglamento_2021,2022.0,RESIDE EN EXTRANJERO,Extranjero / no registra,ESTADOS UNIDOS,1,5,2023,2023,Pontificia Universidad Católica del Perú,Privada,Aprendizaje automático (general)
P0164401,https://openalex.org/A5093443132,Martin Ortiz-Vergara,,Advanced Image Processing Techniques,Computer Vision and Pattern Recognition,National University of Education Enrique Guzmán y Valle,education,alta,"ORTIZ VERGARA,MARTIN WILLIAM",Masculino,40 a 49,VII,7.0,Activo,Reglamento_2021,2024.0,LIMA,Lima y Callao,PERÚ,1,0,2023,2023,National University of Education Enrique Guzmán y Valle,Otro / no clasificado,Visión computacional
P0164833,https://openalex.org/A5033768240,Dennis Huaman-Yrigoin,https://orcid.org/0000-0001-7907-9521,Geochemistry and Geologic Mapping,Artificial Intelligence,Universidad Nacional del Callao,education,exacta,"HUAMAN YRIGOIN,DENNIS",Masculino,20 a 29,VII,7.0,Activo,Reglamento_2021,2023.0,LIMA,Lima y Callao,PERÚ,1,0,2023,2023,Universidad Nacional del Callao,Pública,IA aplicada (otros dominios)
P0164991,https://openalex.org/A5068102206,Bexi Perdomo,https://orcid.org/0000-0002-1611-7743,AI in Service Interactions,Artificial Intelligence,University of Sciences and Arts of Latin America,education,media,"PERDOMO DE FLORES,BEXI JUDITH",Femenino,40 a 49,V,5.0,No registra,Reglamento_2018,2021.0,LIMA,Lima y Callao,PERÚ,1,1,2025,2025,University of Sciences and Arts of Latin America,Otro / no clasificado,IA aplicada (otros dominios)
P0165204,https://openalex.org/A5006757764,Iralmy Yipsy Platero Morejón,https://orcid.org/0000-0002-2834-4572,Anomaly Detection Techniques and Applications,Artificial Intelligence,Universidad Continental,education,exacta,"PLATERO MOREJÓN,IRALMY YIPSY",Femenino,50 a 59,VII,7.0,Activo,Reglamento_2021,2024.0,JUNIN,Otras regiones,PERÚ,1,1,2023,2023,Universidad Continental,Privada,Aprendizaje automático (general)
P0166528,https://openalex.org/A5122774047,Jhosephi Jhampier Vasquez Ascate,,Digital Imaging for Blood Diseases,Computer Vision and Pattern Recognition,Universidad Nacional de la Amazonía Peruana,education,exacta,"VASQUEZ ASCATE,JHOSEPHI JHAMPIER",Masculino,20 a 29,VII,7.0,Activo,Reglamento_2021,2023.0,LORETO,Otras regiones,PERÚ,2,0,2026,2026,Universidad Nacional de la Amazonía Peruana,Pública,IA en salud
P0168311,https://openalex.org/A5056929320,Juan Carlos Cotrina-Aliaga,https://orcid.org/0000-0003-0293-0394,AI in cancer detection|Advanced Technologies in Various Fields|Advanced Steganography and Watermarking Techniques,Artificial Intelligence,Universidad Privada San Juan Bautista,education,exacta,"COTRINA ALIAGA,JUAN CARLOS",Masculino,30 a 39,IV,4.0,Activo,Reglamento_2021,2023.0,LIMA,Lima y Callao,PERÚ,4,8,2023,2024,Universidad Privada San Juan Bautista,Privada,IA en salud
P0169096,https://openalex.org/A5017041902,Fabio C. Zegarra,https://orcid.org/0000-0002-7113-5100,Anomaly Detection Techniques and Applications,Artificial Intelligence,Universidad Nacional Tecnológica de Lima Sur,education,media,"ZEGARRA CHOQUE,FABIO",Masculino,40 a 49,V,5.0,Activo,Reglamento_2021,2022.0,LIMA,Lima y Callao,PERÚ,1,12,2021,2021,Universidad Nacional Tecnológica de Lima Sur,Pública,Aprendizaje automático (general)
P0171521,https://openalex.org/A5047490208,Marco Sotelo Monge,,Advanced Steganography and Watermarking Techniques,Computer Vision and Pattern Recognition,Universidad de Lima,education,alta,"SOTELO MONGE,MARCO ANTONIO",Masculino,40 a 49,III,3.0,VIGENCIA VENCIDA,Reglamento_2018,2020.0,LIMA,Lima y Callao,PERÚ,1,0,2020,2020,Universidad de Lima,Privada,IA aplicada (otros dominios)
P0172357,https://openalex.org/A5076489758,Fernando Sierra-Liñan,https://orcid.org/0000-0002-0687-3377,Augmented Reality Applications|Natural Language Processing Techniques|AI in Service Interactions,Artificial Intelligence,Private University of the North,education,alta,"SIERRA LIÑAN,FERNANDO ALEX",Masculino,40 a 49,III,3.0,Activo,Reglamento_2021,2023.0,LIMA,Lima y Callao,PERÚ,4,54,2022,2023,Universidad Privada del Norte,Privada,Visión computacional
P0173902,https://openalex.org/A5088319882,Diego Guevara,https://orcid.org/0000-0003-0434-3732,Robotic Path Planning Algorithms,Computer Vision and Pattern Recognition,Universidad de Ingeniería y Tecnología,education,media,"PERALTA GUEVARA,DIEGO ELIO",Masculino,30 a 39,III,3.0,Activo,Reglamento_2021,2024.0,APURIMAC,Sur andino (Altiplano),PERÚ,1,4,2022,2022,Universidad de Ingeniería y Tecnología,Privada,Robótica y control
P0174736,https://openalex.org/A5124100405,Nain M. Ramos,,Reinforcement Learning in Robotics,Artificial Intelligence,Universidad San Ignacio de Loyola,education,media,"RAMOS ALVAREZ,NAIN MAXIMO",Masculino,30 a 39,VII,7.0,Activo,Reglamento_2021,2023.0,LIMA,Lima y Callao,PERÚ,1,0,2026,2026,Universidad San Ignacio de Loyola,Privada,Robótica y control
P0176519,https://openalex.org/A5083243777,Stefan Escobar-Agreda,https://orcid.org/0000-0002-8355-4310,Topic Modeling,Artificial Intelligence,National University of San Marcos,education,alta,"ESCOBAR AGREDA,STEFAN ALEXIS",Masculino,30 a 39,V,5.0,Activo,Reglamento_2021,2024.0,LIMA,Lima y Callao,PERÚ,1,2,2025,2025,Universidad Nacional Mayor de San Marcos,Pública,PLN (NLP)
P0176712,https://openalex.org/A5130628414,David Torres,,Topic Modeling,Artificial Intelligence,Universidad de Lima,education,media,"MONCADA TORRES,LUIS DAVID",Masculino,30 a 39,VII,7.0,Activo,Reglamento_2021,2024.0,LA LIBERTAD,Otras regiones,PERÚ,1,0,2025,2025,Universidad de Lima,Privada,PLN (NLP)
P0178201,https://openalex.org/A5092165876,Walter Luis Roldán Baluis,https://orcid.org/0000-0001-9222-3970,Edcuational Technology Systems,Artificial Intelligence,Universidad César Vallejo,education,exacta,"ROLDAN BALUIS,WALTER LUIS",Masculino,50 a 59,VII,7.0,Activo,Reglamento_2021,2024.0,LIMA,Lima y Callao,PERÚ,1,5,2022,2022,Universidad César Vallejo,Privada,IA aplicada (otros dominios)
P0180544,https://openalex.org/A5007144041,Aníbal Alviz-Meza,https://orcid.org/0000-0003-1282-4130,Solar Radiation and Photovoltaics|Geochemistry and Geologic Mapping,Artificial Intelligence,Universidad Señor de Sipán,education,exacta,"ALVIZ MEZA,ANIBAL",Masculino,30 a 39,II,2.0,Activo,Reglamento_2021,2023.0,LIMA,Lima y Callao,PERÚ,3,67,2023,2026,Universidad Señor de Sipán,Privada,IA aplicada (otros dominios)
P0181205,https://openalex.org/A5093710730,Mercedes Huerta-Soto,https://orcid.org/0009-0002-3442-1922,Machine Learning in Healthcare,Artificial Intelligence,Universidad Nacional Santiago Antúnez de Mayolo,education,alta,"HUERTA SOTO,ROSARIO MERCEDES",Femenino,40 a 49,V,5.0,Activo,Reglamento_2021,2022.0,ANCASH,Otras regiones,PERÚ,1,0,2026,2026,Universidad Nacional Santiago Antúnez de Mayolo,Pública,IA en salud
P0183801,https://openalex.org/A5085550173,Marleni Medina-Mendoza,https://orcid.org/0000-0002-8327-9785,Solar Radiation and Photovoltaics,Artificial Intelligence,National University Toribio Rodríguez de Mendoza,education,exacta,"MEDINA MENDOZA,MARLENI",Femenino,30 a 39,V,5.0,Activo,Reglamento_2021,2024.0,AMAZONAS,Otras regiones,PERÚ,1,1,2026,2026,National University Toribio Rodríguez de Mendoza,Otro / no clasificado,IA aplicada (otros dominios)
P0185106,https://openalex.org/A5063386224,Marlon Walter Valderrama Puscán,https://orcid.org/0000-0002-7026-7013,Geochemistry and Geologic Mapping,Artificial Intelligence,Private University of the North,education,exacta,"VALDERRAMA PUSCAN,MARLON WALTER",Masculino,40 a 49,VII,7.0,Activo,Reglamento_2021,2022.0,LA LIBERTAD,Otras regiones,PERÚ,1,1,2022,2022,Universidad Privada del Norte,Privada,IA aplicada (otros dominios)
P0186969,https://openalex.org/A5113208495,José Luis Arias Gonzáles,,AI in cancer detection,Artificial Intelligence,Pontificia Universidad Católica del Perú,education,exacta,"ARIAS GONZALES,JOSE LUIS",Masculino,,II,2.0,Activo,Reglamento_2021,2023.0,NO REGISTRA,Extranjero / no registra,NO REGISTRA,1,75,2023,2023,Pontificia Universidad Católica del Perú,Privada,IA en salud
P0187648,https://openalex.org/A5137808334,Carlos A. Ramos Reyes,,Explainable Artificial Intelligence (XAI),Artificial Intelligence,Antenor Orrego Private University,education,alta,"RAMOS REYES,CARLOS ALBERTO",Masculino,30 a 39,VII,7.0,Activo,Reglamento_2021,2022.0,PIURA,Otras regiones,PERÚ,1,0,2026,2026,Antenor Orrego Private University,Otro / no clasificado,Redes neuronales / Deep Learning
P0191129,https://openalex.org/A5014875445,Edwin Enrique Saavedra Parisaca,https://orcid.org/0000-0001-5040-0385,Advanced Software Engineering Methodologies,Artificial Intelligence,Universidad Nacional de San Agustin de Arequipa,education,exacta,"SAAVEDRA PARISACA,EDWIN ENRIQUE",Masculino,20 a 29,VII,7.0,Activo,Reglamento_2021,2024.0,AREQUIPA,Otras regiones,PERÚ,1,1,2021,2021,Universidad Nacional de San Agustín de Arequipa,Pública,IA aplicada (otros dominios)
P0192280,https://openalex.org/A5061372081,Nicolás Esleyder Caytuiro-Silva,https://orcid.org/0000-0003-1656-396X,Currency Recognition and Detection|Intelligent Tutoring Systems and Adaptive Learning|Cryptographic Implementations and Security,Artificial Intelligence,Catholic University of Santa María,education,exacta,"CAYTUIRO SILVA,NICOLAS ESLEYDER",Masculino,20 a 29,VII,7.0,Activo,Reglamento_2021,2023.0,AREQUIPA,Otras regiones,PERÚ,4,14,2019,2025,Catholic University of Santa María,Otro / no clasificado,Visión computacional
P0194308,https://openalex.org/A5044957374,Ángel Deroncele-Acosta,https://orcid.org/0000-0002-0413-014X,Intelligent Tutoring Systems and Adaptive Learning,Artificial Intelligence,Universidad San Ignacio de Loyola,education,exacta,"DERONCELE ACOSTA,ANGEL",Masculino,30 a 39,II,2.0,Activo,Reglamento_2021,2023.0,LIMA,Lima y Callao,PERÚ,1,239,2024,2024,Universidad San Ignacio de Loyola,Privada,IA en educación
P0197565,https://openalex.org/A5064489357,Saul Beltozar-Clemente,https://orcid.org/0000-0002-3742-6326,Natural Language Processing Techniques,Artificial Intelligence,Universidad Científica del Sur,education,exacta,"BELTOZAR CLEMENTE,SAUL",Masculino,30 a 39,VI,6.0,Activo,Reglamento_2021,2023.0,LIMA,Lima y Callao,PERÚ,1,14,2022,2022,Universidad Científica del Sur,Privada,PLN (NLP)
P0197597,https://openalex.org/A5138048970,Bryan Perez,https://orcid.org/0009-0002-2521-4366,Intelligent Tutoring Systems and Adaptive Learning,Artificial Intelligence,Peruvian University of Applied Sciences,education,media,"MADRIGAL PÉREZ,GLEN BRYAN",Masculino,30 a 39,VII,7.0,Activo,Reglamento_2021,2023.0,PUNO,Sur andino (Altiplano),PERÚ,1,0,2026,2026,Universidad Peruana de Ciencias Aplicadas,Privada,IA en educación
P0197698,https://openalex.org/A5015788016,Karina Acosta-Caipa,https://orcid.org/0000-0003-1872-9062,Geochemistry and Geologic Mapping,Artificial Intelligence,Jorge Basadre Grohmann National University,education,alta,"ACOSTA CAIPA,KARINA YANINA",Femenino,40 a 49,VII,7.0,Activo,Reglamento_2021,2023.0,TACNA,Otras regiones,PERÚ,1,4,2025,2025,Jorge Basadre Grohmann National University,Otro / no clasificado,IA aplicada (otros dominios)
P0202441,https://openalex.org/A5024015981,Edmundo A. Miranda,https://orcid.org/0000-0003-1838-3292,Image and Signal Denoising Methods,Computer Vision and Pattern Recognition,Pontificia Universidad Católica del Perú,education,media,"VEREAU MIRANDA,EDMUNDO",Masculino,40 a 49,VII,7.0,Activo,Reglamento_2021,2023.0,LIMA,Lima y Callao,PERÚ,2,2,2023,2024,Pontificia Universidad Católica del Perú,Privada,Visión computacional
P0204882,https://openalex.org/A5092037407,Yudi Guzmán-Monteza,,Explainable Artificial Intelligence (XAI)|Advanced Neural Network Applications,Artificial Intelligence,National University of San Marcos,education,alta,"GUZMAN MONTEZA,YUDI LUCERO",Femenino,40 a 49,VII,7.0,Activo,Reglamento_2021,2024.0,LIMA,Lima y Callao,PERÚ,2,1,2023,2025,Universidad Nacional Mayor de San Marcos,Pública,Redes neuronales / Deep Learning
P0206340,https://openalex.org/A5042237130,S G María Hernández,https://orcid.org/0000-0003-3797-1372,Reinforcement Learning in Robotics,Artificial Intelligence,Universidad San Ignacio de Loyola,education,media,"SALCEDO HERNANDEZ,JOSE MARIA FERNANDO",Masculino,40 a 49,VII,7.0,Activo,Reglamento_2021,2024.0,ICA,Otras regiones,PERÚ,1,0,2026,2026,Universidad San Ignacio de Loyola,Privada,Robótica y control
P0206769,https://openalex.org/A5022571253,Joselyn Zapata-Paulini,https://orcid.org/0000-0002-4500-5249,Augmented Reality Applications|Natural Language Processing Techniques|Sentiment Analysis and Opinion Mining,Computer Vision and Pattern Recognition,Universidad Continental,education,alta,"ZAPATA PAULINI,JOSELYN ESTHER",Femenino,20 a 29,VII,7.0,Activo,Reglamento_2021,2023.0,LIMA,Lima y Callao,PERÚ,5,73,2019,2023,Universidad Continental,Privada,Visión computacional
P0207486,https://openalex.org/A5004432111,Heyul Chavez,https://orcid.org/0000-0001-9415-2782,Optical measurement and interference techniques,Computer Vision and Pattern Recognition,Peruvian University of Applied Sciences,education,media,"CHAVEZ ARIAS,JORGE HEYUL",Masculino,30 a 39,VII,7.0,Activo,Reglamento_2021,2023.0,LIMA,Lima y Callao,PERÚ,1,0,2019,2019,Universidad Peruana de Ciencias Aplicadas,Privada,IA aplicada (otros dominios)
P0213227,https://openalex.org/A5074212461,Martín Valdivia,https://orcid.org/0000-0003-3604-4307,Data Analysis with R|Advanced Neural Network Applications,Artificial Intelligence,Group for the Analysis of Development,nonprofit,media,"VALDIVIA HUARINGA,JOSE MARTIN",Masculino,60 a 69,III,3.0,Activo,Reglamento_2021,2023.0,LIMA,Lima y Callao,PERÚ,3,0,2018,2019,Group for the Analysis of Development,Otro / no clasificado,IA aplicada (otros dominios)
P0214213,https://openalex.org/A5091489915,Alejandro Valencia-Arías,https://orcid.org/0000-0001-9434-6923,AI in Service Interactions|Organizational and Employee Performance,Artificial Intelligence,Universidad Señor de Sipán,education,alta,"VALENCIA ARIAS,JHOANY ALEJANDRO",Masculino,30 a 39,Distinguido,0.0,Activo,Reglamento_2021,2022.0,LIMA,Lima y Callao,PERÚ,3,14,2023,2025,Universidad Señor de Sipán,Privada,IA aplicada (otros dominios)
P0216481,https://openalex.org/A5040623855,Elia Ramírez-Asís,https://orcid.org/0000-0002-2829-5395,Organizational and Employee Performance,Artificial Intelligence,Universidad César Vallejo,education,alta,"RAMIREZ ASIS,ELIA ESPERANZA",Femenino,50 a 59,VII,7.0,Activo,Reglamento_2021,2022.0,ANCASH,Otras regiones,PERÚ,1,22,2021,2021,Universidad César Vallejo,Privada,IA aplicada (otros dominios)
P0218009,https://openalex.org/A5108407038,Sergio Sánchez,https://orcid.org/0009-0000-2480-436X,Privacy-Preserving Technologies in Data,Artificial Intelligence,University of Piura,education,media,"VIDAL SANCHEZ,RICARDO SERGIO ADOLFO",Masculino,30 a 39,VII,7.0,Activo,Reglamento_2021,2023.0,CALLAO,Lima y Callao,PERÚ,1,6,2023,2023,University of Piura,Otro / no clasificado,IA aplicada (otros dominios)
P0220665,https://openalex.org/A5037922686,Lloy Pinedo,https://orcid.org/0000-0002-5569-8739,AI in cancer detection|Machine Learning in Healthcare|Handwritten Text Recognition Techniques,Artificial Intelligence,Universidad Norbert Wiener,education,media,"PINEDO TUANAMA,LLOY POOL",Masculino,20 a 29,VII,7.0,Activo,Reglamento_2021,2022.0,SAN MARTIN,Otras regiones,PERÚ,4,7,2024,2026,Universidad Norbert Wiener,Privada,IA en salud
P0228827,https://openalex.org/A5061671649,Pablo C. Calcina-Ccori,https://orcid.org/0000-0002-6241-3092,Topic Modeling|Context-Aware Activity Recognition Systems,Artificial Intelligence,Universidad Nacional de San Agustin de Arequipa,education,alta,"CALCINA CCORI,PABLO CESAR",Masculino,40 a 49,VI,6.0,VIGENCIA VENCIDA,Reglamento_2018,2021.0,AREQUIPA,Otras regiones,PERÚ,2,4,2022,2025,Universidad Nacional de San Agustín de Arequipa,Pública,PLN (NLP)
P0231036,https://openalex.org/A5093466588,Sebastián Ramos-Cosi,https://orcid.org/0000-0002-5284-3291,AI in Service Interactions,Artificial Intelligence,Universidad de Ciencias y Humanidades,education,alta,"RAMOS COSI,SEBASTIAN JUNIORS",Masculino,20 a 29,V,5.0,Activo,Reglamento_2021,2024.0,AREQUIPA,Otras regiones,PERÚ,2,1,2025,2025,Universidad de Ciencias y Humanidades,Privada,IA aplicada (otros dominios)
P0231167,https://openalex.org/A5064043085,Betty Valencia-Anci,,Augmented Reality Applications,Computer Vision and Pattern Recognition,Universidad Nacional de San Agustin de Arequipa,education,alta,"VALENCIA ANCI,BETTY KATTY",Femenino,50 a 59,VII,7.0,Activo,Reglamento_2021,2022.0,AREQUIPA,Otras regiones,PERÚ,1,6,2022,2022,Universidad Nacional de San Agustín de Arequipa,Pública,Visión computacional
P0232323,https://openalex.org/A5010268870,Fabrizio García Gutiérrez,https://orcid.org/0000-0003-0869-6084,Robotic Path Planning Algorithms,Computer Vision and Pattern Recognition,Catholic University of Santa María,education,alta,"GARCIA GUTIERREZ,FABRIZIO MARTIN",Masculino,20 a 29,VII,7.0,Activo,Reglamento_2021,2023.0,LA LIBERTAD,Otras regiones,PERÚ,1,1,2022,2022,Catholic University of Santa María,Otro / no clasificado,Robótica y control
P0234398,https://openalex.org/A5091421521,Lilian Ocares-Cunyarachi,https://orcid.org/0000-0001-6924-4626,Augmented Reality Applications,Computer Vision and Pattern Recognition,Universidad de Ciencias y Humanidades,education,alta,"OCARES CUNYARACHI,LILIAN JUDITH",Femenino,20 a 29,VII,7.0,Activo,Reglamento_2021,2024.0,CALLAO,Lima y Callao,PERÚ,1,5,2020,2020,Universidad de Ciencias y Humanidades,Privada,Visión computacional
P0235433,https://openalex.org/A5121825155,Liz Pacheco-Pumaleque,,AI in Service Interactions,Artificial Intelligence,Universidad San Ignacio de Loyola,education,alta,"PACHECO PUMALEQUE,LIZ BENI",Femenino,30 a 39,VI,6.0,Activo,Reglamento_2021,2024.0,LIMA,Lima y Callao,PERÚ,1,0,2026,2026,Universidad San Ignacio de Loyola,Privada,IA aplicada (otros dominios)
P0239587,https://openalex.org/A5101715779,Brayan Aguilar,,Context-Aware Activity Recognition Systems,Computer Vision and Pattern Recognition,Universidad Continental,education,media,"ATOCCSA AGUILAR,BRAYAN ANDERSON",Masculino,30 a 39,VII,7.0,Activo,Reglamento_2021,2024.0,ICA,Otras regiones,PERÚ,1,1,2023,2023,Universidad Continental,Privada,Visión computacional
P0242037,https://openalex.org/A5087808502,Luis M. Acuña-Chávez,https://orcid.org/0000-0003-3953-6446,AI in cancer detection,Artificial Intelligence,National University of Trujillo,education,alta,"ACUÑA CHAVEZ,LUIS MIGUEL",Masculino,20 a 29,VII,7.0,Activo,Reglamento_2021,2024.0,LA LIBERTAD,Otras regiones,PERÚ,1,4,2024,2024,Universidad Nacional de Trujillo,Pública,IA en salud
P0246985,https://openalex.org/A5084342657,Erick Oswaldo Gamboa Tolentino,https://orcid.org/0000-0001-6926-351X,Anomaly Detection Techniques and Applications,Artificial Intelligence,Universidad Continental,education,exacta,"GAMBOA TOLENTINO,ERICK OSWALDO",Masculino,20 a 29,VII,7.0,Activo,Reglamento_2021,2023.0,JUNIN,Otras regiones,PERÚ,1,1,2023,2023,Universidad Continental,Privada,Aprendizaje automático (general)
P0247447,https://openalex.org/A5036103916,Yoisdel Castillo Álvarez,https://orcid.org/0000-0001-8105-6206,Solar Radiation and Photovoltaics,Artificial Intelligence,Universidad Tecnológica del Perú,education,exacta,"CASTILLO ALVAREZ,YOISDEL",Masculino,30 a 39,VII,7.0,Activo,Reglamento_2021,2022.0,LIMA,Lima y Callao,PERÚ,1,0,2026,2026,Universidad Tecnológica del Perú,Privada,IA aplicada (otros dominios)
P0253211,https://openalex.org/A5077234544,Mardel Morales-García,https://orcid.org/0000-0002-6413-1072,AI in Service Interactions,Artificial Intelligence,Universidad Peruana Unión,education,alta,"MORALES GARCÍA,WILTER EYVI MARDEL",Masculino,30 a 39,V,5.0,Activo,Reglamento_2021,2024.0,LIMA,Lima y Callao,PERÚ,1,9,2025,2025,Universidad Peruana Unión,Privada,IA aplicada (otros dominios)
P0254364,https://openalex.org/A5087695459,Germán Huayna,https://orcid.org/0000-0002-4518-1023,Geochemistry and Geologic Mapping,Artificial Intelligence,Jorge Basadre Grohmann National University,education,media,"HUAYNA FELIPE,GERMAN",Masculino,30 a 39,VII,7.0,Activo,Reglamento_2021,2023.0,TACNA,Otras regiones,PERÚ,1,4,2025,2025,Jorge Basadre Grohmann National University,Otro / no clasificado,IA aplicada (otros dominios)
P0254853,https://openalex.org/A5101196781,Luis Bravo,https://orcid.org/0000-0002-2495-8278,Speech and dialogue systems,Artificial Intelligence,National University of San Marcos,education,media,"ARELLAN BRAVO,LUIS JESUS",Masculino,30 a 39,VII,7.0,Activo,Reglamento_2021,2024.0,LIMA,Lima y Callao,PERÚ,1,12,2025,2025,Universidad Nacional Mayor de San Marcos,Pública,PLN (NLP)
P0255050,https://openalex.org/A5011191028,Omer Cruz,https://orcid.org/0000-0001-5664-3222,AI in Service Interactions,Artificial Intelligence,National University Toribio Rodríguez de Mendoza,education,media,"CRUZ CARO,OMER",Masculino,30 a 39,VI,6.0,Activo,Reglamento_2021,2024.0,AMAZONAS,Otras regiones,PERÚ,1,0,2026,2026,National University Toribio Rodríguez de Mendoza,Otro / no clasificado,IA aplicada (otros dominios)
P0255331,https://openalex.org/A5043620431,Andrews A. Erazo-Rondinel,https://orcid.org/0000-0002-5639-573X,Solar Radiation and Photovoltaics,Artificial Intelligence,Universidad Continental,education,alta,"ERAZO RONDINEL,ANDREWS ALEXANDER",Masculino,30 a 39,VII,7.0,Activo,Reglamento_2021,2022.0,LIMA,Lima y Callao,PERÚ,1,1,2023,2023,Universidad Continental,Privada,IA aplicada (otros dominios)
P0259294,https://openalex.org/A5092710141,Francisco de Jesús Guevara-Soto,https://orcid.org/0000-0003-4441-6078,Video Surveillance and Tracking Methods,Computer Vision and Pattern Recognition,Universidad Privada de Tacna,education,exacta,"GUEVARA SOTO,FRANCISCO DE JESUS",Masculino,20 a 29,VII,7.0,Activo,Reglamento_2021,2023.0,TACNA,Otras regiones,PERÚ,1,0,2023,2023,Universidad Privada de Tacna,Privada,Visión computacional
P0271165,https://openalex.org/A5062366562,Rafael Romero-Carazas,https://orcid.org/0000-0001-8909-7782,Imbalanced Data Classification Techniques,Artificial Intelligence,Universidad Tecnológica del Perú,education,exacta,"ROMERO CARAZAS,RAFAEL",Masculino,30 a 39,III,3.0,Activo,Reglamento_2021,2024.0,AREQUIPA,Otras regiones,PERÚ,1,9,2024,2024,Universidad Tecnológica del Perú,Privada,Aprendizaje automático (general)
P0281634,https://openalex.org/A5065816020,Alberto Guevara Tirado,https://orcid.org/0000-0001-7536-7884,Fuzzy Logic and Control Systems,Artificial Intelligence,Universidad Científica del Sur,education,exacta,"GUEVARA TIRADO,ALBERTO",Masculino,30 a 39,VII,7.0,Activo,Reglamento_2021,2023.0,LIMA,Lima y Callao,PERÚ,3,0,2025,2025,Universidad Científica del Sur,Privada,Robótica y control
P0283546,https://openalex.org/A5032209589,Sphyros Lastra,https://orcid.org/0000-0001-9017-0852,Geochemistry and Geologic Mapping,Artificial Intelligence,Instituto Nacional de Innovación Agraria|Universidad Nacional Agraria La Molina,government|education,media,"LASTRA PAUCAR,SPHYROS ROOMEL-LUCIANO",Masculino,30 a 39,VII,7.0,Activo,Reglamento_2021,2024.0,LIMA,Lima y Callao,PERÚ,1,6,2024,2024,Instituto Nacional de Innovación Agraria|Universidad Nacional Agraria La Molina,Pública,IA aplicada (otros dominios)
P0286267,https://openalex.org/A5023405582,Wilson Antony Mamani Machaca,,Solar Radiation and Photovoltaics|Advanced Neural Network Applications,Artificial Intelligence,Universidad Nacional del Altiplano,education,exacta,"MAMANI MACHACA,WILSON ANTONY",Masculino,20 a 29,VII,7.0,Activo,Reglamento_2021,2022.0,PUNO,Sur andino (Altiplano),PERÚ,2,10,2021,2021,Universidad Nacional del Altiplano (Puno),Pública,IA aplicada (otros dominios)
P0291469,https://openalex.org/A5054937454,Eliana M. Ibarra-Cabrera,,Augmented Reality Applications,Computer Vision and Pattern Recognition,National University of Saint Anthony the Abbot in Cuzco,education,alta,"IBARRA CABRERA,ELIANA MAGDA",Femenino,30 a 39,VII,7.0,Activo,Reglamento_2021,2023.0,CUSCO,Sur andino (Altiplano),PERÚ,1,1,2021,2021,Universidad Nacional de San Antonio Abad del Cusco,Pública,Visión computacional
P0295989,https://openalex.org/A5024304190,Mohamed Mousa,https://orcid.org/0000-0002-8720-1088,Organizational and Employee Performance,Artificial Intelligence,Pontificia Universidad Católica del Perú,education,exacta,"MOUSA ,MOHAMED",Masculino,30 a 39,I,1.0,Activo,Reglamento_2021,2022.0,LIMA,Lima y Callao,PERÚ,1,5,2024,2024,Pontificia Universidad Católica del Perú,Privada,IA aplicada (otros dominios)
P0302808,https://openalex.org/A5035049963,Milagros Becerra,https://orcid.org/0000-0003-3581-7195,Geochemistry and Geologic Mapping,Artificial Intelligence,Asociación para la Conservación de la Cuenca Amazónica,nonprofit,media,"BUSTAMANTE BECERRA,GUISELLA DE LOS MILAGROS",Femenino,40 a 49,VII,7.0,Activo,Reglamento_2021,2023.0,TACNA,Otras regiones,PERÚ,1,1,2023,2023,Asociación para la Conservación de la Cuenca Amazónica,Otro / no clasificado,IA aplicada (otros dominios)
P0307148,https://openalex.org/A5003455110,Meyluz Monica Paico Campos,https://orcid.org/0000-0002-9839-6562,AI in Service Interactions,Artificial Intelligence,Universidad de Ciencias y Humanidades,education,exacta,"PAICO CAMPOS,MEYLUZ MONICA",Femenino,20 a 29,VII,7.0,Activo,Reglamento_2021,2023.0,CALLAO,Lima y Callao,PERÚ,3,2,2025,2026,Universidad de Ciencias y Humanidades,Privada,IA aplicada (otros dominios)
P0309187,https://openalex.org/A5110573428,Diego Mariños,,Context-Aware Activity Recognition Systems,Computer Vision and Pattern Recognition,Universidad Nacional del Santa,education,media,"MARIÑOS ROSADO,DIEGO JHOVANNY",Masculino,30 a 39,VI,6.0,Activo,Reglamento_2021,2024.0,ANCASH,Otras regiones,PERÚ,1,0,2017,2017,Universidad Nacional del Santa,Pública,Visión computacional
P0312698,https://openalex.org/A5038287278,Evelyn Eliana Coaquira-Flores,https://orcid.org/0000-0003-1426-7040,Bayesian Methods and Mixture Models,Artificial Intelligence,Universidad Nacional del Altiplano,education,exacta,"COAQUIRA FLORES,EVELYN ELIANA",Femenino,20 a 29,VII,7.0,Activo,Reglamento_2021,2023.0,PUNO,Sur andino (Altiplano),PERÚ,1,0,2024,2024,Universidad Nacional del Altiplano (Puno),Pública,IA aplicada (otros dominios)
P0315394,https://openalex.org/A5013205122,Paul Palacios,https://orcid.org/0000-0003-4830-0099,Geochemistry and Geologic Mapping,Artificial Intelligence,Universidad Nacional del Callao,education,media,"PALACIOS PAREDES,VICTOR PAUL",Masculino,30 a 39,VII,7.0,Activo,Reglamento_2021,2023.0,LAMBAYEQUE,Otras regiones,PERÚ,1,0,2023,2023,Universidad Nacional del Callao,Pública,IA aplicada (otros dominios)
P0315918,https://openalex.org/A5118837016,Miguel Angel Cancharí Preciado,,Organizational and Employee Performance,Artificial Intelligence,Universidad César Vallejo,education,exacta,"CANCHARI PRECIADO,MIGUEL ANGEL",Masculino,30 a 39,V,5.0,Activo,Reglamento_2021,2024.0,NO REGISTRA,Extranjero / no registra,PERÚ,1,1,2025,2025,Universidad César Vallejo,Privada,IA aplicada (otros dominios)
P0316334,https://openalex.org/A5054654234,Juan Kenyhy Hancco Quispe,,Solar Radiation and Photovoltaics,Artificial Intelligence,Universidad Nacional del Altiplano,education,exacta,"HANCCO QUISPE,JUAN KENYHY",Masculino,20 a 29,VII,7.0,Activo,Reglamento_2021,2024.0,PUNO,Sur andino (Altiplano),PERÚ,1,0,2023,2023,Universidad Nacional del Altiplano (Puno),Pública,IA aplicada (otros dominios)
P0316336,https://openalex.org/A5092912436,Jordan Piero Borda Colque,https://orcid.org/0000-0001-5118-176X,Sentiment Analysis and Opinion Mining|Solar Radiation and Photovoltaics,Artificial Intelligence,Universidad Nacional del Altiplano,education,exacta,"BORDA COLQUE,JORDAN PIERO",Masculino,20 a 29,IV,4.0,Activo,Reglamento_2021,2024.0,PUNO,Sur andino (Altiplano),PERÚ,2,17,2023,2023,Universidad Nacional del Altiplano (Puno),Pública,PLN (NLP)
P0316353,https://openalex.org/A5092647669,Benicio Gonzalo Acosta Enríquez,https://orcid.org/0000-0002-9591-861X,AI in Service Interactions,Artificial Intelligence,National University of Trujillo,education,exacta,"ACOSTA ENRIQUEZ,BENICIO GONZALO",Masculino,20 a 29,VII,7.0,Activo,Reglamento_2021,2024.0,LA LIBERTAD,Otras regiones,PERÚ,3,121,2024,2025,Universidad Nacional de Trujillo,Pública,IA aplicada (otros dominios)
P0316597,https://openalex.org/A5009510609,Yefer Andersson Mamani Chambi,,Solar Radiation and Photovoltaics,Artificial Intelligence,Universidad Nacional del Altiplano,education,exacta,"MAMANI CHAMBI,YEFER ANDERSSON",Masculino,20 a 29,VII,7.0,Activo,Reglamento_2021,2023.0,PUNO,Sur andino (Altiplano),PERÚ,1,0,2023,2023,Universidad Nacional del Altiplano (Puno),Pública,IA aplicada (otros dominios)
P0319681,https://openalex.org/A5084874573,Jairo Jhonatan Marquina Araujo,https://orcid.org/0000-0002-5880-8227,Geochemistry and Geologic Mapping,Artificial Intelligence,National University of Trujillo,education,exacta,"MARQUINA ARAUJO,JAIRO JHONATAN",Masculino,20 a 29,VII,7.0,Activo,Reglamento_2021,2024.0,LA LIBERTAD,Otras regiones,PERÚ,8,32,2025,2026,Universidad Nacional de Trujillo,Pública,IA aplicada (otros dominios)
P0320181,https://openalex.org/A5109019835,Hugo Ticona-Salluca,,Geochemistry and Geologic Mapping,Artificial Intelligence,Universidad Nacional del Altiplano,education,exacta,"TICONA SALLUCA,HUGO",Masculino,20 a 29,VII,7.0,Activo,Reglamento_2021,2023.0,PUNO,Sur andino (Altiplano),PERÚ,1,0,2024,2024,Universidad Nacional del Altiplano (Puno),Pública,IA aplicada (otros dominios)
P0321515,https://openalex.org/A5114777283,Javier Vera Zúñiga,,Image Processing and 3D Reconstruction,Computer Vision and Pattern Recognition,Pontificia Universidad Católica del Perú,education,alta,"VERA ZÚÑIGA,JAVIER MAXIMILIANO",Masculino,40 a 49,IV,4.0,Activo,Reglamento_2021,2023.0,LIMA,Lima y Callao,PERÚ,1,1,2024,2024,Pontificia Universidad Católica del Perú,Privada,Visión computacional
P0323840,https://openalex.org/A5033685266,Liset Z. Sairitupa-Sanchez,https://orcid.org/0000-0003-0555-091X,AI in Service Interactions,Artificial Intelligence,Universidad Peruana Unión,education,alta,"SAIRITUPA SANCHEZ,LISET ZENAIDA",Femenino,20 a 29,V,5.0,Activo,Reglamento_2021,2024.0,LIMA,Lima y Callao,PERÚ,1,9,2025,2025,Universidad Peruana Unión,Privada,IA aplicada (otros dominios)
P0324321,https://openalex.org/A5068797827,Sergio E. Calizaya-Milla,https://orcid.org/0000-0002-0585-1440,Sentiment Analysis and Opinion Mining,Artificial Intelligence,Universidad Peruana Unión,education,alta,"CALIZAYA MILLA,SERGIO ELVIS",Masculino,30 a 39,VII,7.0,Activo,Reglamento_2021,2023.0,LIMA,Lima y Callao,PERÚ,1,0,2026,2026,Universidad Peruana Unión,Privada,PLN (NLP)
P0326263,https://openalex.org/A5092021996,David Rondon,,Advanced Neural Network Applications,Computer Vision and Pattern Recognition,Universidad Continental,education,media,"RONDON CACERES,DAVID SIXTO",Masculino,50 a 59,VI,6.0,Activo,Reglamento_2021,2023.0,AREQUIPA,Otras regiones,PERÚ,1,5,2023,2023,Universidad Continental,Privada,Redes neuronales / Deep Learning
P0326943,https://openalex.org/A5101280885,Julie Catherine Arbulú Castillo,https://orcid.org/0000-0002-4261-0478,AI in Service Interactions,Artificial Intelligence,Universidad César Vallejo,education,exacta,"ARBULU CASTILLO,JULIE CATHERINE",Femenino,20 a 29,VII,7.0,Activo,Reglamento_2021,2024.0,LAMBAYEQUE,Otras regiones,PERÚ,1,20,2025,2025,Universidad César Vallejo,Privada,IA aplicada (otros dominios)
P0327130,https://openalex.org/A5101241991,Oscar Gonzalo Apaza Pérez,,Neural Networks and Applications,Artificial Intelligence,Universidad Nacional del Altiplano,education,exacta,"APAZA PEREZ,OSCAR GONZALO",Masculino,40 a 49,VI,6.0,Activo,Reglamento_2021,2024.0,PUNO,Sur andino (Altiplano),PERÚ,1,0,2024,2024,Universidad Nacional del Altiplano (Puno),Pública,Redes neuronales / Deep Learning
P0330367,https://openalex.org/A5070606779,Lucía Palacios-Moya,https://orcid.org/0000-0003-3891-0862,AI in Service Interactions,Artificial Intelligence,Universidad Señor de Sipán,education,exacta,"PALACIOS MOYA,LUCIA",Femenino,30 a 39,V,5.0,Activo,Reglamento_2021,2023.0,RESIDE EN EXTRANJERO,Extranjero / no registra,COLOMBIA,1,0,2025,2025,Universidad Señor de Sipán,Privada,IA aplicada (otros dominios)
P0345413,https://openalex.org/A5072917030,Aly Auccahuasi,https://orcid.org/0000-0001-5069-0415,Augmented Reality Applications|Organizational and Employee Performance,Computer Vision and Pattern Recognition,Universidad Continental,education,media,"AUCCAHUASI GINOCCHIO,ALY FARES",Masculino,,VII,7.0,Activo,Reglamento_2021,2023.0,LIMA,Lima y Callao,PERÚ,3,0,2024,2026,Universidad Continental,Privada,Visión computacional
P0345747,https://openalex.org/A5007775640,Juan Gabriel Benito Zuñiga,https://orcid.org/0000-0002-2573-9966,Anomaly Detection Techniques and Applications,Artificial Intelligence,Universidad Continental,education,exacta,"BENITO ZUÑIGA,JUAN GABRIEL",Masculino,20 a 29,VII,7.0,Activo,Reglamento_2021,2023.0,JUNIN,Otras regiones,PERÚ,1,1,2023,2023,Universidad Continental,Privada,Aprendizaje automático (general)
P0348559,https://openalex.org/A5076197643,Darvin Manuel Ramírez Guerra,https://orcid.org/0000-0002-0309-9582,Cognitive Science and Mapping,Artificial Intelligence,Universidad de San Martín de Porres,education,exacta,"RAMÍREZ GUERRA,DARVIN MANUEL",Masculino,40 a 49,VI,6.0,Activo,Reglamento_2021,2023.0,RESIDE EN EXTRANJERO,Extranjero / no registra,CUBA,1,0,2024,2024,Universidad de San Martín de Porres,Privada,IA aplicada (otros dominios)
P0354483,https://openalex.org/A5027802981,Rubén Ruíz,https://orcid.org/0000-0003-3295-3888,AI in cancer detection,Artificial Intelligence,Esan University,education,media,"RUIZ PAREJAS,RUBEN ANGEL",Masculino,40 a 49,VII,7.0,Activo,Reglamento_2021,2024.0,JUNIN,Otras regiones,PERÚ,2,0,2024,2025,Esan University,Otro / no clasificado,IA en salud
P0361841,https://openalex.org/A5092995537,Isai Luis Ypanaque-Pereira,https://orcid.org/0009-0006-5152-3444,Video Surveillance and Tracking Methods,Computer Vision and Pattern Recognition,Jorge Basadre Grohmann National University,education,exacta,"YPANAQUE PEREIRA,ISAI LUIS",Masculino,20 a 29,VII,7.0,Activo,Reglamento_2021,2023.0,TACNA,Otras regiones,PERÚ,1,0,2023,2023,Jorge Basadre Grohmann National University,Otro / no clasificado,Visión computacional
P0367180,https://openalex.org/A5092647270,Jair M. Pérez-Aguilar,,Augmented Reality Applications,Computer Vision and Pattern Recognition,Universidad Tecnológica del Perú,education,alta,"PEREZ AGUILAR,JAIR MIGUEL",Masculino,20 a 29,VII,7.0,Activo,Reglamento_2021,2024.0,CAJAMARCA,Otras regiones,PERÚ,1,0,2025,2025,Universidad Tecnológica del Perú,Privada,Visión computacional
P0370225,https://openalex.org/A5115601745,Axel Zevallos-Aquije,https://orcid.org/0000-0001-9293-8589,AI in cancer detection,Artificial Intelligence,Universidad César Vallejo,education,alta,"ZEVALLOS AQUIJE,AXEL JAVIER",Masculino,20 a 29,VII,7.0,Activo,Reglamento_2021,2024.0,LIMA,Lima y Callao,PERÚ,1,0,2026,2026,Universidad César Vallejo,Privada,IA en salud
